,min,max,mean,med,std,label,Unnamed: 0,min,max,mean,med,std,label
0,-341.1362278164487,-263.8245246189378,-290.81147751800154,-274.1764927312205,31.550814558237697,AF,0.0,-100.0,-100.0,-100.0,-100.0,-100.0,AF
1,-241.0780896556067,-172.60934111202374,-217.2393760410856,-232.0950931800426,27.841340013379806,AF,1.0,0.8,0.9,0.8500000000000001,0.8500000000000001,0.0707106781186547,AF
2,-143.86719496284113,-113.53301300684365,-124.11921780407953,-117.62450198940294,12.32127283547606,AF,2.0,-100.0,-100.0,-100.0,-100.0,-100.0,AF
3,-178.4180960264922,-42.93903692745562,-90.175157610337,-60.99884721907723,55.055514576870216,AF,3.0,-100.0,-100.0,-100.0,-100.0,-100.0,AF
4,-751.1870891806433,318.30275781965247,-54.44658929094269,176.74115761304114,434.7386768497811,N,4.0,-100.0,-100.0,-100.0,-100.0,-100.0,AF
5,-390.2992273627858,-345.10538319375763,-374.6121963791501,-383.5996109947421,18.308660186506074,AF,5.0,0.6,0.7,0.6499999999999999,0.6499999999999999,0.0707106781186547,AF
6,-244.917676217827,-223.4720203987141,-237.43598762608772,-242.13693353683564,8.73310992604515,AF,6.0,-100.0,-100.0,-100.0,-100.0,-100.0,AF
7,-165.00129707034176,-137.6101928041103,-147.1696914418472,-141.4097813693575,11.11700651705772,AF,7.0,-100.0,-100.0,-100.0,-100.0,-100.0,AF
8,-188.114939531998,-58.81671254512288,-103.88965929453389,-76.0584849657487,52.54646746040388,AF,8.0,-100.0,-100.0,-100.0,-100.0,-100.0,AF
9,-742.6761557105142,307.9443937044661,-58.21296757464869,168.54596160931442,427.03762097686325,N,9.0,-100.0,-100.0,-100.0,-100.0,-100.0,AF
10,-386.3012092704174,-348.8815658168608,-361.9884287118219,-354.2944893578533,15.349427505456353,AF,10.0,-100.0,-100.0,-100.0,-100.0,-100.0,AF
11,-139.9496235663393,-132.8552925205087,-135.3405349321054,-133.8611146243047,2.8763105955951187,AF,11.0,-100.0,-100.0,-100.0,-100.0,-100.0,AF
12,-597.8735698114674,224.01299143290527,-62.37010235439924,113.39518949013303,333.8982670109284,N,12.0,0.818,1.016,0.917,0.917,0.1400071426749364,AF
13,-415.8042402515622,-207.30148495138985,-279.99037589215243,-234.29277966932048,84.9314323650934,AF,13.0,-31839.066,1.6,-4547.731714285714,0.7,12034.347257735497,PVC
14,-260.66984731314864,-182.169796063388,-233.3417655159201,-250.44501630961545,31.923392023861947,AF,14.0,-100.0,-100.0,-100.0,-100.0,-100.0,AF
15,-157.3998973438006,-109.65681615487212,-126.3261116292063,-116.43998912781532,19.35803958967792,AF,15.0,0.6,0.8,0.7,0.7,0.1414213562373095,AF
16,-623.287436575589,215.73359229011868,-76.68276745897545,105.57146979591091,341.15048374508206,N,16.0,0.7,0.8,0.75,0.75,0.0707106781186548,AF
17,-374.0102304217952,-222.90639316155972,-321.40766482539584,-353.9677484505855,61.424379867454974,AF,17.0,-100.0,-100.0,-100.0,-100.0,-100.0,PVC
18,-181.92283769174543,-145.8784561127027,-169.36936880993505,-177.10160818496223,14.645635891655886,AF,18.0,0.6,0.6,0.6,0.6,0.0,AF
19,-528.4486079316226,156.786466109518,-81.99715150915438,64.28914305257179,278.34999884213767,N,19.0,-100.0,-100.0,-100.0,-100.0,-100.0,AF
20,-376.6147455236649,-195.97194474779425,-258.93702033053614,-219.3527480117776,73.58401744806963,AF,20.0,0.8,0.8,0.8,0.8,0.0,AF
21,-225.14114172514223,-193.7505885898882,-214.2155631803128,-220.98521213666032,12.758525640694025,AF,21.0,-100.0,-100.0,-100.0,-100.0,-100.0,AF
22,-329.7863086301936,-283.52474884929893,-313.73458852017933,-322.48792262830614,18.702416915988422,AF,22.0,0.8,1.4,1.0777777777777775,1.0,0.2333333333333333,PVC
23,-240.18822408356368,-128.03034267275032,-201.1099163720558,-225.3987239201016,45.597396992682526,AF,23.0,0.7,0.7,0.7,0.7,0.0,AF
24,-125.2031246491596,-82.91568703318744,-97.65486335418524,-88.70503898519259,17.169026002796677,AF,24.0,-100.0,-100.0,-100.0,-100.0,-100.0,AF
25,-141.44027952998826,-39.06933068970128,-74.74943576115639,-52.62108565840082,41.61105149398389,AF,25.0,-100.0,-100.0,-100.0,-100.0,-100.0,AF
26,-746.5920670191945,343.73278246314794,-36.20353032818348,197.5966579663873,443.0206656548015,N,26.0,-100.0,-100.0,-100.0,-100.0,-100.0,AF
27,-447.61666954721335,-311.3344685641136,-358.877117371037,-329.5426132103753,55.62590188550306,AF,27.0,-100.0,-100.0,-100.0,-100.0,-100.0,AF
28,-327.38306252536546,-188.7987942418137,-279.10563639183243,-309.2469635193255,56.355447513375104,AF,28.0,-100.0,-100.0,-100.0,-100.0,-100.0,AF
29,-516.4973967784737,76.11177669717848,-130.3802015572443,-4.351810189185431,240.67600837561,N,29.0,0.667,0.999,0.833,0.833,0.2347594513539337,AF
30,-272.93854972656163,-269.89211655644965,-271.65488574516246,-272.0098308971173,1.247674917081282,AF,30.0,-100.0,-100.0,-100.0,-100.0,-100.0,AF
31,-195.0795062774405,-154.52440969237645,-180.97224933523503,-189.87561970687625,16.522194628703122,AF,31.0,-100.0,-100.0,-100.0,-100.0,-100.0,AF
32,-200.04758039330284,-62.77606604339968,-110.68655659366148,-81.86488420415708,55.69891506138182,AF,32.0,0.6,0.7,0.6499999999999999,0.6499999999999999,0.0707106781186547,AF
33,-329.7863086301936,-283.52474884929893,-313.73458852017933,-322.48792262830614,18.702416915988422,AF,33.0,-100.0,-100.0,-100.0,-100.0,-100.0,AF
34,-240.18822408356368,-128.03034267275032,-201.1099163720558,-225.3987239201016,45.597396992682526,AF,34.0,0.6,0.8,0.7,0.7,0.1414213562373095,AF
35,-125.2031246491596,-82.91568703318744,-97.65486335418524,-88.70503898519259,17.169026002796677,AF,35.0,0.6,0.7,0.6499999999999999,0.6499999999999999,0.0707106781186547,AF
36,-141.44027952998826,-39.06933068970128,-74.74943576115639,-52.62108565840082,41.61105149398389,AF,36.0,-100.0,-100.0,-100.0,-100.0,-100.0,AF
37,-746.5920670191945,343.73278246314794,-36.20353032818348,197.5966579663873,443.0206656548015,N,37.0,-100.0,-100.0,-100.0,-100.0,-100.0,AF
38,-447.61666954721335,-311.3344685641136,-358.877117371037,-329.5426132103753,55.62590188550306,AF,38.0,0.6,1.6,0.97,0.95,0.266874918683308,PVC
39,-327.38306252536546,-188.7987942418137,-279.10563639183243,-309.2469635193255,56.355447513375104,AF,39.0,-100.0,-100.0,-100.0,-100.0,-100.0,AF
40,-516.4973967784737,76.11177669717848,-130.3802015572443,-4.351810189185431,240.67600837561,N,40.0,0.6,0.7,0.6499999999999999,0.6499999999999999,0.0707106781186547,AF
41,-272.93854972656163,-269.89211655644965,-271.65488574516246,-272.0098308971173,1.247674917081282,AF,41.0,0.8,1.4,1.0777777777777775,1.0,0.1922093765778465,PVC
42,-195.0795062774405,-154.52440969237645,-180.97224933523503,-189.87561970687625,16.522194628703122,AF,42.0,0.6,0.7,0.6499999999999999,0.6499999999999999,0.0707106781186547,AF
43,-200.04758039330284,-62.77606604339968,-110.68655659366148,-81.86488420415708,55.69891506138182,AF,43.0,-100.0,-100.0,-100.0,-100.0,-100.0,AF
44,-318.37779649648,-23.7904440842613,-126.5535474691743,-64.55269423354022,119.5508436313815,AF,44.0,0.156,0.424,0.2826666666666667,0.268,0.1346006438815704,PVC
45,-558.1857717071614,29.15034926473232,-175.55016867044074,-47.0950855196035,238.9070681796222,AF,45.0,-100.0,-100.0,-100.0,-100.0,-100.0,AF
46,-344.9750639499369,-193.8568933936763,-292.31807564324885,-325.3876859145958,61.4723100595159,AF,46.0,-100.0,-100.0,-100.0,-100.0,-100.0,AF
47,-148.46151418883994,-144.72572575439574,-147.17858426035988,-147.8866636530947,1.5567220333781082,AF,47.0,0.7,0.8,0.75,0.75,0.0707106781186548,AF
48,-176.95416244086866,-48.495161895953466,-93.31295350012122,-65.94793656845522,52.16812255753969,AF,48.0,0.6,0.8,0.7,0.7,0.1414213562373095,AF
49,-727.2013622749545,262.381721844482,-82.48862461123998,132.02092647509633,402.3218034585671,N,49.0,-100.0,-100.0,-100.0,-100.0,-100.0,AF
50,-426.8773163364718,-262.3892909273955,-369.5666836044711,-404.95198536615686,66.85251610338919,AF,50.0,-100.0,-100.0,-100.0,-100.0,-100.0,AF
51,-200.2853886549155,-169.71723901504828,-189.64231998680685,-196.25384294294383,12.42571839185933,AF,51.0,0.5,1.5,0.8909090909090909,0.9,0.2879393875611513,PVC
52,-157.5653090050821,-94.1567594778117,-116.2599177237779,-102.68458018583384,25.759265565514283,AF,52.0,0.7,0.7,0.7,0.7,0.0,AF
53,-395.9723981146012,53.84746910324046,-102.99977846863172,-7.616078597803992,182.6343405081002,AF,53.0,0.7,0.7,0.7,0.7,0.0,AF
54,-657.9453597422686,35.944099206302006,-205.8694438914309,-54.443036221561314,282.2160339901582,N,54.0,0.731,1.086,0.9085,0.9085,0.2510229073212244,AF
55,-365.2859322166228,-202.03197589894768,-308.39017111597286,-344.19930914683863,66.41643233221234,AF,55.0,0.6,0.7,0.6499999999999999,0.6499999999999999,0.0707106781186547,AF
56,-172.32916251252897,-137.0227876152467,-160.0483893583951,-167.8309176402124,14.372628340478904,AF,56.0,-100.0,-100.0,-100.0,-100.0,-100.0,AF
57,-711.701364376671,310.19211269733995,-45.952397089306565,175.18464741574817,415.4229560360048,N,57.0,0.7,0.8,0.75,0.75,0.0707106781186548,AF
58,-431.9764562173101,-218.0221902145884,-357.4369592466465,-403.3577021010272,86.94416246603541,AF,58.0,0.7,0.7,0.7,0.7,0.0,AF
59,-188.58447979318197,-143.5584636533714,-172.9039310924337,-182.6890358987756,18.310053628698903,AF,59.0,-100.0,-100.0,-100.0,-100.0,-100.0,AF
60,-157.23825657965438,-70.83417610488374,-100.95333697994953,-82.46101083616358,35.10131054379384,AF,60.0,0.7,0.8,0.75,0.75,0.0707106781186548,AF
61,-170.599351520073,-50.94646977144409,-92.66220857269936,-66.98807775951346,48.61482208074436,AF,61.0,0.7,1.0,0.85,0.85,0.2121320343559642,AF
62,-804.6385557020774,337.37450153511867,-60.61789318724114,187.1000137530027,464.31346003499766,N,62.0,0.7,1.0,0.85,0.85,0.2121320343559642,AF
63,-453.2827386303415,-300.7193577651728,-400.1589643996738,-432.6529770714845,61.97760743969579,AF,63.0,0.7,0.9,0.8,0.8,0.1414213562373095,AF
64,-231.87402076381824,-170.13429758800885,-210.3825931851308,-223.6581261974177,25.089115338771173,AF,64.0,0.8,0.9,0.8500000000000001,0.8500000000000001,0.0707106781186547,AF
65,-463.9812365031082,58.74173678679527,-123.4514646912047,-12.749335081902366,212.2305042964944,AF,65.0,-100.0,-100.0,-100.0,-100.0,-100.0,AF
66,-653.2425987439368,242.7556148179873,-69.51138121401439,124.00665853647467,364.2040820911346,N,66.0,-100.0,-100.0,-100.0,-100.0,-100.0,AF
67,-365.9611769800216,-257.8808716634599,-328.33034623288324,-351.35442019064027,43.90694679386652,AF,67.0,0.6,0.7,0.6499999999999999,0.6499999999999999,0.0707106781186547,AF
68,-187.92308957902688,-175.9513760165829,-183.76592692901417,-186.3602596700551,4.868882676822193,AF,68.0,-100.0,-100.0,-100.0,-100.0,-100.0,N
69,-467.8264520697544,76.36864034218752,-113.28662725756443,2.328548242160595,220.99299115170083,AF,69.0,0.2,0.516,0.358,0.358,0.223445742854949,PVC
70,-477.7241302536463,-99.50275163719024,-231.3263279645748,-147.82986188223353,153.93339014361868,AF,70.0,-100.0,-100.0,-100.0,-100.0,-100.0,AF
71,-306.92385007506283,-162.01605763042187,-256.44382106534334,-287.88903536046814,58.91665454711272,AF,71.0,0.6,0.7,0.6499999999999999,0.6499999999999999,0.0707106781186547,AF
72,-190.87534928271128,-98.80647219256224,-130.97665768488142,-112.0662218208098,37.30806395258504,AF,72.0,0.6,0.7,0.6499999999999999,0.6499999999999999,0.0707106781186547,AF
73,-569.9357131404705,134.60206110774516,-110.9330827308984,42.570522834428665,286.51835854760503,N,73.0,-100.0,-100.0,-100.0,-100.0,-100.0,AF
74,-337.8177736941487,-191.98728331128655,-286.9901046099695,-318.71540146517515,59.299292560391,AF,74.0,-100.0,-100.0,-100.0,-100.0,-100.0,AF
75,-407.7286455827065,-5.393123693944119,-145.61996629492916,-60.51691443684506,163.34377898150453,AF,75.0,0.798,0.802,0.8,0.8,0.0028284271247461,N
76,-250.38371369850253,-216.2302082733437,-238.5275201662033,-244.8241520090382,13.794829945610742,AF,76.0,0.6,1.0,0.8,0.8,0.282842712474619,AF
77,-293.53462853652337,-121.31457913624844,-181.33595451909295,-144.18400893747847,69.99532868331076,AF,77.0,0.7,0.8,0.75,0.75,0.0707106781186548,AF
78,-280.9491532871753,-106.40701091688447,-167.25673143800233,-129.67933153770423,70.93176750981456,AF,78.0,-100.0,-100.0,-100.0,-100.0,-100.0,AF
79,-291.42795550157587,-83.95950501770899,-156.27879847129327,-111.47603000702664,84.3288380410707,AF,79.0,-100.0,-100.0,-100.0,-100.0,-100.0,AF
80,-497.6202534456493,54.65175516558522,-137.80164130039594,-18.98617590048101,224.44053945354443,AF,80.0,0.144,0.296,0.2319999999999999,0.256,0.0787908624143688,PVC
81,-400.59940657952734,-173.3263892041999,-252.566134455769,-203.2121086968259,92.40256518427996,AF,81.0,0.7,0.8,0.75,0.75,0.0707106781186548,AF
82,-322.4387034206548,-194.6132487674219,-239.16787169447016,-211.57686603738125,51.9542218734002,AF,82.0,-100.0,-100.0,-100.0,-100.0,-100.0,AF
83,-347.9048893689258,-115.68260773764388,-196.5950343951061,-146.69820803408967,94.36498319410865,AF,83.0,0.6,0.8,0.7,0.7,0.1414213562373095,AF
84,-282.6503888605398,-140.80403204233892,-190.2540817277384,-159.66589286689268,57.65051283929918,AF,84.0,0.7,1.1,0.9,0.9,0.2828427124746191,AF
85,-280.8195441238023,-98.1186749617826,-161.8043923495778,-122.35038796255137,74.26152102877124,AF,85.0,-100.0,-100.0,-100.0,-100.0,-100.0,AF
86,-277.4044365258201,-93.21274948365246,-157.42760808891128,-117.50571109389458,74.88037981714932,AF,86.0,-100.0,-100.0,-100.0,-100.0,-100.0,AF
87,-278.3472327578902,-89.21000911092777,-155.12914858700185,-114.34304888870186,76.87164911203521,AF,87.0,0.5,0.9,0.7,0.7,0.282842712474619,AF
88,-463.9076046995214,2.2487183496718037,-160.21023509222638,-59.18678433226578,189.51636858154552,AF,88.0,0.7,0.7,0.7,0.7,0.0,AF
89,-359.66669073272124,-170.89939441651376,-236.72141394044044,-195.87628965846645,76.73107458474367,AF,89.0,0.7,0.8,0.75,0.75,0.0707106781186548,AF
90,-322.1997264284056,-149.47203798432815,-209.7044859985724,-172.36576910170615,70.20884382674423,AF,90.0,-100.0,-100.0,-100.0,-100.0,-100.0,AF
91,-337.06054701039994,-97.38765703015385,-180.8957536711664,-128.98615414838295,97.44073275419592,AF,91.0,0.06,0.276,0.1448,0.152,0.0890572849350349,PVC
92,-303.4882780367459,-125.70165928069012,-187.69745852429912,-149.30757258295563,72.2570468058177,AF,92.0,-100.0,-100.0,-100.0,-100.0,-100.0,AF
93,-287.413733323316,-111.66968873104494,-172.9506217007701,-134.99335486325216,71.42984010670519,AF,93.0,-100.0,-100.0,-100.0,-100.0,-100.0,AF
94,-297.3446032692468,-88.8199615537183,-161.49919400781462,-116.43713133112576,84.76142325099424,AF,94.0,-100.0,-100.0,-100.0,-100.0,-100.0,AF
95,-299.73913536828616,-84.46299251130044,-159.48975604681812,-113.01678321393172,87.50360091301606,AF,95.0,0.064,0.168,0.112,0.1079999999999999,0.0518459255872628,PVC
96,-388.1331385703624,-47.90665996217083,-166.50887749638306,-93.612647506955,138.22273426024907,AF,96.0,-100.0,-100.0,-100.0,-100.0,-100.0,AF
97,-407.1878615038354,-113.9939034362062,-216.19664188037615,-152.52871332202886,119.20652317999289,AF,97.0,-100.0,-100.0,-100.0,-100.0,-100.0,AF
98,-347.00074946222014,-155.27025437093184,-222.13003301537023,-180.62640467063136,77.93940591899191,AF,98.0,0.776,0.8,0.788,0.788,0.0103279555898864,PVC
99,-338.2906511202638,-141.47225964127324,-210.09087222822865,-167.37004374585229,80.01781778250508,AF,99.0,0.7,0.8,0.75,0.75,0.0707106781186548,AF
100,-297.549941949292,-139.60420512034108,-194.67010998232792,-160.48016115705929,64.20654815324697,AF,100.0,-100.0,-100.0,-100.0,-100.0,-100.0,AF
101,-285.5524059322438,-108.23951232992128,-170.042719157167,-131.84551122253404,72.06086296127555,AF,101.0,0.7,0.7,0.7,0.7,0.0,AF
102,-267.14303138727155,-106.8810334691228,-162.74480957115102,-128.09369406492686,65.14328292529369,AF,102.0,0.6,0.9,0.75,0.75,0.2121320343559642,AF
103,-322.4702460181672,-61.28037633402565,-152.33008061861833,-96.24631769296278,106.1274456914722,AF,103.0,-100.0,-100.0,-100.0,-100.0,-100.0,AF
104,-379.14072672850784,-65.69626379145821,-174.96517960793977,-106.73789354963893,127.46023983477852,AF,104.0,0.6,0.7,0.6499999999999999,0.6499999999999999,0.0707106781186547,AF
105,-319.05566259388365,-154.72197757525558,-212.0057845749716,-176.43256517891118,66.80240461480865,AF,105.0,-100.0,-100.0,-100.0,-100.0,-100.0,PVC
106,-303.5781603223339,-118.65431979891704,-183.13215375751912,-143.2319582074745,75.15851029582286,AF,106.0,0.7,0.8,0.75,0.75,0.0707106781186548,AF
107,-283.0081782790781,-120.79383992324688,-177.33278162512872,-142.42540124192567,65.92007991542613,AF,107.0,0.7,0.8,0.75,0.75,0.0707106781186548,AF
108,-276.6926047127544,-101.194740997423,-162.3761861868491,-124.40207920154012,71.33708887312307,AF,108.0,0.7,1.0,0.85,0.85,0.2121320343559642,AF
109,-293.6848163716716,-83.94271716801072,-157.03946254638169,-111.84325472542692,85.2411360002404,AF,109.0,0.6,0.9,0.75,0.75,0.2121320343559642,AF
110,-390.5401662035514,22.302495667089573,-121.616369470335,-33.76621777594196,167.65831429433987,AF,110.0,0.064,0.176,0.128,0.144,0.0530659966456863,PVC
111,-526.112584115234,-40.64861477242473,-209.84514324477692,-104.03328921635708,197.4282671485577,AF,111.0,0.336,0.816,0.632,0.672,0.1953048898517392,PVC
112,-331.11831058105645,-217.3439973060841,-291.4781071002912,-316.33568641562067,46.280571712254535,AF,112.0,-100.0,-100.0,-100.0,-100.0,-100.0,AF
113,-186.26194806364,-138.6676245647891,-155.25193680317122,-145.1028007996892,19.332365200802872,AF,113.0,0.6,0.9,0.75,0.75,0.2121320343559642,AF
114,-209.92070583330545,-63.09795180323229,-114.28525712042588,-82.7178602095312,59.66191323745765,AF,114.0,-100.0,-100.0,-100.0,-100.0,-100.0,AF
115,-559.9895490396389,160.57825234166634,-90.51092474821333,63.94236383844799,292.77452202494175,N,115.0,0.7,0.9,0.8,0.8,0.1414213562373095,AF
116,-437.1059068168496,-179.34051647748777,-269.1638961818656,-212.42339797491263,104.8911926208848,AF,116.0,-100.0,-100.0,-100.0,-100.0,-100.0,AF
117,-265.29414765497364,-218.66741348407828,-249.06122364316244,-259.3122704044064,18.98854781737085,AF,117.0,0.7,1.0,0.85,0.85,0.2121320343559642,AF
118,-221.4720104896648,-110.02786153329198,-148.8773238370299,-125.06080255650956,45.27139229621544,AF,118.0,-100.0,-100.0,-100.0,-100.0,-100.0,AF
119,-220.10528758667056,-76.75563742125665,-126.71850041199836,-95.74286093987376,58.26820628820772,AF,119.0,-100.0,-100.0,-100.0,-100.0,-100.0,AF
120,-614.6387208396267,194.862245027506,-87.25080488071352,87.02632634356091,328.98764996934494,N,120.0,0.7,0.8,0.75,0.75,0.0707106781186548,AF
121,-319.25297262027544,-137.98956964265977,-201.17822828274228,-162.03558984336115,73.67332818151908,AF,121.0,-100.0,-100.0,-100.0,-100.0,-100.0,AF
122,-296.5000518681562,-127.54952558667163,-186.4439596388114,-149.98374729633787,68.66738131142284,AF,122.0,-100.0,-100.0,-100.0,-100.0,-100.0,AF
123,-388.9156983253823,-36.300608182895054,-159.19537116290897,-83.45493417236395,143.28326496065532,AF,123.0,-100.0,-100.0,-100.0,-100.0,-100.0,AF
124,-344.5955241122516,-146.596730344724,-215.64236937017,-172.68706872753742,80.49122000159595,AF,124.0,0.8,1.4,1.0555555555555556,1.0,0.2297341458681703,PVC
125,-305.8606207751052,-150.07619349461348,-204.35681220330216,-170.69207958719107,63.32585057446335,AF,125.0,-100.0,-100.0,-100.0,-100.0,-100.0,AF
126,-322.80837820667176,-116.14434047843656,-188.20955449472427,-143.8740513348502,83.961060988778,AF,126.0,0.6,1.0,0.8,0.8,0.282842712474619,AF
127,-362.1032431941391,-79.89233901209302,-178.23473558844293,-116.78972147693544,114.76748901090906,AF,127.0,-100.0,-100.0,-100.0,-100.0,-100.0,AF
128,-311.06578785094763,-139.48272884136782,-199.29877406933343,-162.02137431400712,69.76412834455671,AF,128.0,-100.0,-100.0,-100.0,-100.0,-100.0,AF
129,-312.7636870414896,-115.63771093640364,-184.354342727798,-142.06409868305997,80.09122678631192,AF,129.0,0.6,1.5,0.8727272727272728,0.8,0.2649185123426035,PVC
130,-359.4562257111451,-65.94481549377178,-168.24580249042447,-104.25908400372772,119.37004409301254,AF,130.0,0.7,0.7,0.7,0.7,0.0,AF
131,-307.6205124630095,-137.5960654959257,-196.8767368893021,-160.10454350497287,69.11085746999933,AF,131.0,0.78,0.815,0.7975,0.7975,0.0247487373415291,N
132,-295.54832296056463,-121.33439562396488,-182.07795170720945,-144.52092017758972,70.80076544534303,AF,132.0,-100.0,-100.0,-100.0,-100.0,-100.0,AF
133,-294.67243157860383,-101.91346922300848,-169.09634648198465,-127.53051265767272,78.3431119083161,AF,133.0,-100.0,-100.0,-100.0,-100.0,-100.0,AF
134,-473.6599341915501,35.103757231549565,-142.1813386458727,-32.536461940656764,206.7799424110284,AF,134.0,0.7,0.8,0.75,0.75,0.0707106781186548,AF
135,-366.16770120733855,-181.0013805709384,-245.5623679949589,-205.39185675420552,75.27728261591291,AF,135.0,-100.0,-100.0,-100.0,-100.0,-100.0,AF
136,-310.56472549111146,-169.365436371685,-218.5918713488081,-188.14691282035167,57.38385708485606,AF,136.0,0.9,0.9,0.9,0.9,0.0,AF
137,-296.3799305007645,-124.36141457208012,-184.2978737329245,-147.05619961259725,69.9310133254878,AF,137.0,-100.0,-100.0,-100.0,-100.0,-100.0,AF
138,-283.9003572894296,-112.18856972878126,-172.05411938316257,-135.03700937418068,69.78294332293054,AF,138.0,0.6,0.7,0.6499999999999999,0.6499999999999999,0.0707106781186547,AF
139,-278.72783012397065,-102.37968664744128,-163.8557525941213,-125.68165922241924,71.68787965732348,AF,139.0,-100.0,-100.0,-100.0,-100.0,-100.0,AF
140,-283.76838987219213,-92.36429100232615,-159.07569938941734,-117.79754020937708,77.79238152748715,AF,140.0,-100.0,-100.0,-100.0,-100.0,-100.0,AF
141,-471.5785275522584,22.85283325398309,-149.45151753596062,-42.52714212510195,200.9875403232741,AF,141.0,0.7,0.7,0.7,0.7,0.0,AF
142,-356.08825951004206,-172.75932639529628,-236.66737395629173,-197.1253268733815,74.513042916177,AF,142.0,0.6,0.7,0.6499999999999999,0.6499999999999999,0.0707106781186547,AF
143,-295.7984820183282,-78.65714019702435,-154.34224128484524,-107.4648672057964,88.25888505143358,AF,143.0,0.7,1.0,0.85,0.85,0.2121320343559642,AF
144,-286.8515918742946,-91.82279985274906,-159.82949479295684,-117.69575374260016,79.26990903954272,AF,144.0,-100.0,-100.0,-100.0,-100.0,-100.0,AF
145,-334.9947014212408,-65.56959570416237,-159.5183399268491,-101.76262570488068,109.45771487657964,AF,145.0,0.8,0.8,0.8,0.8,0.0,AF
146,-445.3417743236316,-37.57867484426336,-179.66304919093875,-90.9245107605652,165.82132896657302,AF,146.0,-100.0,-100.0,-100.0,-100.0,-100.0,AF
147,-358.90530629473375,-161.32692388903808,-230.20319961577312,-187.48050349885293,80.31318301638538,AF,147.0,0.6,0.8,0.7,0.7,0.1414213562373095,AF
148,-308.207849966892,-149.25095573137776,-204.6502159016564,-170.3022825040015,64.61279653923822,AF,148.0,0.6,0.7,0.6499999999999999,0.6499999999999999,0.0707106781186547,AF
149,-281.2062399513993,-120.91779790663132,-176.8017213287589,-142.19089738295747,65.1495083082749,AF,149.0,-100.0,-100.0,-100.0,-100.0,-100.0,AF
150,-279.4817484570316,-101.3667174120447,-163.46026159995256,-124.95880768182651,72.39886324012991,AF,150.0,-100.0,-100.0,-100.0,-100.0,-100.0,AF
151,-300.0871168683908,-88.59277423643421,-162.32036123002524,-116.95849197323577,85.92812610500178,AF,151.0,-100.0,-100.0,-100.0,-100.0,-100.0,AF
152,-483.0979725785377,8.35128266381572,-162.9088532376019,-56.39324902774936,199.80087288465265,AF,152.0,-100.0,-100.0,-100.0,-100.0,-100.0,AF
153,-352.9490961207904,-178.31701646278736,-239.20579313720424,-201.4360557038908,70.9869526782567,AF,153.0,-100.0,-100.0,-100.0,-100.0,-100.0,AF
154,-286.5236372674026,-134.46841945762614,-187.4591555801714,-154.65446326475313,61.80143137437705,AF,154.0,-100.0,-100.0,-100.0,-100.0,-100.0,AF
155,-408.42926712333394,-3.503510938480225,-144.6492200509601,-56.80290011124056,164.63448895213267,AF,155.0,-100.0,-100.0,-100.0,-100.0,-100.0,AF
156,-313.911161414669,-163.47139665088258,-215.90408867717684,-183.4811881387316,61.140881198666456,AF,156.0,0.7,1.2,0.89,0.85,0.2078995483935024,PVC
157,-280.14401389615654,-123.8474225329339,-178.3177846510033,-144.5955292116744,63.52801110613986,AF,157.0,-100.0,-100.0,-100.0,-100.0,-100.0,AF
158,-394.9569875971727,-26.33909020078485,-154.8101882029001,-75.7189516263873,149.7756202744413,AF,158.0,-100.0,-100.0,-100.0,-100.0,-100.0,AF
159,-324.92336266947274,-160.3403202747943,-217.73013872407088,-181.89344532930232,66.92171651927487,AF,159.0,0.6,0.8,0.7,0.7,0.1414213562373095,AF
160,-297.40885565464765,-146.66308220032386,-199.23032555900957,-166.7166366579109,61.2628705041037,AF,160.0,0.75,0.799,0.7745,0.7745,0.0346482322781408,N
161,-304.89017471342186,-106.13466292532112,-175.4285021074319,-132.92607648051214,80.73929738934778,AF,161.0,-100.0,-100.0,-100.0,-100.0,-100.0,AF
162,-356.1326364985009,-84.88387069339677,-179.43389818626773,-120.35232080947712,110.30254285728606,AF,162.0,0.6,0.8,0.7,0.7,0.1414213562373095,AF
163,-294.17521505003333,-142.0759535808316,-195.1068547887224,-162.15769563234502,61.83242546821015,AF,163.0,0.816,0.932,0.874,0.874,0.0820243866176395,AF
164,-291.6437514654682,-109.8808037780224,-173.241833746289,-134.1788826714558,73.85795785623047,AF,164.0,0.076,0.304,0.1424,0.088,0.0972666438199653,PVC
165,-299.5670664992394,-92.74083776268556,-164.85110852350138,-120.32745510189498,84.04745688259858,AF,165.0,0.7,0.7,0.7,0.7,0.0,AF
166,-441.1659929663082,-9.265769431036109,-159.79914212819892,-65.73234020224821,175.63832924667568,AF,166.0,-100.0,-100.0,-100.0,-100.0,-100.0,AF
167,-360.1770409679024,-161.9943869945968,-231.084419854998,-188.21969253244228,80.55769274893605,AF,167.0,-100.0,-100.0,-100.0,-100.0,-100.0,AF
168,-328.6201990659458,-132.78541436949257,-201.07362375792408,-158.90732261280576,79.58467530718848,AF,168.0,0.7,0.8,0.75,0.75,0.0707106781186548,AF
169,-318.2810764349112,-117.33135838196604,-187.38080127130715,-143.8813026660816,81.68942050467066,AF,169.0,-100.0,-100.0,-100.0,-100.0,-100.0,AF
170,-301.1341746704002,-105.2531611617024,-173.54340348324908,-131.18582172884015,79.62351118150606,AF,170.0,0.6,1.0,0.8,0.8,0.282842712474619,AF
171,-291.3085619408952,-120.71723121538555,-180.1824276710709,-143.51639952331385,69.31743613275539,AF,171.0,-100.0,-100.0,-100.0,-100.0,-100.0,AF
172,-484.09814013700935,29.35324117347706,-149.60186978860253,-38.67556765247252,208.70611924712043,AF,172.0,-100.0,-100.0,-100.0,-100.0,-100.0,AF
173,-377.6879285447377,-172.58643152492448,-244.06329628580616,-199.7431866666693,83.37088732507546,AF,173.0,0.6,1.3,0.95,0.95,0.2173067468400883,PVC
174,-320.9216169655122,-165.4645061316755,-219.6507165729986,-186.21114985006267,63.17137894644936,AF,174.0,-100.0,-100.0,-100.0,-100.0,-100.0,AF
175,-341.84007367290627,-83.6964277652086,-173.68537215207775,-117.78375467738276,104.94571650964537,AF,175.0,-100.0,-100.0,-100.0,-100.0,-100.0,AF
176,-399.2783611072889,-183.1753423776091,-258.527077079763,-211.65867600355972,87.8529833724053,AF,176.0,-100.0,-100.0,-100.0,-100.0,-100.0,AF
177,-334.91851403968786,-177.36795085461867,-232.2884166801239,-198.3121122112992,64.0344570965329,AF,177.0,-100.0,-100.0,-100.0,-100.0,-100.0,AF
178,-297.61849078702016,-147.6092238699276,-199.89973894248573,-167.64460374639646,60.958468103879966,AF,178.0,0.765,0.787,0.776,0.776,0.015556349186104,N
