,Unnamed: 0,min,max,mean,med,std,label,Unnamed: 0,Unnamed: 0.1,se,label
0,0.0,-100.0,-100.0,-100.0,-100.0,-100.0,AF,0,0,-5.685010660017572,AF
1,1.0,0.8,0.9,0.8500000000000001,0.8500000000000001,0.07071067811865474,AF,1,1,-6.847205641356976,AF
2,2.0,-100.0,-100.0,-100.0,-100.0,-100.0,AF,2,2,-7.752456852135555,AF
3,3.0,-100.0,-100.0,-100.0,-100.0,-100.0,AF,3,3,,AF
4,4.0,-100.0,-100.0,-100.0,-100.0,-100.0,AF,4,4,-7.2180542534745635,AF
5,5.0,0.6,0.7,0.6499999999999999,0.6499999999999999,0.07071067811865474,AF,5,5,-7.510898366962353,AF
6,6.0,-100.0,-100.0,-100.0,-100.0,-100.0,AF,6,6,-6.870501448124935,AF
7,7.0,-100.0,-100.0,-100.0,-100.0,-100.0,AF,7,7,-7.422121023517405,AF
8,8.0,-100.0,-100.0,-100.0,-100.0,-100.0,AF,8,8,-6.006432945633332,AF
9,9.0,-100.0,-100.0,-100.0,-100.0,-100.0,AF,9,9,-6.778067256865575,AF
10,10.0,-100.0,-100.0,-100.0,-100.0,-100.0,AF,10,10,-7.848880768687175,AF
11,11.0,-100.0,-100.0,-100.0,-100.0,-100.0,AF,11,11,-6.9823675592572485,AF
12,12.0,0.818,1.016,0.917,0.917,0.14000714267493644,AF,12,12,-7.3162090600333505,AF
13,13.0,-31839.066000000003,1.6,-4547.731714285714,0.7,12034.347257735495,PVC,13,13,-7.711698019859595,AF
14,14.0,-100.0,-100.0,-100.0,-100.0,-100.0,AF,14,14,-7.291880877068768,AF
15,15.0,0.6,0.8,0.7,0.7,0.14142135623730953,AF,15,15,-7.444327723472,AF
16,16.0,0.7,0.8,0.75,0.75,0.07071067811865482,AF,16,16,-6.782955135070248,AF
17,17.0,-100.0,-100.0,-100.0,-100.0,-100.0,PVC,17,17,-6.725432695891269,AF
18,18.0,0.6,0.6,0.6,0.6,0.0,AF,18,18,-6.779350327277273,AF
19,19.0,-100.0,-100.0,-100.0,-100.0,-100.0,AF,19,19,-5.898611551444823,AF
20,20.0,0.8,0.8,0.8,0.8,0.0,AF,20,20,-7.017582178385887,AF
21,21.0,-100.0,-100.0,-100.0,-100.0,-100.0,AF,21,21,-7.161239644003527,AF
22,22.0,0.8,1.4,1.0777777777777775,1.0,0.2333333333333333,PVC,22,22,-7.224845158729393,AF
23,23.0,0.7,0.7,0.7,0.7,0.0,AF,23,23,-6.9964492463469625,AF
24,24.0,-100.0,-100.0,-100.0,-100.0,-100.0,AF,24,24,-7.435392309991887,AF
25,25.0,-100.0,-100.0,-100.0,-100.0,-100.0,AF,25,25,-7.662505637463639,AF
26,26.0,-100.0,-100.0,-100.0,-100.0,-100.0,AF,26,26,-7.3230158604822115,AF
27,27.0,-100.0,-100.0,-100.0,-100.0,-100.0,AF,27,27,-8.15969476161013,AF
28,28.0,-100.0,-100.0,-100.0,-100.0,-100.0,AF,28,28,-6.249067505514188,AF
29,29.0,0.667,0.9990000000000001,0.833,0.833,0.2347594513539337,AF,29,29,-7.066645369454745,AF
30,30.0,-100.0,-100.0,-100.0,-100.0,-100.0,AF,30,30,-6.393272041573565,AF
31,31.0,-100.0,-100.0,-100.0,-100.0,-100.0,AF,31,31,-6.4635444828951485,AF
32,32.0,0.6,0.7,0.6499999999999999,0.6499999999999999,0.07071067811865474,AF,32,32,-6.906310005068418,AF
33,33.0,-100.0,-100.0,-100.0,-100.0,-100.0,AF,33,33,-7.1878487440642775,AF
34,34.0,0.6,0.8,0.7,0.7,0.14142135623730953,AF,34,34,-6.906664661105844,AF
35,35.0,0.6,0.7,0.6499999999999999,0.6499999999999999,0.07071067811865474,AF,35,35,-6.976838194802522,AF
36,36.0,-100.0,-100.0,-100.0,-100.0,-100.0,AF,36,36,-7.372974140468348,AF
37,37.0,-100.0,-100.0,-100.0,-100.0,-100.0,AF,37,37,-6.679056598893252,AF
38,38.0,0.6,1.6,0.97,0.95,0.26687491868330804,PVC,38,38,-7.4933986174001435,AF
39,39.0,-100.0,-100.0,-100.0,-100.0,-100.0,AF,39,39,-6.9564917506560935,AF
40,40.0,0.6,0.7,0.6499999999999999,0.6499999999999999,0.07071067811865474,AF,40,40,,AF
41,41.0,0.8,1.4,1.0777777777777775,1.0,0.19220937657784656,PVC,41,41,-6.848868051077418,AF
42,42.0,0.6,0.7,0.6499999999999999,0.6499999999999999,0.07071067811865474,AF,42,42,-7.932654146630287,AF
43,43.0,-100.0,-100.0,-100.0,-100.0,-100.0,AF,43,43,-7.336792240091096,AF
44,44.0,0.156,0.424,0.2826666666666667,0.268,0.1346006438815704,PVC,44,44,-8.181967309204786,AF
45,45.0,-100.0,-100.0,-100.0,-100.0,-100.0,AF,45,45,-6.782190253672995,AF
46,46.0,-100.0,-100.0,-100.0,-100.0,-100.0,AF,46,46,-6.595180666489687,AF
47,47.0,0.7,0.8,0.75,0.75,0.07071067811865482,AF,47,47,-7.380435830384555,AF
48,48.0,0.6,0.8,0.7,0.7,0.14142135623730953,AF,48,48,-7.619042654184028,AF
49,49.0,-100.0,-100.0,-100.0,-100.0,-100.0,AF,49,49,-7.504774012800372,AF
50,50.0,-100.0,-100.0,-100.0,-100.0,-100.0,AF,50,50,-7.405998301897018,AF
51,51.0,0.5,1.5,0.8909090909090909,0.9,0.2879393875611513,PVC,51,51,-8.001197264382155,AF
52,52.0,0.7,0.7,0.7,0.7,0.0,AF,52,52,-6.994782299609872,AF
53,53.0,0.7,0.7,0.7,0.7,0.0,AF,53,53,-7.804901989773,AF
54,54.0,0.731,1.0859999999999999,0.9085,0.9085,0.2510229073212244,AF,54,54,-6.6941443669251885,AF
55,55.0,0.6,0.7,0.6499999999999999,0.6499999999999999,0.07071067811865474,AF,55,55,-7.4105092902021905,AF
56,56.0,-100.0,-100.0,-100.0,-100.0,-100.0,AF,56,56,-7.877405425882447,AF
57,57.0,0.7,0.8,0.75,0.75,0.07071067811865482,AF,57,57,-7.503805265316252,AF
58,58.0,0.7,0.7,0.7,0.7,0.0,AF,58,58,-7.4996258723987905,AF
59,59.0,-100.0,-100.0,-100.0,-100.0,-100.0,AF,59,59,-7.4734471385769865,AF
60,60.0,0.7,0.8,0.75,0.75,0.07071067811865482,AF,60,60,-7.5190731398727095,AF
61,61.0,0.7,1.0,0.85,0.85,0.21213203435596428,AF,61,61,,AF
62,62.0,0.7,1.0,0.85,0.85,0.21213203435596428,AF,62,62,-6.6524938270058085,AF
63,63.0,0.7,0.9,0.8,0.8,0.14142135623730953,AF,63,63,-6.8725929948124165,AF
64,64.0,0.8,0.9,0.8500000000000001,0.8500000000000001,0.07071067811865474,AF,64,64,-6.715418793192327,AF
65,65.0,-100.0,-100.0,-100.0,-100.0,-100.0,AF,65,65,-7.376602175176507,AF
66,66.0,-100.0,-100.0,-100.0,-100.0,-100.0,AF,66,66,-7.417135897166053,AF
67,67.0,0.6,0.7,0.6499999999999999,0.6499999999999999,0.07071067811865474,AF,67,67,-6.770206245906862,AF
68,68.0,-100.0,-100.0,-100.0,-100.0,-100.0,N,68,68,-7.608002525399933,AF
69,69.0,0.2,0.516,0.358,0.358,0.22344574285494906,PVC,69,69,-7.347628027238398,AF
70,70.0,-100.0,-100.0,-100.0,-100.0,-100.0,AF,70,70,-7.195329620859448,AF
71,71.0,0.6,0.7,0.6499999999999999,0.6499999999999999,0.07071067811865474,AF,71,71,-7.20691041331141,AF
72,72.0,0.6,0.7,0.6499999999999999,0.6499999999999999,0.07071067811865474,AF,72,72,-6.412188249164622,AF
73,73.0,-100.0,-100.0,-100.0,-100.0,-100.0,AF,73,73,-6.567350581366616,AF
74,74.0,-100.0,-100.0,-100.0,-100.0,-100.0,AF,74,74,-6.9551198032638935,AF
75,75.0,0.7979999999999999,0.802,0.8,0.8,0.002828427124746193,N,75,75,-6.896842474718728,AF
76,76.0,0.6,1.0,0.8,0.8,0.28284271247461895,AF,76,76,-6.992815335959937,AF
77,77.0,0.7,0.8,0.75,0.75,0.07071067811865482,AF,77,77,-6.146530575784311,AF
78,78.0,-100.0,-100.0,-100.0,-100.0,-100.0,AF,78,78,-6.5909768723731075,AF
79,79.0,-100.0,-100.0,-100.0,-100.0,-100.0,AF,79,79,-8.152537014878263,AF
80,80.0,0.14400000000000002,0.29600000000000004,0.232,0.256,0.07879086241436882,PVC,80,80,-7.458017726380639,AF
81,81.0,0.7,0.8,0.75,0.75,0.07071067811865482,AF,81,81,-7.818106409676206,AF
82,82.0,-100.0,-100.0,-100.0,-100.0,-100.0,AF,82,82,-7.053088046983647,AF
83,83.0,0.6,0.8,0.7,0.7,0.14142135623730953,AF,83,83,-7.1475234316443705,AF
84,84.0,0.7,1.1,0.9,0.9,0.2828427124746191,AF,84,84,-7.048661377755718,AF
85,85.0,-100.0,-100.0,-100.0,-100.0,-100.0,AF,85,85,-6.615469845004983,AF
86,86.0,-100.0,-100.0,-100.0,-100.0,-100.0,AF,86,86,-7.987888660060987,AF
87,87.0,0.5,0.9,0.7,0.7,0.28284271247461895,AF,87,87,-7.102932024189353,AF
88,88.0,0.7,0.7,0.7,0.7,0.0,AF,88,88,-7.497457133397384,AF
89,89.0,0.7,0.8,0.75,0.75,0.07071067811865482,AF,89,89,-7.129004152036619,AF
90,90.0,-100.0,-100.0,-100.0,-100.0,-100.0,AF,90,90,-6.889601519053423,AF
91,91.0,0.06,0.276,0.1448,0.152,0.08905728493503494,PVC,91,91,-6.862134281688488,AF
92,92.0,-100.0,-100.0,-100.0,-100.0,-100.0,AF,92,92,-7.6603968125701165,AF
93,93.0,-100.0,-100.0,-100.0,-100.0,-100.0,AF,93,93,-7.505431852478415,AF
94,94.0,-100.0,-100.0,-100.0,-100.0,-100.0,AF,94,94,-7.150628565662661,AF
95,95.0,0.064,0.168,0.11199999999999999,0.10799999999999997,0.051845925587262885,PVC,95,95,-7.228336220443323,AF
96,96.0,-100.0,-100.0,-100.0,-100.0,-100.0,AF,96,96,-7.081278512381847,AF
97,97.0,-100.0,-100.0,-100.0,-100.0,-100.0,AF,97,97,-7.810505974111757,AF
98,98.0,0.7759999999999999,0.8,0.7879999999999999,0.7879999999999999,0.010327955589886455,PVC,98,98,-6.155735632056287,AF
99,99.0,0.7,0.8,0.75,0.75,0.07071067811865482,AF,99,99,-6.6117271772453154,AF
100,100.0,-100.0,-100.0,-100.0,-100.0,-100.0,AF,100,100,-6.200893703572308,AF
101,101.0,0.7,0.7,0.7,0.7,0.0,AF,101,101,-7.403383397742743,AF
102,102.0,0.6,0.9,0.75,0.75,0.21213203435596428,AF,102,102,-7.0519971098839065,AF
103,103.0,-100.0,-100.0,-100.0,-100.0,-100.0,AF,103,103,-7.634089692542631,AF
104,104.0,0.6,0.7,0.6499999999999999,0.6499999999999999,0.07071067811865474,AF,104,104,-6.13797246191883,AF
105,105.0,-100.0,-100.0,-100.0,-100.0,-100.0,PVC,105,105,-7.121910165191059,AF
106,106.0,0.7,0.8,0.75,0.75,0.07071067811865482,AF,106,106,-6.949075220706103,AF
107,107.0,0.7,0.8,0.75,0.75,0.07071067811865482,AF,107,107,-6.698378555471885,AF
108,108.0,0.7,1.0,0.85,0.85,0.21213203435596428,AF,108,108,-6.828043585189952,AF
109,109.0,0.6,0.9,0.75,0.75,0.21213203435596428,AF,109,109,-6.5143351960488225,AF
110,110.0,0.064,0.17600000000000002,0.128,0.14400000000000002,0.05306599664568639,PVC,110,110,-6.6031552514954415,AF
111,111.0,0.336,0.816,0.632,0.672,0.1953048898517392,PVC,111,111,-7.112057571475012,AF
112,112.0,-100.0,-100.0,-100.0,-100.0,-100.0,AF,112,112,-7.063900948031776,AF
113,113.0,0.6,0.9,0.75,0.75,0.21213203435596428,AF,113,113,-5.791889799800477,AF
114,114.0,-100.0,-100.0,-100.0,-100.0,-100.0,AF,114,114,-7.109209963309429,AF
115,115.0,0.7,0.9,0.8,0.8,0.14142135623730953,AF,115,115,-7.1999697409349155,AF
116,116.0,-100.0,-100.0,-100.0,-100.0,-100.0,AF,116,116,-7.169060461554714,AF
117,117.0,0.7,1.0,0.85,0.85,0.21213203435596428,AF,117,117,-7.078080165399019,AF
118,118.0,-100.0,-100.0,-100.0,-100.0,-100.0,AF,118,118,-7.206164478984097,AF
119,119.0,-100.0,-100.0,-100.0,-100.0,-100.0,AF,119,119,-7.4749832980766655,AF
120,120.0,0.7,0.8,0.75,0.75,0.07071067811865482,AF,120,120,-5.725371155136644,AF
121,121.0,-100.0,-100.0,-100.0,-100.0,-100.0,AF,121,121,-7.273747523561988,AF
122,122.0,-100.0,-100.0,-100.0,-100.0,-100.0,AF,122,122,-7.831341034466845,AF
123,123.0,-100.0,-100.0,-100.0,-100.0,-100.0,AF,123,123,-7.423654756845955,AF
124,124.0,0.8,1.4,1.0555555555555556,1.0,0.22973414586817034,PVC,124,124,-7.445612572137869,AF
125,125.0,-100.0,-100.0,-100.0,-100.0,-100.0,AF,125,125,-7.015153408952579,AF
126,126.0,0.6,1.0,0.8,0.8,0.28284271247461895,AF,126,126,-7.28958717455277,AF
127,127.0,-100.0,-100.0,-100.0,-100.0,-100.0,AF,127,127,-6.664808237874294,AF
128,128.0,-100.0,-100.0,-100.0,-100.0,-100.0,AF,128,128,-8.066682410863043,AF
129,129.0,0.6,1.5,0.8727272727272728,0.8,0.26491851234260355,PVC,129,129,-6.946819960075987,AF
130,130.0,0.7,0.7,0.7,0.7,0.0,AF,130,130,-6.503302656262374,AF
131,131.0,0.78,0.815,0.7975,0.7975,0.02474873734152911,N,131,131,-6.699076264170933,AF
132,132.0,-100.0,-100.0,-100.0,-100.0,-100.0,AF,132,132,-7.041791722740379,AF
133,133.0,-100.0,-100.0,-100.0,-100.0,-100.0,AF,133,133,-6.864644402932153,AF
134,134.0,0.7,0.8,0.75,0.75,0.07071067811865482,AF,134,134,-6.558832871499552,AF
135,135.0,-100.0,-100.0,-100.0,-100.0,-100.0,AF,135,135,-6.317517159846082,AF
136,136.0,0.9,0.9,0.9,0.9,0.0,AF,136,136,-6.348880524988815,AF
137,137.0,-100.0,-100.0,-100.0,-100.0,-100.0,AF,137,137,-6.881737163025464,AF
138,138.0,0.6,0.7,0.6499999999999999,0.6499999999999999,0.07071067811865474,AF,138,138,-6.474319774864924,AF
139,139.0,-100.0,-100.0,-100.0,-100.0,-100.0,AF,139,139,-7.4019034587145915,AF
140,140.0,-100.0,-100.0,-100.0,-100.0,-100.0,AF,140,140,-7.36373486695848,AF
141,141.0,0.7,0.7,0.7,0.7,0.0,AF,141,141,-7.010688393930187,AF
142,142.0,0.6,0.7,0.6499999999999999,0.6499999999999999,0.07071067811865474,AF,142,142,-6.631377196172612,AF
143,143.0,0.7,1.0,0.85,0.85,0.21213203435596428,AF,143,143,-6.73103105528455,AF
144,144.0,-100.0,-100.0,-100.0,-100.0,-100.0,AF,144,144,-7.34314484713508,AF
145,145.0,0.8,0.8,0.8,0.8,0.0,AF,145,145,-6.848056544672122,AF
146,146.0,-100.0,-100.0,-100.0,-100.0,-100.0,AF,146,146,-8.091948858001045,AF
147,147.0,0.6,0.8,0.7,0.7,0.14142135623730953,AF,147,147,-6.769594766362988,AF
148,148.0,0.6,0.7,0.6499999999999999,0.6499999999999999,0.07071067811865474,AF,148,148,,AF
149,149.0,-100.0,-100.0,-100.0,-100.0,-100.0,AF,149,149,-7.475130228973656,AF
150,150.0,-100.0,-100.0,-100.0,-100.0,-100.0,AF,150,150,-6.305266157816522,AF
151,151.0,-100.0,-100.0,-100.0,-100.0,-100.0,AF,151,151,-5.7995784244996695,AF
152,152.0,-100.0,-100.0,-100.0,-100.0,-100.0,AF,152,152,-7.291292285321312,AF
153,153.0,-100.0,-100.0,-100.0,-100.0,-100.0,AF,153,153,-7.491577786092904,AF
154,154.0,-100.0,-100.0,-100.0,-100.0,-100.0,AF,154,154,-7.178917388311452,AF
155,155.0,-100.0,-100.0,-100.0,-100.0,-100.0,AF,155,155,-6.312806227549317,AF
156,156.0,0.7,1.2,0.89,0.85,0.2078995483935024,PVC,156,156,-6.943064204410822,AF
157,157.0,-100.0,-100.0,-100.0,-100.0,-100.0,AF,157,157,-5.01372551595541,AF
158,158.0,-100.0,-100.0,-100.0,-100.0,-100.0,AF,158,158,-6.972871509647924,AF
159,159.0,0.6,0.8,0.7,0.7,0.14142135623730953,AF,159,159,-7.5358667173245015,AF
160,160.0,0.75,0.799,0.7745,0.7745,0.034648232278140866,N,160,160,-6.7841849736518824,AF
161,161.0,-100.0,-100.0,-100.0,-100.0,-100.0,AF,161,161,,AF
162,162.0,0.6,0.8,0.7,0.7,0.14142135623730953,AF,162,162,-7.381254869688679,AF
163,163.0,0.816,0.932,0.8740000000000001,0.8740000000000001,0.08202438661763957,AF,163,163,-6.580946730232284,AF
164,164.0,0.076,0.304,0.1424,0.08800000000000001,0.09726664381996533,PVC,164,164,-7.176236539432049,AF
165,165.0,0.7,0.7,0.7,0.7,0.0,AF,165,165,-5.719945351604309,AF
166,166.0,-100.0,-100.0,-100.0,-100.0,-100.0,AF,166,166,-5.911388238357795,AF
167,167.0,-100.0,-100.0,-100.0,-100.0,-100.0,AF,167,167,-6.580213059806359,AF
168,168.0,0.7,0.8,0.75,0.75,0.07071067811865482,AF,168,168,-6.3133591128705175,AF
169,169.0,-100.0,-100.0,-100.0,-100.0,-100.0,AF,169,169,-7.315935288773332,AF
170,170.0,0.6,1.0,0.8,0.8,0.28284271247461895,AF,170,170,-7.483751822392025,AF
171,171.0,-100.0,-100.0,-100.0,-100.0,-100.0,AF,171,171,-7.795526550750669,AF
172,172.0,-100.0,-100.0,-100.0,-100.0,-100.0,AF,172,172,-6.9903669627246225,AF
173,173.0,0.6,1.3,0.95,0.95,0.2173067468400883,PVC,173,173,-7.969912159772411,AF
174,174.0,-100.0,-100.0,-100.0,-100.0,-100.0,AF,174,174,-7.960346369823669,AF
175,175.0,-100.0,-100.0,-100.0,-100.0,-100.0,AF,175,175,,AF
176,176.0,-100.0,-100.0,-100.0,-100.0,-100.0,AF,176,176,-7.452613108809833,AF
177,177.0,-100.0,-100.0,-100.0,-100.0,-100.0,AF,177,177,-6.9703817220398925,AF
178,178.0,0.765,0.787,0.7759999999999999,0.7759999999999999,0.01555634918610406,N,178,178,-7.0761956676840345,AF
179,179.0,-100.0,-100.0,-100.0,-100.0,-100.0,AF,179,179,-7.638004002107617,AF
180,180.0,-100.0,-100.0,-100.0,-100.0,-100.0,AF,180,180,-7.626541943371482,AF
181,181.0,0.6829999999999999,1.101,0.892,0.892,0.2955706345359768,AF,181,181,-7.315615851660179,AF
182,182.0,-100.0,-100.0,-100.0,-100.0,-100.0,AF,182,182,-7.15774494320164,AF
183,183.0,-100.0,-100.0,-100.0,-100.0,-100.0,AF,183,183,-7.062354480210144,AF
184,184.0,0.264,0.524,0.39399999999999996,0.39399999999999996,0.1838477631085024,PVC,184,184,-7.078088717060987,AF
185,185.0,-100.0,-100.0,-100.0,-100.0,-100.0,AF,185,185,-7.257412713624546,AF
186,186.0,-100.0,-100.0,-100.0,-100.0,-100.0,AF,186,186,-7.602490291204302,AF
187,187.0,-100.0,-100.0,-100.0,-100.0,-100.0,AF,187,187,-7.4639479845682075,AF
188,188.0,-100.0,-100.0,-100.0,-100.0,-100.0,PVC,188,188,-7.445824329850588,AF
189,189.0,0.7,0.7,0.7,0.7,0.0,AF,189,189,-7.135433079226988,AF
190,190.0,-100.0,-100.0,-100.0,-100.0,-100.0,PVC,190,190,-7.204488947094879,AF
191,191.0,0.184,0.23199999999999998,0.2053333333333333,0.2,0.024440403706431156,PVC,191,191,-6.87713039625036,AF
192,192.0,0.7,0.7,0.7,0.7,0.0,AF,192,192,-7.023619918428802,AF
193,193.0,0.7,0.8,0.75,0.75,0.07071067811865482,AF,193,193,-6.817432514984058,AF
194,194.0,0.6,0.6,0.6,0.6,0.0,AF,194,194,-6.878819001742362,AF
195,195.0,0.784,0.784,0.784,0.784,0.0,PVC,195,195,-6.9810041760910355,AF
196,196.0,0.7,0.7,0.7,0.7,0.0,AF,196,196,-7.220836341194849,AF
197,197.0,0.256,0.792,0.524,0.49200000000000005,0.2287916082377149,PVC,197,197,-6.9404513127819145,AF
198,198.0,-100.0,-100.0,-100.0,-100.0,-100.0,AF,198,198,-7.062367047287308,AF
199,199.0,-100.0,-100.0,-100.0,-100.0,-100.0,AF,199,199,-7.073112502549161,AF
200,200.0,0.6,0.8,0.7,0.7,0.14142135623730953,AF,200,200,-7.5964456263879105,AF
201,201.0,0.20800000000000002,0.42,0.284,0.22399999999999998,0.11805083650698965,PVC,201,201,-6.989387893392202,AF
202,202.0,0.6,0.7,0.6499999999999999,0.6499999999999999,0.07071067811865474,AF,202,202,-6.948611879251293,AF
203,203.0,-100.0,-100.0,-100.0,-100.0,-100.0,AF,203,203,-7.524416283273367,AF
204,204.0,-100.0,-100.0,-100.0,-100.0,-100.0,AF,204,204,-7.0168271675400415,AF
205,205.0,-100.0,-100.0,-100.0,-100.0,-100.0,AF,205,205,-6.8784816785918,AF
206,206.0,-100.0,-100.0,-100.0,-100.0,-100.0,AF,206,206,-6.973606891865991,AF
207,207.0,-100.0,-100.0,-100.0,-100.0,-100.0,AF,207,207,-7.1534046406857135,AF
208,208.0,0.7,1.0,0.85,0.85,0.21213203435596428,AF,208,208,-6.996205195004272,AF
209,209.0,-100.0,-100.0,-100.0,-100.0,-100.0,AF,209,209,-7.760674116777446,AF
210,210.0,-100.0,-100.0,-100.0,-100.0,-100.0,AF,210,210,-7.040655769169798,AF
211,211.0,-100.0,-100.0,-100.0,-100.0,-100.0,AF,211,211,-7.374669204645038,AF
212,212.0,0.6,0.7,0.6499999999999999,0.6499999999999999,0.07071067811865474,AF,212,212,-7.3030332331831085,AF
213,213.0,-100.0,-100.0,-100.0,-100.0,-100.0,AF,213,213,-7.534513216557369,AF
214,214.0,0.7,0.7,0.7,0.7,0.0,AF,214,214,-7.760589579695997,AF
215,215.0,-100.0,-100.0,-100.0,-100.0,-100.0,AF,215,215,-7.079039112189323,AF
216,216.0,-100.0,-100.0,-100.0,-100.0,-100.0,AF,216,216,-6.716570326293564,AF
217,217.0,-100.0,-100.0,-100.0,-100.0,-100.0,AF,217,217,-6.535822124477633,AF
218,218.0,0.6,0.7,0.6499999999999999,0.6499999999999999,0.07071067811865474,AF,218,218,-7.046723470538446,AF
219,219.0,0.7,0.7,0.7,0.7,0.0,AF,219,219,-7.006444739941283,AF
220,220.0,0.096,0.248,0.1624,0.128,0.07029082443676415,PVC,220,220,-7.202062279798392,AF
221,221.0,0.7,0.8,0.75,0.75,0.07071067811865482,AF,221,221,-6.784259200618307,AF
222,222.0,-100.0,-100.0,-100.0,-100.0,-100.0,AF,222,222,-7.62813355162956,AF
223,223.0,0.6,1.2,0.87,0.8500000000000001,0.18885620632287065,PVC,223,223,-7.116986105517986,AF
224,224.0,-100.0,-100.0,-100.0,-100.0,-100.0,N,224,224,-7.292962822084236,AF
225,225.0,0.068,0.252,0.156,0.152,0.078655366420014,PVC,225,225,-7.580458448158637,AF
226,226.0,-100.0,-100.0,-100.0,-100.0,-100.0,AF,226,226,-7.3337749080823675,AF
227,227.0,0.6,0.9,0.75,0.75,0.21213203435596428,AF,227,227,-7.3230240001788305,AF
228,228.0,-100.0,-100.0,-100.0,-100.0,-100.0,AF,228,228,-7.621300302279786,AF
229,229.0,0.85,1.034,0.9420000000000001,0.9420000000000001,0.13010764773832478,AF,229,229,-7.047408017492503,AF
230,230.0,-100.0,-100.0,-100.0,-100.0,-100.0,AF,230,230,-7.577039761983893,AF
231,231.0,-100.0,-100.0,-100.0,-100.0,-100.0,AF,231,231,-6.95976826887696,AF
232,232.0,-100.0,-100.0,-100.0,-100.0,-100.0,AF,232,232,-6.850060770643892,AF
233,233.0,-100.0,-100.0,-100.0,-100.0,-100.0,AF,233,233,-6.919777062830121,AF
234,234.0,0.8,0.8,0.8,0.8,0.0,AF,234,234,-6.691125358805556,AF
235,235.0,-100.0,-100.0,-100.0,-100.0,-100.0,AF,235,235,-7.227171636904856,AF
236,236.0,0.765,1.081,0.9229999999999999,0.9229999999999999,0.22344574285494895,AF,236,236,-7.4465717655672,AF
237,237.0,-100.0,-100.0,-100.0,-100.0,-100.0,AF,237,237,-7.272169101600787,AF
238,238.0,-100.0,-100.0,-100.0,-100.0,-100.0,N,238,238,-6.553959973554705,AF
239,239.0,0.7,0.8,0.75,0.75,0.07071067811865482,AF,239,239,-6.643585111017963,AF
240,240.0,-100.0,-100.0,-100.0,-100.0,-100.0,AF,240,240,-7.447510229718679,AF
241,241.0,-100.0,-100.0,-100.0,-100.0,-100.0,AF,241,241,-7.090072919411527,AF
242,242.0,-100.0,-100.0,-100.0,-100.0,-100.0,AF,242,242,-7.7204864431098565,AF
243,243.0,-100.0,-100.0,-100.0,-100.0,-100.0,AF,243,243,-6.933430583710639,AF
244,244.0,0.8,0.9,0.8500000000000001,0.8500000000000001,0.07071067811865474,AF,244,244,-6.5100756304251695,AF
245,245.0,0.7,0.8,0.75,0.75,0.07071067811865482,AF,245,245,-7.241867282349787,AF
246,246.0,0.6,0.8,0.7,0.7,0.14142135623730953,AF,246,246,-6.795714629943334,AF
247,247.0,-100.0,-100.0,-100.0,-100.0,-100.0,AF,247,247,-6.7951041366126645,AF
248,248.0,0.6,0.8,0.7,0.7,0.14142135623730953,AF,248,248,-6.5496633290536606,AF
249,249.0,-100.0,-100.0,-100.0,-100.0,-100.0,AF,249,249,-6.7702872587175635,AF
250,250.0,-100.0,-100.0,-100.0,-100.0,-100.0,AF,250,250,-6.72975301176256,AF
251,251.0,0.7,0.7,0.7,0.7,0.0,AF,251,251,-6.9797816188834645,AF
252,252.0,0.7,0.8,0.75,0.75,0.07071067811865482,AF,252,252,-6.478619689199811,AF
253,253.0,-100.0,-100.0,-100.0,-100.0,-100.0,AF,253,253,-6.911212315328807,AF
254,254.0,-100.0,-100.0,-100.0,-100.0,-100.0,AF,254,254,-7.252616203972117,AF
255,255.0,0.6,1.1,0.8500000000000001,0.8500000000000001,0.35355339059327384,AF,255,255,-6.738426114572428,AF
256,256.0,0.6,0.8,0.7,0.7,0.14142135623730953,AF,256,256,-6.947145237883428,AF
257,257.0,-100.0,-100.0,-100.0,-100.0,-100.0,AF,257,257,-7.017927519272082,AF
258,258.0,0.7,1.6,1.075,1.0,0.3284161123592186,PVC,258,258,-7.053596689545514,AF
259,259.0,-100.0,-100.0,-100.0,-100.0,-100.0,AF,259,259,-7.08503298854617,AF
260,260.0,0.7,0.9,0.8,0.8,0.14142135623730953,AF,260,260,-6.895513903827918,AF
261,261.0,0.6,0.7,0.6499999999999999,0.6499999999999999,0.07071067811865474,AF,261,261,-7.365700047077778,AF
262,262.0,-100.0,-100.0,-100.0,-100.0,-100.0,AF,262,262,-7.305763958264028,AF
263,263.0,0.092,0.43200000000000005,0.212,0.11199999999999999,0.1907878402833891,PVC,263,263,-7.275711475455378,AF
264,264.0,-100.0,-100.0,-100.0,-100.0,-100.0,AF,264,264,-6.941661219687711,AF
265,265.0,-100.0,-100.0,-100.0,-100.0,-100.0,AF,265,265,-6.914427846695845,AF
266,266.0,0.6,0.8,0.7,0.7,0.14142135623730953,AF,266,266,-7.316563870394138,AF
267,267.0,0.6,0.9,0.75,0.75,0.21213203435596428,AF,267,267,-6.925929683139418,AF
268,268.0,0.5,0.7,0.6,0.6,0.14142135623730948,AF,268,268,-6.987417903758317,AF
269,269.0,-100.0,-100.0,-100.0,-100.0,-100.0,AF,269,269,-6.91812010250012,AF
270,270.0,-100.0,-100.0,-100.0,-100.0,-100.0,AF,270,270,-6.955016359321783,AF
271,271.0,-100.0,-100.0,-100.0,-100.0,-100.0,AF,271,271,-7.072708647766943,AF
272,272.0,0.7,0.7,0.7,0.7,0.0,AF,272,272,-7.0837613705059415,AF
273,273.0,0.8,0.9,0.8500000000000001,0.8500000000000001,0.07071067811865474,AF,273,273,-6.475179797807634,AF
274,274.0,0.07200000000000001,0.22399999999999998,0.117,0.086,0.07210177991330496,PVC,274,274,-6.5673549689066375,AF
275,275.0,0.6,0.6,0.6,0.6,0.0,AF,275,275,-6.46947238414098,AF
276,276.0,-100.0,-100.0,-100.0,-100.0,-100.0,AF,276,276,-6.652993258939599,AF
277,277.0,0.8,0.8,0.8,0.8,0.0,AF,277,277,-7.261483464294453,AF
278,278.0,0.6,0.9,0.75,0.75,0.21213203435596428,AF,278,278,-6.82174830470932,AF
279,279.0,0.8,0.8,0.8,0.8,0.0,AF,279,279,-7.579219936178242,AF
280,280.0,-100.0,-100.0,-100.0,-100.0,-100.0,AF,280,280,-7.0324975235422365,AF
281,281.0,-100.0,-100.0,-100.0,-100.0,-100.0,AF,281,281,-6.83225338259572,AF
282,282.0,-100.0,-100.0,-100.0,-100.0,-100.0,AF,282,282,-6.724747186382882,AF
283,283.0,0.9,1.4,1.1125,1.1,0.1885091888628092,PVC,283,283,-7.090039943713549,AF
284,284.0,-100.0,-100.0,-100.0,-100.0,-100.0,AF,284,284,-7.094362244380928,AF
285,285.0,0.6,0.7,0.6499999999999999,0.6499999999999999,0.07071067811865474,AF,285,285,-7.271071648425701,AF
286,286.0,-100.0,-100.0,-100.0,-100.0,-100.0,AF,286,286,-7.033671161812791,AF
287,287.0,-100.0,-100.0,-100.0,-100.0,-100.0,AF,287,287,-7.315201240995978,AF
288,288.0,0.7,0.8,0.75,0.75,0.07071067811865482,AF,288,288,-7.376563823424224,AF
289,289.0,0.20800000000000002,0.5479999999999999,0.37799999999999995,0.37799999999999995,0.2404163056034262,PVC,289,289,-7.101406153390437,AF
290,290.0,-100.0,-100.0,-100.0,-100.0,-100.0,AF,290,290,-7.023007041524216,AF
291,291.0,-100.0,-100.0,-100.0,-100.0,-100.0,AF,291,291,-6.973718446209793,AF
292,292.0,-100.0,-100.0,-100.0,-100.0,-100.0,AF,292,292,-7.545796991348128,AF
293,293.0,0.7,0.9,0.8,0.8,0.14142135623730953,AF,293,293,-7.060245499122767,AF
294,294.0,0.6,0.7,0.6499999999999999,0.6499999999999999,0.07071067811865474,AF,294,294,-7.260371078674799,AF
295,295.0,-100.0,-100.0,-100.0,-100.0,-100.0,AF,295,295,-7.211732315292269,AF
296,296.0,0.6,0.8,0.7,0.7,0.14142135623730953,AF,296,296,,AF
297,297.0,0.29600000000000004,0.488,0.392,0.392,0.13576450198781712,PVC,297,297,-7.569082886012079,AF
298,298.0,-100.0,-100.0,-100.0,-100.0,-100.0,AF,298,298,-6.719252849180164,AF
299,299.0,-100.0,-100.0,-100.0,-100.0,-100.0,AF,299,299,-7.2796904380596175,AF
300,300.0,-100.0,-100.0,-100.0,-100.0,-100.0,AF,300,300,-6.981349180769763,AF
301,301.0,-100.0,-100.0,-100.0,-100.0,-100.0,AF,301,301,-7.027798082087787,AF
302,302.0,-100.0,-100.0,-100.0,-100.0,-100.0,AF,302,302,-7.730476335718665,AF
303,303.0,-100.0,-100.0,-100.0,-100.0,-100.0,AF,303,303,-7.176172878117543,AF
304,304.0,0.7,0.7,0.7,0.7,0.0,AF,304,304,-6.256836142691427,AF
305,305.0,0.7,1.0,0.85,0.85,0.21213203435596428,AF,305,305,-7.472803738653799,AF
306,306.0,-100.0,-100.0,-100.0,-100.0,-100.0,AF,306,306,-6.826353002115179,AF
307,307.0,0.152,0.28,0.21600000000000005,0.21600000000000005,0.0905096679918781,PVC,307,307,-6.47889923396521,AF
308,308.0,0.6,0.7,0.6499999999999999,0.6499999999999999,0.07071067811865474,AF,308,308,-7.474303203897197,AF
309,309.0,0.096,0.228,0.14266666666666666,0.10400000000000001,0.07400900846068223,PVC,309,309,-6.917305504195204,AF
310,310.0,0.9,1.5,1.1375,1.1,0.2263846284534354,PVC,310,310,-6.9562801418157685,AF
311,311.0,0.8,1.0,0.9,0.9,0.14142135623730948,AF,311,311,-6.118355142522298,AF
312,312.0,-100.0,-100.0,-100.0,-100.0,-100.0,AF,312,312,-7.52042259875308,AF
313,313.0,0.8,0.9,0.8500000000000001,0.8500000000000001,0.07071067811865474,AF,313,313,-7.222432530586867,AF
314,314.0,0.8,1.5,1.0444444444444445,1.0,0.25055493963954845,PVC,314,314,-6.969663160483707,AF
315,315.0,-100.0,-100.0,-100.0,-100.0,-100.0,AF,315,315,-7.374874313662927,AF
316,316.0,-100.0,-100.0,-100.0,-100.0,-100.0,AF,316,316,-7.553557006378582,AF
317,317.0,0.884,0.898,0.8909999999999999,0.8909999999999999,0.009899494936611674,AF,317,317,-6.945309292281463,AF
318,318.0,-100.0,-100.0,-100.0,-100.0,-100.0,AF,318,318,-7.422033532129159,AF
319,319.0,0.17600000000000002,0.20800000000000002,0.192,0.192,0.02262741699796952,PVC,319,319,-7.2828741079071175,AF
320,320.0,-100.0,-100.0,-100.0,-100.0,-100.0,AF,320,320,-7.281016204733228,AF
321,321.0,-100.0,-100.0,-100.0,-100.0,-100.0,AF,321,321,-7.5682011562085405,AF
322,322.0,0.6,0.7,0.6499999999999999,0.6499999999999999,0.07071067811865474,AF,322,322,-7.1263196354563085,AF
323,323.0,0.7,0.9,0.8,0.8,0.14142135623730953,AF,323,323,-7.406675921735388,AF
324,324.0,-100.0,-100.0,-100.0,-100.0,-100.0,AF,324,324,-7.279609472373723,AF
325,325.0,0.6,0.9,0.75,0.75,0.21213203435596428,AF,325,325,-8.049213582003764,AF
326,326.0,0.7,0.7,0.7,0.7,0.0,AF,326,326,-7.240849292796959,AF
327,327.0,0.6,0.9,0.75,0.75,0.21213203435596428,AF,327,327,-7.603568890372415,AF
328,328.0,0.06,0.17600000000000002,0.09866666666666668,0.06,0.06697263122599659,PVC,328,328,-7.382630881762201,AF
329,329.0,0.18,0.54,0.36,0.36,0.25455844122715715,PVC,329,329,-7.336283755434702,AF
330,330.0,0.6,0.8,0.7,0.7,0.14142135623730953,AF,330,330,-7.6922663133643185,AF
331,331.0,-100.0,-100.0,-100.0,-100.0,-100.0,AF,331,331,-7.005729186353519,AF
332,332.0,-100.0,-100.0,-100.0,-100.0,-100.0,AF,332,332,-7.042063093561642,AF
333,333.0,-100.0,-100.0,-100.0,-100.0,-100.0,AF,333,333,-7.928392344514703,AF
334,334.0,-100.0,-100.0,-100.0,-100.0,-100.0,AF,334,334,-6.688591463767503,AF
335,335.0,-100.0,-100.0,-100.0,-100.0,-100.0,AF,335,335,-7.2346275376954665,AF
336,336.0,-100.0,-100.0,-100.0,-100.0,-100.0,AF,336,336,-6.695759088286269,AF
337,337.0,-100.0,-100.0,-100.0,-100.0,-100.0,AF,337,337,-5.9644502295586,AF
338,338.0,0.6,0.6,0.6,0.6,0.0,AF,338,338,-7.040014966789807,AF
339,339.0,-100.0,-100.0,-100.0,-100.0,-100.0,AF,339,339,-7.070145054419206,AF
340,340.0,-100.0,-100.0,-100.0,-100.0,-100.0,AF,340,340,-6.972751808673405,AF
341,341.0,0.8,0.8,0.8,0.8,0.0,AF,341,341,-7.623219894599845,AF
342,342.0,0.7,0.9,0.8,0.8,0.14142135623730953,AF,342,342,-7.585345484950478,AF
343,343.0,-100.0,-100.0,-100.0,-100.0,-100.0,AF,343,343,-7.059932634846886,AF
344,344.0,0.7,0.7,0.7,0.7,0.0,AF,344,344,-6.230613372802265,AF
345,345.0,-100.0,-100.0,-100.0,-100.0,-100.0,AF,345,345,-6.800865344713914,AF
346,346.0,0.7,1.0,0.85,0.85,0.21213203435596428,AF,346,346,-6.566946276513482,AF
347,347.0,-100.0,-100.0,-100.0,-100.0,-100.0,AF,347,347,-7.096969836683241,AF
348,348.0,0.6,0.8,0.7,0.7,0.14142135623730953,AF,348,348,-7.454656391922673,AF
349,349.0,-100.0,-100.0,-100.0,-100.0,-100.0,AF,349,349,-7.103756840811934,AF
350,350.0,-100.0,-100.0,-100.0,-100.0,-100.0,AF,350,350,-6.9025392851616045,AF
351,351.0,0.7,1.1,0.9,0.9,0.2828427124746191,AF,351,351,-6.848963691504762,AF
352,352.0,0.8,0.9,0.8500000000000001,0.8500000000000001,0.07071067811865474,AF,352,352,-7.665186078745446,AF
353,353.0,0.7,0.7,0.7,0.7,0.0,AF,353,353,-6.7887223255040405,AF
354,354.0,-100.0,-100.0,-100.0,-100.0,-100.0,AF,354,354,-7.016551412934867,AF
355,355.0,0.536,0.792,0.7344,0.784,0.11105314043285763,PVC,355,355,-7.109131215799269,AF
356,356.0,0.8,0.8,0.8,0.8,0.0,AF,356,356,-7.076602122396363,AF
357,357.0,0.6,0.8,0.7,0.7,0.14142135623730953,AF,357,357,-7.3753921273687135,AF
358,358.0,0.6,0.8,0.7,0.7,0.14142135623730953,AF,358,358,-7.154502495847307,AF
359,359.0,-100.0,-100.0,-100.0,-100.0,-100.0,AF,359,359,-6.300948914408777,AF
360,360.0,-100.0,-100.0,-100.0,-100.0,-100.0,AF,360,360,-7.016141828782938,AF
361,361.0,-100.0,-100.0,-100.0,-100.0,-100.0,AF,361,361,-6.9620236428889966,AF
362,362.0,0.6,1.0,0.8,0.8,0.28284271247461895,AF,362,362,-7.462861872964831,AF
363,363.0,-100.0,-100.0,-100.0,-100.0,-100.0,AF,363,363,-5.516224871342132,AF
364,364.0,-100.0,-100.0,-100.0,-100.0,-100.0,AF,364,364,-8.171844741435521,AF
365,365.0,0.7,0.8,0.75,0.75,0.07071067811865482,AF,365,365,-7.7107460862566475,AF
366,366.0,0.6,0.8,0.7,0.7,0.14142135623730953,AF,366,366,-7.363119681549065,AF
367,367.0,-100.0,-100.0,-100.0,-100.0,-100.0,AF,367,367,-6.9911951995419575,AF
368,368.0,0.16,0.276,0.20133333333333334,0.168,0.06478682993736716,PVC,368,368,-7.730007776189708,AF
369,369.0,0.7,0.7,0.7,0.7,0.0,AF,369,369,-6.814724941726197,AF
370,370.0,0.6,0.8,0.7,0.7,0.14142135623730953,AF,370,370,-7.504412414905873,AF
371,371.0,-100.0,-100.0,-100.0,-100.0,-100.0,AF,371,371,-7.735664735882282,AF
372,372.0,-100.0,-100.0,-100.0,-100.0,-100.0,AF,372,372,-7.478922924955668,AF
373,373.0,0.7,0.8,0.75,0.75,0.07071067811865482,AF,373,373,-6.586535954131277,AF
374,374.0,-100.0,-100.0,-100.0,-100.0,-100.0,AF,374,374,-6.02419971031496,AF
375,375.0,-100.0,-100.0,-100.0,-100.0,-100.0,AF,375,375,-6.678641630575888,AF
376,376.0,0.7,0.7,0.7,0.7,0.0,AF,376,376,-7.361414089311862,AF
377,377.0,-100.0,-100.0,-100.0,-100.0,-100.0,AF,377,377,-6.706455022711183,AF
378,378.0,0.8,0.8,0.8,0.8,0.0,AF,378,378,-7.295800023899765,AF
379,379.0,-100.0,-100.0,-100.0,-100.0,-100.0,AF,379,379,-7.396347658528013,AF
380,380.0,0.6,0.6,0.6,0.6,0.0,AF,380,380,-6.600668254739662,AF
381,381.0,-100.0,-100.0,-100.0,-100.0,-100.0,AF,381,381,-7.176510539568591,AF
382,382.0,0.7,0.8,0.75,0.75,0.07071067811865482,AF,382,382,-6.64764103782151,AF
383,383.0,0.07200000000000001,0.23600000000000002,0.154,0.154,0.1159655121145938,PVC,383,383,-6.659316291088508,AF
384,384.0,-100.0,-100.0,-100.0,-100.0,-100.0,PVC,384,384,-7.060029952376242,AF
385,385.0,-100.0,-100.0,-100.0,-100.0,-100.0,PVC,385,385,-6.889172040690695,AF
386,386.0,-100.0,-100.0,-100.0,-100.0,-100.0,AF,386,386,-7.421197749730086,AF
387,387.0,-100.0,-100.0,-100.0,-100.0,-100.0,AF,387,387,-7.377577623372887,AF
388,388.0,-100.0,-100.0,-100.0,-100.0,-100.0,AF,388,388,-7.541441243667352,AF
389,389.0,0.6,0.7,0.6499999999999999,0.6499999999999999,0.07071067811865474,AF,389,389,-7.298846511944357,AF
390,390.0,-100.0,-100.0,-100.0,-100.0,-100.0,AF,390,390,-5.563675173330183,AF
391,391.0,0.7,0.8,0.75,0.75,0.07071067811865482,AF,391,391,-7.503178013085897,AF
392,392.0,0.7,0.8,0.75,0.75,0.07071067811865482,AF,392,392,-7.387354598495022,AF
393,393.0,0.6,1.4,0.92,0.95,0.27406406388125953,PVC,393,393,-7.701303056566077,AF
394,394.0,-100.0,-100.0,-100.0,-100.0,-100.0,AF,394,394,-7.878379963693466,AF
395,395.0,0.6,0.7,0.6499999999999999,0.6499999999999999,0.07071067811865474,AF,395,395,-7.429461310508997,AF
396,396.0,0.7,0.7,0.7,0.7,0.0,AF,396,396,-7.805248633988548,AF
397,397.0,0.851,0.9159999999999999,0.8835,0.8835,0.045961940777125634,AF,397,397,-7.7810974073768975,AF
398,398.0,-100.0,-100.0,-100.0,-100.0,-100.0,AF,398,398,-7.799462872147893,AF
399,399.0,0.6,0.7,0.6499999999999999,0.6499999999999999,0.07071067811865474,AF,399,399,-7.822686351043612,AF
400,400.0,0.7,0.7,0.7,0.7,0.0,AF,400,400,-7.2211521710355475,AF
401,401.0,0.8,1.0,0.9,0.9,0.14142135623730948,AF,401,401,-6.753558736351942,AF
402,402.0,-100.0,-100.0,-100.0,-100.0,-100.0,AF,402,402,-6.708832977500678,AF
403,403.0,0.8,0.9,0.8500000000000001,0.8500000000000001,0.07071067811865474,AF,403,403,-6.789981857134937,AF
404,404.0,0.6,1.2,0.8999999999999999,0.8999999999999999,0.4242640687119285,AF,404,404,-8.321866609497018,AF
405,405.0,-100.0,-100.0,-100.0,-100.0,-100.0,AF,405,405,-7.320088693921554,AF
406,406.0,0.6,0.7,0.6499999999999999,0.6499999999999999,0.07071067811865474,AF,406,406,-7.37013065062904,AF
407,407.0,-100.0,-100.0,-100.0,-100.0,-100.0,AF,407,407,-7.0409035699401565,AF
408,408.0,-100.0,-100.0,-100.0,-100.0,-100.0,AF,408,408,-7.582059245359438,AF
409,409.0,0.9,1.0,0.95,0.95,0.07071067811865474,AF,409,409,-7.577709727108099,AF
410,410.0,0.07200000000000001,0.248,0.15333333333333332,0.14,0.08875434261676064,PVC,410,410,-7.285096292491557,AF
411,411.0,0.7,1.2,0.95,0.95,0.3535533905932738,AF,411,411,-6.995581796395184,AF
412,412.0,-100.0,-100.0,-100.0,-100.0,-100.0,AF,412,412,-7.332747109557303,AF
413,413.0,-100.0,-100.0,-100.0,-100.0,-100.0,AF,413,413,-7.3079307575028,AF
414,414.0,-100.0,-100.0,-100.0,-100.0,-100.0,AF,414,414,-7.5849085423921565,AF
415,415.0,-100.0,-100.0,-100.0,-100.0,-100.0,AF,415,415,-6.341920342304019,AF
416,416.0,-100.0,-100.0,-100.0,-100.0,-100.0,AF,416,416,-7.057115957762841,AF
417,417.0,0.6,0.6,0.6,0.6,0.0,AF,417,417,-6.825936572674031,AF
418,418.0,0.6,1.1,0.8500000000000001,0.8500000000000001,0.35355339059327384,AF,418,418,-7.219057530277321,AF
419,419.0,0.7,0.8,0.75,0.75,0.07071067811865482,AF,419,419,-6.519867671051707,AF
420,420.0,0.7,0.8,0.75,0.75,0.07071067811865482,AF,420,420,-6.335505585979064,AF
421,421.0,0.6,1.2,0.8999999999999999,0.8999999999999999,0.4242640687119285,AF,421,421,-6.502212264800165,AF
422,422.0,-100.0,-100.0,-100.0,-100.0,-100.0,AF,422,422,-6.971206977059543,AF
423,423.0,0.168,0.248,0.20800000000000002,0.20800000000000002,0.04,PVC,423,423,-6.698393432920137,AF
424,424.0,-100.0,-100.0,-100.0,-100.0,-100.0,AF,424,424,-6.97380460179182,AF
425,425.0,-100.0,-100.0,-100.0,-100.0,-100.0,AF,425,425,-6.962231780682687,AF
426,426.0,-100.0,-100.0,-100.0,-100.0,-100.0,AF,426,426,-6.210461256868813,AF
427,427.0,0.6,0.7,0.6499999999999999,0.6499999999999999,0.07071067811865474,AF,427,427,-6.480795818087263,AF
428,428.0,0.06,0.344,0.18100000000000002,0.16,0.13223716068740535,PVC,428,428,-7.592008182760327,AF
429,429.0,-100.0,-100.0,-100.0,-100.0,-100.0,AF,429,429,-5.629882384149992,AF
430,430.0,0.7,0.9,0.8,0.8,0.14142135623730953,AF,430,430,-7.278915231310876,AF
431,431.0,0.6,0.7,0.6499999999999999,0.6499999999999999,0.07071067811865474,AF,431,431,-7.759390667588327,AF
432,432.0,0.8,1.0,0.9,0.9,0.14142135623730948,AF,432,432,-6.7282511138690175,AF
433,433.0,0.6,0.8,0.7,0.7,0.14142135623730953,AF,433,433,-7.401565876910758,AF
434,434.0,-100.0,-100.0,-100.0,-100.0,-100.0,AF,434,434,-6.922451629023088,AF
435,435.0,0.56,50.48,13.152000000000001,0.784,24.88556079335967,PVC,435,435,-7.498222842167031,AF
436,436.0,0.5760000000000001,0.792,0.7440000000000001,0.784,0.09397872099576587,PVC,436,436,-7.25984603990144,AF
437,437.0,-100.0,-100.0,-100.0,-100.0,-100.0,AF,437,437,-7.637322974706602,AF
438,438.0,-100.0,-100.0,-100.0,-100.0,-100.0,AF,438,438,-6.703978808942756,AF
439,439.0,0.7,1.6,1.125,1.05,0.276457178290909,PVC,439,439,-6.894380166755861,AF
440,440.0,-100.0,-100.0,-100.0,-100.0,-100.0,AF,440,440,-7.086830362514952,AF
441,441.0,-100.0,-100.0,-100.0,-100.0,-100.0,AF,441,441,-6.279828373705287,AF
442,442.0,0.6,0.8,0.7,0.7,0.14142135623730953,AF,442,442,-6.567333525215077,AF
443,443.0,-100.0,-100.0,-100.0,-100.0,-100.0,PVC,443,443,-7.4238367795450975,AF
444,444.0,0.56,10.328,2.6304,0.792,4.304347197891917,PVC,444,444,-5.864825438826803,AF
445,445.0,-100.0,-100.0,-100.0,-100.0,-100.0,AF,445,445,-5.971187223256773,AF
446,446.0,0.8,0.9,0.8500000000000001,0.8500000000000001,0.07071067811865474,AF,446,446,-7.097678537481563,AF
447,447.0,-100.0,-100.0,-100.0,-100.0,-100.0,AF,447,447,-7.083526984901789,AF
448,448.0,-100.0,-100.0,-100.0,-100.0,-100.0,PVC,448,448,-6.544061331851657,AF
449,449.0,-100.0,-100.0,-100.0,-100.0,-100.0,AF,449,449,-6.979324152112079,AF
450,450.0,-100.0,-100.0,-100.0,-100.0,-100.0,AF,450,450,-7.257335601687357,AF
451,451.0,0.6,0.7,0.6499999999999999,0.6499999999999999,0.07071067811865474,AF,451,451,-6.6480306796106365,AF
452,452.0,-100.0,-100.0,-100.0,-100.0,-100.0,AF,452,452,-6.8668244263153975,AF
453,453.0,-100.0,-100.0,-100.0,-100.0,-100.0,AF,453,453,-6.801401611189879,AF
454,454.0,-100.0,-100.0,-100.0,-100.0,-100.0,AF,454,454,-6.883086363722854,AF
455,455.0,0.7,0.8,0.75,0.75,0.07071067811865482,AF,455,455,-7.2764220543651525,AF
456,456.0,-100.0,-100.0,-100.0,-100.0,-100.0,AF,456,456,-7.27318825492522,AF
457,457.0,-100.0,-100.0,-100.0,-100.0,-100.0,AF,457,457,-6.737841219754126,AF
458,458.0,-100.0,-100.0,-100.0,-100.0,-100.0,AF,458,458,-6.528136701599486,AF
459,459.0,0.44799999999999995,0.8240000000000001,0.6226666666666667,0.5760000000000001,0.15507761497607145,PVC,459,459,-7.201951389773389,AF
460,460.0,0.8,0.9,0.8500000000000001,0.8500000000000001,0.07071067811865474,AF,460,460,-6.8156861278489576,AF
461,461.0,0.24,20.368,3.9160000000000004,0.772,8.062640758461214,PVC,461,461,-6.554357407649017,AF
462,462.0,0.6,0.7,0.6499999999999999,0.6499999999999999,0.07071067811865474,AF,462,462,-6.669608186384716,AF
463,463.0,0.7,0.7,0.7,0.7,0.0,AF,463,463,-6.250617784692667,AF
464,464.0,-100.0,-100.0,-100.0,-100.0,-100.0,AF,464,464,-7.540537578343277,AF
465,465.0,0.6,0.7,0.6499999999999999,0.6499999999999999,0.07071067811865474,AF,465,465,-6.716731018015376,AF
466,466.0,-100.0,-100.0,-100.0,-100.0,-100.0,PVC,466,466,-7.030868464664223,AF
467,467.0,-100.0,-100.0,-100.0,-100.0,-100.0,AF,467,467,-7.699215633661572,AF
468,468.0,0.7,0.8,0.75,0.75,0.07071067811865482,AF,468,468,-5.8375803538742765,AF
469,469.0,-100.0,-100.0,-100.0,-100.0,-100.0,AF,469,469,-7.322277279803712,AF
470,470.0,0.6,0.6,0.6,0.6,0.0,AF,470,470,,AF
471,471.0,-100.0,-100.0,-100.0,-100.0,-100.0,AF,471,471,-8.030783168081642,AF
472,472.0,-100.0,-100.0,-100.0,-100.0,-100.0,AF,472,472,-7.742727945327284,AF
473,473.0,-100.0,-100.0,-100.0,-100.0,-100.0,AF,473,473,-6.624785273445938,AF
474,474.0,0.6,0.6,0.6,0.6,0.0,AF,474,474,-7.414348971971426,AF
475,475.0,0.7,0.9,0.8,0.8,0.14142135623730953,AF,475,475,-6.509670230476259,AF
476,476.0,-100.0,-100.0,-100.0,-100.0,-100.0,AF,476,476,-6.627873924699293,AF
477,477.0,-100.0,-100.0,-100.0,-100.0,-100.0,AF,477,477,-7.040586430179747,AF
478,478.0,0.6,0.7,0.6499999999999999,0.6499999999999999,0.07071067811865474,AF,478,478,-7.260820480386967,AF
479,479.0,-100.0,-100.0,-100.0,-100.0,-100.0,AF,479,479,-6.0705996188150015,AF
480,480.0,0.7,0.7,0.7,0.7,0.0,AF,480,480,-7.618938004931778,AF
481,481.0,-100.0,-100.0,-100.0,-100.0,-100.0,AF,481,481,-5.763984338449537,AF
482,482.0,-100.0,-100.0,-100.0,-100.0,-100.0,AF,482,482,-6.2795234961797926,AF
483,483.0,-100.0,-100.0,-100.0,-100.0,-100.0,PVC,483,483,-7.506446384216247,AF
484,484.0,0.6,0.7,0.6499999999999999,0.6499999999999999,0.07071067811865474,AF,484,484,,AF
485,485.0,0.8,0.9,0.8500000000000001,0.8500000000000001,0.07071067811865474,AF,485,485,-6.176354398121519,AF
486,486.0,0.6,0.8,0.7,0.7,0.14142135623730953,AF,486,486,-7.013558102019153,AF
487,487.0,-100.0,-100.0,-100.0,-100.0,-100.0,AF,487,487,-5.7704054794830775,AF
488,488.0,-100.0,-100.0,-100.0,-100.0,-100.0,AF,488,488,-8.007484593068586,AF
489,489.0,-100.0,-100.0,-100.0,-100.0,-100.0,AF,489,489,-7.771853383514657,AF
490,490.0,0.7490000000000001,0.966,0.8574999999999999,0.8574999999999999,0.1534421715174808,AF,490,490,-7.77511178017694,AF
491,491.0,-100.0,-100.0,-100.0,-100.0,-100.0,AF,491,491,-7.095349780332878,AF
492,492.0,0.797,1.003,0.8999999999999999,0.8999999999999999,0.14566399692442866,AF,492,492,-7.747449990476348,AF
493,493.0,-100.0,-100.0,-100.0,-100.0,-100.0,AF,493,493,-8.050270127486971,AF
494,494.0,0.36,0.792,0.6224,0.696,0.1932790728454584,PVC,494,494,-7.4154068838292595,AF
495,495.0,-100.0,-100.0,-100.0,-100.0,-100.0,AF,495,495,-7.846450371044687,AF
496,496.0,-100.0,-100.0,-100.0,-100.0,-100.0,AF,496,496,-7.907456920844142,AF
497,497.0,0.7,1.1,0.9,0.9,0.2828427124746191,AF,497,497,-7.795683408145338,AF
498,498.0,-100.0,-100.0,-100.0,-100.0,-100.0,AF,498,498,-7.9914519592707896,AF
499,499.0,-100.0,-100.0,-100.0,-100.0,-100.0,N,499,499,-7.182517218966836,AF
500,500.0,0.6,0.9,0.75,0.75,0.21213203435596428,AF,500,500,-7.7376636471312095,AF
501,501.0,0.7,0.8,0.75,0.75,0.07071067811865482,AF,501,501,-7.273711735686951,AF
502,502.0,0.6,0.8,0.7,0.7,0.14142135623730953,AF,502,502,-7.8041768771736875,AF
503,503.0,0.6,0.8,0.7,0.7,0.14142135623730953,AF,503,503,-7.305378040184077,AF
504,504.0,0.228,0.26,0.2466666666666667,0.252,0.01665332799572906,PVC,504,504,-6.846871383315286,AF
505,505.0,0.6,0.9,0.75,0.75,0.21213203435596428,AF,505,505,-7.454383625751749,AF
506,506.0,0.7,0.7,0.7,0.7,0.0,AF,506,506,-7.2653277781934325,AF
507,507.0,0.7,1.5,1.0555555555555556,1.0,0.21858128414340008,PVC,507,507,-7.453884164560495,AF
508,508.0,-100.0,-100.0,-100.0,-100.0,-100.0,AF,508,508,-7.136114881134198,AF
509,509.0,0.6,0.9,0.75,0.75,0.21213203435596428,AF,509,509,-7.182333079348358,AF
510,510.0,0.9,1.6,1.0555555555555556,1.0,0.22422706745122853,PVC,510,510,-7.938419086070034,AF
511,511.0,0.7,1.4,1.0625,1.05,0.21998376563477848,PVC,511,511,-6.232461041265018,AF
512,512.0,-100.0,-100.0,-100.0,-100.0,-100.0,AF,512,512,-6.9746530248056775,AF
513,513.0,-100.0,-100.0,-100.0,-100.0,-100.0,PVC,513,513,-6.934645093191028,AF
514,514.0,0.6,1.0,0.8,0.8,0.28284271247461895,AF,514,514,-6.878802580246576,AF
515,515.0,-100.0,-100.0,-100.0,-100.0,-100.0,AF,515,515,-6.9718537866795565,AF
516,516.0,-100.0,-100.0,-100.0,-100.0,-100.0,AF,516,516,-6.320646697571839,AF
517,517.0,-100.0,-100.0,-100.0,-100.0,-100.0,AF,517,517,-7.384226644461348,AF
518,518.0,0.6,0.7,0.6499999999999999,0.6499999999999999,0.07071067811865474,AF,518,518,-6.920788683020872,AF
519,519.0,-100.0,-100.0,-100.0,-100.0,-100.0,AF,519,519,-7.504484543890697,AF
520,520.0,-100.0,-100.0,-100.0,-100.0,-100.0,AF,520,520,-6.628275101326032,AF
521,521.0,0.782,1.068,0.925,0.925,0.20223253941935265,AF,521,521,-7.048839767525921,AF
522,522.0,0.779,0.835,0.8069999999999999,0.8069999999999999,0.03959797974644662,N,522,522,-7.168200829323715,AF
523,523.0,-100.0,-100.0,-100.0,-100.0,-100.0,AF,523,523,-6.727717129045688,AF
524,524.0,-100.0,-100.0,-100.0,-100.0,-100.0,AF,524,524,-6.683009768408698,AF
525,525.0,-100.0,-100.0,-100.0,-100.0,-100.0,N,525,525,-6.831795290489774,AF
526,526.0,0.8,0.8,0.8,0.8,0.0,AF,526,526,-6.535043757480763,AF
527,527.0,0.7,0.7,0.7,0.7,0.0,AF,527,527,-6.847833542996633,AF
528,528.0,0.6,0.9,0.75,0.75,0.21213203435596428,AF,528,528,-6.572442377070487,AF
529,529.0,-100.0,-100.0,-100.0,-100.0,-100.0,AF,529,529,-6.6301619853227125,AF
530,530.0,-100.0,-100.0,-100.0,-100.0,-100.0,AF,530,530,-6.799363878954113,AF
531,531.0,-100.0,-100.0,-100.0,-100.0,-100.0,AF,531,531,-6.317756421497872,AF
532,532.0,0.6,0.8,0.7,0.7,0.14142135623730953,AF,532,532,-6.87613520563184,AF
533,533.0,-100.0,-100.0,-100.0,-100.0,-100.0,AF,533,533,-6.494132974864272,AF
534,534.0,0.7,1.2,0.95,0.95,0.3535533905932738,AF,534,534,-6.6121956349401225,AF
535,535.0,-100.0,-100.0,-100.0,-100.0,-100.0,AF,535,535,-8.154202798613982,AF
536,536.0,-100.0,-100.0,-100.0,-100.0,-100.0,AF,536,536,-6.969414797019442,AF
537,537.0,-100.0,-100.0,-100.0,-100.0,-100.0,AF,537,537,-6.770922330862637,AF
538,538.0,-100.0,-100.0,-100.0,-100.0,-100.0,AF,538,538,-7.211999095449093,AF
539,539.0,-100.0,-100.0,-100.0,-100.0,-100.0,AF,539,539,-6.286437425543567,AF
540,540.0,-100.0,-100.0,-100.0,-100.0,-100.0,AF,540,540,-7.374098865396322,AF
541,541.0,0.8,0.8,0.8,0.8,0.0,AF,541,541,-7.808494427992272,AF
542,542.0,0.7,0.7,0.7,0.7,0.0,AF,542,542,-7.982573937763361,AF
543,543.0,-100.0,-100.0,-100.0,-100.0,-100.0,AF,543,543,,AF
544,544.0,0.8,0.8,0.8,0.8,0.0,AF,544,544,-7.941489874575401,AF
545,545.0,0.7,0.7,0.7,0.7,0.0,AF,545,545,-7.4557197632022145,AF
546,546.0,-100.0,-100.0,-100.0,-100.0,-100.0,AF,546,546,-6.4790449138816655,AF
547,547.0,-100.0,-100.0,-100.0,-100.0,-100.0,AF,547,547,-7.707295681602943,AF
548,548.0,0.6,1.6,1.0333333333333332,1.0,0.32403703492039304,PVC,548,548,-7.389182339857419,AF
549,549.0,0.268,0.56,0.414,0.414,0.2064751801064719,PVC,549,549,-7.3309037220908895,AF
550,550.0,0.18,0.528,0.354,0.354,0.2460731598529185,PVC,550,550,-8.18584936573352,AF
551,551.0,-100.0,-100.0,-100.0,-100.0,-100.0,AF,551,551,-7.048079543501093,AF
552,552.0,0.152,0.28800000000000003,0.21600000000000003,0.212,0.06299206299209448,PVC,552,552,-7.856206680839032,AF
553,553.0,-100.0,-100.0,-100.0,-100.0,-100.0,AF,553,553,-8.073162308901209,AF
554,554.0,-100.0,-100.0,-100.0,-100.0,-100.0,AF,554,554,-7.796079460851223,AF
555,555.0,0.8370000000000001,0.961,0.899,0.899,0.08768124086713189,AF,555,555,-7.3413264246913315,AF
556,556.0,0.8,1.0,0.9,0.9,0.14142135623730948,AF,556,556,-7.999972664390838,AF
557,557.0,0.7,0.8,0.75,0.75,0.07071067811865482,AF,557,557,-7.745769022629346,AF
558,558.0,0.6,1.5,0.94,0.9,0.3204163957519444,PVC,558,558,-8.128155675689634,AF
559,559.0,-100.0,-100.0,-100.0,-100.0,-100.0,AF,559,559,-7.560645205062528,AF
560,560.0,0.6,0.8,0.7,0.7,0.14142135623730953,AF,560,560,-7.408380308481719,AF
561,561.0,0.6,1.1,0.89,0.9,0.1523883926754995,PVC,561,561,-7.847651330959197,AF
562,562.0,0.6,0.7,0.6499999999999999,0.6499999999999999,0.07071067811865474,AF,562,562,-7.825366361770492,AF
563,563.0,-100.0,-100.0,-100.0,-100.0,-100.0,AF,563,563,-7.587023976273812,AF
564,564.0,0.9,1.0,0.95,0.95,0.07071067811865474,AF,564,564,-7.917683247043067,AF
565,565.0,-100.0,-100.0,-100.0,-100.0,-100.0,AF,565,565,-7.968178394200352,AF
566,566.0,0.6,0.7,0.6499999999999999,0.6499999999999999,0.07071067811865474,AF,566,566,-7.636051697391727,AF
567,567.0,0.07200000000000001,0.43200000000000005,0.2853333333333333,0.35200000000000004,0.18903262505010432,PVC,567,567,-7.702495965699207,AF
568,568.0,-100.0,-100.0,-100.0,-100.0,-100.0,AF,568,568,-8.071248862698502,AF
569,569.0,-100.0,-100.0,-100.0,-100.0,-100.0,AF,569,569,-7.901012536642875,AF
570,570.0,0.6,0.7,0.6499999999999999,0.6499999999999999,0.07071067811865474,AF,570,570,-7.9172786517501565,AF
571,571.0,0.7,0.8,0.75,0.75,0.07071067811865482,AF,571,571,-7.690352645542424,AF
572,572.0,-100.0,-100.0,-100.0,-100.0,-100.0,PVC,572,572,-8.004007462670534,AF
573,573.0,0.6,0.7,0.6499999999999999,0.6499999999999999,0.07071067811865474,AF,573,573,-7.435556761974207,AF
574,574.0,-100.0,-100.0,-100.0,-100.0,-100.0,AF,574,574,-7.34597099536369,AF
575,575.0,0.7,0.8,0.75,0.75,0.07071067811865482,AF,575,575,-7.718772446285987,AF
576,576.0,0.7759999999999999,0.784,0.782,0.784,0.0040000000000000036,PVC,576,576,-7.484461471804424,AF
577,577.0,0.7,0.9,0.8,0.8,0.14142135623730953,AF,577,577,-7.751454737946641,AF
578,578.0,-100.0,-100.0,-100.0,-100.0,-100.0,AF,578,578,-7.650090998009218,AF
579,579.0,0.7,0.8,0.75,0.75,0.07071067811865482,AF,579,579,-7.949075552580638,AF
580,580.0,-100.0,-100.0,-100.0,-100.0,-100.0,AF,580,580,-7.742847410857045,AF
581,581.0,-100.0,-100.0,-100.0,-100.0,-100.0,AF,581,581,-7.5407773039036945,AF
582,582.0,-100.0,-100.0,-100.0,-100.0,-100.0,AF,582,582,-7.8848920823312545,AF
583,583.0,-100.0,-100.0,-100.0,-100.0,-100.0,AF,583,583,-7.5678817159863065,AF
584,584.0,-100.0,-100.0,-100.0,-100.0,-100.0,N,584,584,-7.709167982711853,AF
585,585.0,0.6,0.8,0.7,0.7,0.14142135623730953,AF,585,585,-7.693500597041327,AF
586,586.0,0.946,0.9540000000000001,0.95,0.95,0.005656854249492385,AF,586,586,-7.8036569544223395,AF
587,587.0,0.8170000000000001,1.0170000000000001,0.917,0.917,0.14142135623730948,AF,587,587,-7.769089996704513,AF
588,588.0,-100.0,-100.0,-100.0,-100.0,-100.0,AF,588,588,-7.6484799245024835,AF
589,589.0,-100.0,-100.0,-100.0,-100.0,-100.0,AF,589,589,-7.549960910083501,AF
590,590.0,0.8,0.9,0.8500000000000001,0.8500000000000001,0.07071067811865474,AF,590,590,-7.618165754457848,AF
591,591.0,-100.0,-100.0,-100.0,-100.0,-100.0,AF,591,591,-7.950420573247906,AF
592,592.0,0.7,0.7,0.7,0.7,0.0,AF,592,592,-7.649554992246197,AF
593,593.0,0.6,1.5,0.9555555555555556,0.9,0.24037008503093266,PVC,593,593,-7.550409194579222,AF
594,594.0,-100.0,-100.0,-100.0,-100.0,-100.0,AF,594,594,-7.641968611101137,AF
595,595.0,0.7,0.7,0.7,0.7,0.0,AF,595,595,-7.446850040825888,AF
596,596.0,0.6,0.8,0.7,0.7,0.14142135623730953,AF,596,596,-7.976428420433673,AF
597,597.0,-100.0,-100.0,-100.0,-100.0,-100.0,AF,597,597,-7.878084671121393,AF
598,598.0,0.7,0.7,0.7,0.7,0.0,AF,598,598,-7.426241681255733,AF
599,599.0,-100.0,-100.0,-100.0,-100.0,-100.0,AF,599,599,-7.654733531858419,AF
600,600.0,-100.0,-100.0,-100.0,-100.0,-100.0,AF,600,600,-7.922939065259945,AF
601,601.0,-100.0,-100.0,-100.0,-100.0,-100.0,AF,601,601,-8.089061398003103,AF
602,602.0,0.6,0.8,0.7,0.7,0.14142135623730953,AF,602,602,-7.607819281943632,AF
603,603.0,0.6,0.7,0.6499999999999999,0.6499999999999999,0.07071067811865474,AF,603,603,-8.051694184823276,AF
604,604.0,-100.0,-100.0,-100.0,-100.0,-100.0,AF,604,604,-7.4920264138347985,AF
605,605.0,-100.0,-100.0,-100.0,-100.0,-100.0,AF,605,605,-7.758757013732174,AF
606,606.0,-100.0,-100.0,-100.0,-100.0,-100.0,AF,606,606,-7.841351991611036,AF
607,607.0,-100.0,-100.0,-100.0,-100.0,-100.0,AF,607,607,-7.6952278368876685,AF
608,608.0,-100.0,-100.0,-100.0,-100.0,-100.0,AF,608,608,-7.634793298780947,AF
609,609.0,-100.0,-100.0,-100.0,-100.0,-100.0,AF,609,609,-7.555572820011424,AF
610,610.0,0.6,0.8,0.7,0.7,0.14142135623730953,AF,610,610,-7.998477270924793,AF
611,611.0,0.076,0.228,0.152,0.152,0.10748023074035523,PVC,611,611,-7.653842930663428,AF
612,612.0,0.784,0.792,0.7859999999999999,0.784,0.0040000000000000036,PVC,612,612,-7.522523729146668,AF
613,613.0,-100.0,-100.0,-100.0,-100.0,-100.0,AF,613,613,-7.704645784681428,AF
614,614.0,-100.0,-100.0,-100.0,-100.0,-100.0,PVC,614,614,-7.312765941959598,AF
615,615.0,-100.0,-100.0,-100.0,-100.0,-100.0,AF,615,615,-7.7308592897436705,AF
616,616.0,0.7,0.8,0.75,0.75,0.07071067811865482,AF,616,616,-7.399369445197762,AF
617,617.0,0.6,0.7,0.6499999999999999,0.6499999999999999,0.07071067811865474,AF,617,617,-7.240967075333892,AF
618,618.0,-100.0,-100.0,-100.0,-100.0,-100.0,AF,618,618,-8.063904740760622,AF
619,619.0,-100.0,-100.0,-100.0,-100.0,-100.0,AF,619,619,-7.935114944421557,AF
620,620.0,-100.0,-100.0,-100.0,-100.0,-100.0,AF,620,620,-7.456092314070378,AF
621,621.0,-100.0,-100.0,-100.0,-100.0,-100.0,AF,621,621,-7.86031363061546,AF
622,622.0,0.6,0.9,0.75,0.75,0.21213203435596428,AF,622,622,-7.780049127234753,AF
623,623.0,-100.0,-100.0,-100.0,-100.0,-100.0,AF,623,623,-7.34258059578286,AF
624,624.0,-100.0,-100.0,-100.0,-100.0,-100.0,AF,624,624,-7.7759009755762705,AF
625,625.0,0.16399999999999998,0.64,0.402,0.402,0.3365828278447966,PVC,625,625,-7.768332218680991,AF
626,626.0,0.7,0.8,0.75,0.75,0.07071067811865482,AF,626,626,-7.467259686019838,AF
627,627.0,0.8,0.9,0.8500000000000001,0.8500000000000001,0.07071067811865474,AF,627,627,-7.677641702400157,AF
628,628.0,0.7,0.8,0.75,0.75,0.07071067811865482,AF,628,628,-8.017412469261858,AF
629,629.0,-100.0,-100.0,-100.0,-100.0,-100.0,AF,629,629,-7.591640535699471,AF
630,630.0,0.9,1.0,0.95,0.95,0.07071067811865474,AF,630,630,-7.456829827873462,AF
631,631.0,-100.0,-100.0,-100.0,-100.0,-100.0,AF,631,631,-7.848791582553082,AF
632,632.0,-100.0,-100.0,-100.0,-100.0,-100.0,AF,632,632,-7.5364704870365165,AF
633,633.0,-100.0,-100.0,-100.0,-100.0,-100.0,AF,633,633,-7.920164679349858,AF
634,634.0,0.7,0.8,0.75,0.75,0.07071067811865482,AF,634,634,-7.912276628446794,AF
635,635.0,0.5,1.4,0.96,1.0,0.2547329756605707,PVC,635,635,-8.041317967879563,AF
636,636.0,0.8,0.8,0.8,0.8,0.0,AF,636,636,-7.727698523391767,AF
637,637.0,-100.0,-100.0,-100.0,-100.0,-100.0,AF,637,637,-7.53809213385972,AF
638,638.0,-100.0,-100.0,-100.0,-100.0,-100.0,AF,638,638,-7.565186031478344,AF
639,639.0,0.7,1.5,1.1,1.15,0.29277002188456,PVC,639,639,-7.305848261701058,AF
640,640.0,-100.0,-100.0,-100.0,-100.0,-100.0,AF,640,640,-7.33653613089308,AF
641,641.0,0.8,0.9,0.8500000000000001,0.8500000000000001,0.07071067811865474,AF,641,641,-7.956546802526074,AF
642,642.0,-100.0,-100.0,-100.0,-100.0,-100.0,AF,642,642,-7.596177836599621,AF
643,643.0,-100.0,-100.0,-100.0,-100.0,-100.0,AF,643,643,-7.637625071927358,AF
644,644.0,0.6,0.7,0.6499999999999999,0.6499999999999999,0.07071067811865474,AF,644,644,-7.750043687902169,AF
645,645.0,0.7,1.1,0.9,0.9,0.2828427124746191,AF,645,645,-7.243104104122787,AF
646,646.0,-100.0,-100.0,-100.0,-100.0,-100.0,AF,646,646,-7.450814963545435,AF
647,647.0,0.899,0.919,0.909,0.909,0.014142135623730963,AF,647,647,-7.5781282725026955,AF
648,648.0,-100.0,-100.0,-100.0,-100.0,-100.0,AF,648,648,,AF
649,649.0,0.24,0.792,0.68,0.792,0.2459918697843488,PVC,649,649,-7.962562725100918,AF
650,650.0,0.8,0.8,0.8,0.8,0.0,AF,650,650,-7.54422925057241,AF
651,651.0,-100.0,-100.0,-100.0,-100.0,-100.0,AF,651,651,-8.016317647896267,AF
652,652.0,0.6,0.6,0.6,0.6,0.0,AF,652,652,-7.473450098517342,AF
653,653.0,0.7,1.1,0.8363636363636364,0.8,0.13618169680781098,PVC,653,653,-7.8825638276262335,AF
654,654.0,-100.0,-100.0,-100.0,-100.0,-100.0,AF,654,654,-7.696187221282251,AF
655,655.0,0.8,0.968,0.884,0.884,0.11879393923933995,AF,655,655,-8.042925670572039,AF
656,656.0,-100.0,-100.0,-100.0,-100.0,-100.0,AF,656,656,-7.48820641576358,AF
657,657.0,-100.0,-100.0,-100.0,-100.0,-100.0,AF,657,657,-7.964298622809602,AF
658,658.0,0.6,0.9,0.75,0.75,0.21213203435596428,AF,658,658,-7.965998853293287,AF
659,659.0,-100.0,-100.0,-100.0,-100.0,-100.0,AF,659,659,-7.668833101795129,AF
660,660.0,-100.0,-100.0,-100.0,-100.0,-100.0,AF,660,660,-7.456150768175241,AF
661,661.0,0.6,1.0,0.8,0.8,0.28284271247461895,AF,661,661,-8.053530075451139,AF
662,662.0,-100.0,-100.0,-100.0,-100.0,-100.0,AF,662,662,-7.8862242557343,AF
663,663.0,-100.0,-100.0,-100.0,-100.0,-100.0,AF,663,663,-7.843768429489231,AF
664,664.0,-100.0,-100.0,-100.0,-100.0,-100.0,AF,664,664,,AF
665,665.0,0.7,0.7,0.7,0.7,0.0,AF,665,665,-7.348334172920872,AF
666,666.0,0.8,1.0,0.9,0.9,0.14142135623730948,AF,666,666,-7.592873349490116,AF
667,667.0,0.7,1.4,1.0333333333333334,0.9,0.25,PVC,667,667,-8.138029057988605,AF
668,668.0,0.7490000000000001,0.9840000000000001,0.8665,0.8665,0.16617009357883866,AF,668,668,-8.003284875323098,AF
669,669.0,0.07200000000000001,0.47200000000000003,0.23,0.188,0.17112958053280364,PVC,669,669,-7.428263736337386,AF
670,670.0,0.6659999999999999,0.9690000000000001,0.8175,0.8175,0.21425335469952386,N,670,670,-7.565098489776127,AF
671,671.0,-100.0,-100.0,-100.0,-100.0,-100.0,AF,671,671,-7.957600786839827,AF
672,672.0,0.7,1.2,0.95,0.95,0.3535533905932738,AF,672,672,,AF
673,673.0,-100.0,-100.0,-100.0,-100.0,-100.0,AF,673,673,-7.305505765731418,AF
674,674.0,0.6,0.7,0.6499999999999999,0.6499999999999999,0.07071067811865474,AF,674,674,-7.812449326242177,AF
675,675.0,0.8190000000000001,0.899,0.8590000000000001,0.8590000000000001,0.05656854249492385,AF,675,675,-8.021573074847753,AF
676,676.0,0.6,0.7,0.6499999999999999,0.6499999999999999,0.07071067811865474,AF,676,676,-7.681533178352761,AF
677,677.0,-100.0,-100.0,-100.0,-100.0,-100.0,AF,677,677,-7.824360935241277,AF
678,678.0,-100.0,-100.0,-100.0,-100.0,-100.0,AF,678,678,-7.752136495187927,AF
679,679.0,0.6,0.7,0.6499999999999999,0.6499999999999999,0.07071067811865474,AF,679,679,-7.807868613643063,AF
680,680.0,0.6,1.1,0.8500000000000001,0.8500000000000001,0.35355339059327384,AF,680,680,-7.749527765420966,AF
681,681.0,-100.0,-100.0,-100.0,-100.0,-100.0,AF,681,681,,AF
682,682.0,0.6,0.7,0.6499999999999999,0.6499999999999999,0.07071067811865474,AF,682,682,-7.721283133365103,AF
683,683.0,0.7,0.8,0.75,0.75,0.07071067811865482,AF,683,683,-7.775206495963249,AF
684,684.0,-100.0,-100.0,-100.0,-100.0,-100.0,AF,684,684,-7.816852968772037,AF
685,685.0,0.12,0.41600000000000004,0.2893333333333333,0.332,0.15254289014350467,PVC,685,685,-7.713826913153566,AF
686,686.0,0.18,0.284,0.23600000000000002,0.24,0.04572380853195265,PVC,686,686,-7.959420596411973,AF
687,687.0,-100.0,-100.0,-100.0,-100.0,-100.0,AF,687,687,-7.634107861937876,AF
688,688.0,0.7,1.0,0.85,0.85,0.21213203435596428,AF,688,688,-7.482891106909019,AF
689,689.0,-100.0,-100.0,-100.0,-100.0,-100.0,AF,689,689,-7.7888182381017135,AF
690,690.0,0.7,0.8,0.75,0.75,0.07071067811865482,AF,690,690,-7.9222336740871135,AF
691,691.0,-100.0,-100.0,-100.0,-100.0,-100.0,AF,691,691,-7.6814221064796735,AF
692,692.0,0.6,0.7,0.6499999999999999,0.6499999999999999,0.07071067811865474,AF,692,692,-7.280243053618554,AF
693,693.0,0.902,0.914,0.9079999999999999,0.9079999999999999,0.008485281374238578,AF,693,693,-7.805443574891496,AF
694,694.0,0.7,0.8,0.75,0.75,0.07071067811865482,AF,694,694,,AF
695,695.0,-100.0,-100.0,-100.0,-100.0,-100.0,AF,695,695,-7.77292017556434,AF
696,696.0,0.833,0.9670000000000001,0.8999999999999999,0.8999999999999999,0.09475230867899737,AF,696,696,-7.511106702337352,AF
697,697.0,0.8,0.9,0.8500000000000001,0.8500000000000001,0.07071067811865474,AF,697,697,-8.244389149958456,AF
698,698.0,-100.0,-100.0,-100.0,-100.0,-100.0,AF,698,698,-7.727248151412848,AF
699,699.0,-100.0,-100.0,-100.0,-100.0,-100.0,AF,699,699,-7.6260244331098415,AF
700,700.0,-100.0,-100.0,-100.0,-100.0,-100.0,AF,700,700,-7.404528150693142,AF
701,701.0,0.7,0.7,0.7,0.7,0.0,AF,701,701,-7.275379855809237,AF
702,702.0,0.6,0.7,0.6499999999999999,0.6499999999999999,0.07071067811865474,AF,702,702,-7.108887021771423,AF
703,703.0,0.865,0.8690000000000001,0.867,0.867,0.002828427124746193,AF,703,703,-7.781717175418552,AF
704,704.0,-100.0,-100.0,-100.0,-100.0,-100.0,AF,704,704,-7.450051157049316,AF
705,705.0,0.7,0.7,0.7,0.7,0.0,AF,705,705,-7.989241503223583,AF
706,706.0,0.8,1.0,0.9,0.9,0.14142135623730948,AF,706,706,-7.480095812605968,AF
707,707.0,-100.0,-100.0,-100.0,-100.0,-100.0,AF,707,707,-7.691112157599544,AF
708,708.0,-100.0,-100.0,-100.0,-100.0,-100.0,PVC,708,708,-7.627694720567039,AF
709,709.0,0.6,0.8,0.7,0.7,0.14142135623730953,AF,709,709,-8.016189108693611,AF
710,710.0,-100.0,-100.0,-100.0,-100.0,-100.0,AF,710,710,-7.715434820144267,AF
711,711.0,-100.0,-100.0,-100.0,-100.0,-100.0,AF,711,711,-7.371815265230013,AF
712,712.0,-100.0,-100.0,-100.0,-100.0,-100.0,AF,712,712,-7.942717871990577,AF
713,713.0,0.7,0.8,0.75,0.75,0.07071067811865482,AF,713,713,-8.099458570726904,AF
714,714.0,0.7,0.9,0.8,0.8,0.14142135623730953,AF,714,714,-8.00713538466969,AF
715,715.0,-100.0,-100.0,-100.0,-100.0,-100.0,AF,715,715,-7.76141435316547,AF
716,716.0,-100.0,-100.0,-100.0,-100.0,-100.0,AF,716,716,-7.7754614573787855,AF
717,717.0,0.7,1.0,0.85,0.85,0.21213203435596428,AF,717,717,-7.761401229380716,AF
718,718.0,-100.0,-100.0,-100.0,-100.0,-100.0,AF,718,718,-8.323381832976281,AF
719,719.0,0.6,1.6,1.125,1.2000000000000002,0.3195979617313871,PVC,719,719,-8.01493695535658,AF
720,720.0,-100.0,-100.0,-100.0,-100.0,-100.0,AF,720,720,-5.815738264835237,AF
721,721.0,0.6,1.1,0.89,0.9,0.1523883926754995,PVC,721,721,-6.0281674257222315,AF
722,722.0,-100.0,-100.0,-100.0,-100.0,-100.0,AF,722,722,-6.475260650253046,AF
723,723.0,0.6,0.8,0.7,0.7,0.14142135623730953,AF,723,723,-7.190120408040428,AF
724,724.0,-100.0,-100.0,-100.0,-100.0,-100.0,PVC,724,724,-5.739932016884308,AF
725,725.0,-100.0,-100.0,-100.0,-100.0,-100.0,AF,725,725,-6.040139070352187,AF
726,726.0,0.10400000000000001,0.496,0.23800000000000002,0.17600000000000002,0.17531685600648902,PVC,726,726,-6.664698460215268,AF
727,727.0,0.2,0.21600000000000003,0.20933333333333332,0.212,0.008326663997864522,PVC,727,727,-7.493221274602287,AF
728,728.0,-100.0,-100.0,-100.0,-100.0,-100.0,AF,728,728,-6.4658794572888585,AF
729,729.0,0.8,0.8,0.8,0.8,0.0,AF,729,729,-6.285641854500217,AF
730,730.0,-100.0,-100.0,-100.0,-100.0,-100.0,AF,730,730,-6.175429711161027,AF
731,731.0,-100.0,-100.0,-100.0,-100.0,-100.0,AF,731,731,-6.4477270795812585,AF
732,732.0,0.8,0.8,0.8,0.8,0.0,AF,732,732,-6.670598908672693,AF
733,733.0,-100.0,-100.0,-100.0,-100.0,-100.0,AF,733,733,-7.939428971325826,AF
734,734.0,0.6,0.8,0.7,0.7,0.14142135623730953,AF,734,734,-6.873219686394348,AF
735,735.0,-100.0,-100.0,-100.0,-100.0,-100.0,AF,735,735,-5.7724968607542815,AF
736,736.0,-100.0,-100.0,-100.0,-100.0,-100.0,AF,736,736,-7.659180369908848,AF
737,737.0,-100.0,-100.0,-100.0,-100.0,-100.0,AF,737,737,-6.007374524883767,AF
738,738.0,0.7,0.7,0.7,0.7,0.0,AF,738,738,-5.4528583497502,AF
739,739.0,0.6,0.8,0.7,0.7,0.14142135623730953,AF,739,739,-6.352614016551787,AF
740,740.0,0.6,0.8,0.7,0.7,0.14142135623730953,AF,740,740,-5.923108851894227,AF
741,741.0,-100.0,-100.0,-100.0,-100.0,-100.0,AF,741,741,-6.182701146257628,AF
742,742.0,-100.0,-100.0,-100.0,-100.0,-100.0,AF,742,742,-6.169281371293094,AF
743,743.0,-100.0,-100.0,-100.0,-100.0,-100.0,AF,743,743,-6.590324676289582,AF
744,744.0,0.6,0.7,0.6499999999999999,0.6499999999999999,0.07071067811865474,AF,744,744,-6.943310812797071,AF
745,745.0,-100.0,-100.0,-100.0,-100.0,-100.0,PVC,745,745,-6.557168489053444,AF
746,746.0,-100.0,-100.0,-100.0,-100.0,-100.0,AF,746,746,-6.3912766262675085,AF
747,747.0,-100.0,-100.0,-100.0,-100.0,-100.0,AF,747,747,-6.930335153790063,AF
748,748.0,0.9,0.9,0.9,0.9,0.0,AF,748,748,-6.4526300418931735,AF
749,749.0,-100.0,-100.0,-100.0,-100.0,-100.0,AF,749,749,-8.170253380523711,AF
750,750.0,0.7,0.8,0.75,0.75,0.07071067811865482,AF,750,750,,AF
751,751.0,-100.0,-100.0,-100.0,-100.0,-100.0,AF,751,751,-6.262806060146537,AF
752,752.0,-100.0,-100.0,-100.0,-100.0,-100.0,N,752,752,-8.02510924310841,AF
753,753.0,-100.0,-100.0,-100.0,-100.0,-100.0,AF,753,753,-6.553580138246138,AF
754,754.0,0.11599999999999999,0.384,0.2253333333333333,0.17600000000000002,0.14064612804245033,PVC,754,754,-6.032709200488287,AF
755,755.0,0.8,0.8,0.8,0.8,0.0,AF,755,755,-5.64875377549062,AF
756,756.0,-100.0,-100.0,-100.0,-100.0,-100.0,AF,756,756,,AF
757,757.0,0.7,0.7,0.7,0.7,0.0,AF,757,757,-6.109573364276234,AF
758,758.0,-100.0,-100.0,-100.0,-100.0,-100.0,AF,758,758,-6.109263130894249,AF
759,759.0,0.7,0.8,0.75,0.75,0.07071067811865482,AF,759,759,-7.547154698135311,AF
760,760.0,0.7,0.8,0.75,0.75,0.07071067811865482,AF,760,760,-6.272747975352957,AF
761,761.0,0.7,0.7,0.7,0.7,0.0,AF,761,761,-6.651307855209176,AF
762,762.0,-100.0,-100.0,-100.0,-100.0,-100.0,AF,762,762,-6.950817670419902,AF
763,763.0,0.868,0.9470000000000001,0.9075,0.9075,0.05586143571373723,AF,763,763,-6.712790825438414,AF
764,764.0,-100.0,-100.0,-100.0,-100.0,-100.0,AF,764,764,-7.170934902764922,AF
765,765.0,0.8,0.9,0.8500000000000001,0.8500000000000001,0.07071067811865474,AF,765,765,-5.632272227394596,AF
766,766.0,-100.0,-100.0,-100.0,-100.0,-100.0,N,766,766,-8.203640977961753,AF
767,767.0,-100.0,-100.0,-100.0,-100.0,-100.0,AF,767,767,-6.368904534265069,AF
768,768.0,-100.0,-100.0,-100.0,-100.0,-100.0,AF,768,768,-6.085459120125961,AF
769,769.0,-100.0,-100.0,-100.0,-100.0,-100.0,AF,769,769,-6.50314820563038,AF
770,770.0,0.7,1.0,0.85,0.85,0.21213203435596428,AF,770,770,-6.605586801937232,AF
771,771.0,-100.0,-100.0,-100.0,-100.0,-100.0,AF,771,771,-6.28542977724238,AF
772,772.0,0.7,0.7,0.7,0.7,0.0,AF,772,772,-6.9060930672021135,AF
773,773.0,0.7,0.8,0.75,0.75,0.07071067811865482,AF,773,773,-6.866797095341417,AF
774,774.0,0.264,0.816,0.4902857142857143,0.44799999999999995,0.1794637514798966,PVC,774,774,-6.806727249214858,AF
775,775.0,-100.0,-100.0,-100.0,-100.0,-100.0,AF,775,775,-6.512093002919028,AF
776,776.0,0.7759999999999999,0.792,0.784,0.784,0.0065319726474218145,PVC,776,776,-6.101165518675329,AF
777,777.0,0.8,0.9,0.8500000000000001,0.8500000000000001,0.07071067811865474,AF,777,777,-6.155878749197836,AF
778,778.0,-100.0,-100.0,-100.0,-100.0,-100.0,AF,778,778,-6.607226839368969,AF
779,779.0,-100.0,-100.0,-100.0,-100.0,-100.0,AF,779,779,-7.599855567778717,AF
780,780.0,0.6,0.8,0.7,0.7,0.14142135623730953,AF,780,780,-6.540962180830946,AF
781,781.0,-100.0,-100.0,-100.0,-100.0,-100.0,AF,781,781,-7.057402834381103,AF
782,782.0,0.188,0.532,0.36,0.36,0.24324473272817235,PVC,782,782,-6.408841279015085,AF
783,783.0,0.6,0.7,0.6499999999999999,0.6499999999999999,0.07071067811865474,AF,783,783,-6.79611092753014,AF
784,784.0,0.8,0.8,0.8,0.8,0.0,AF,784,784,-6.933654720309456,AF
785,785.0,0.256,0.408,0.332,0.332,0.1074802307403552,PVC,785,785,-6.68476934870258,AF
786,786.0,0.7,0.7,0.7,0.7,0.0,AF,786,786,-7.584099709429167,AF
787,787.0,-100.0,-100.0,-100.0,-100.0,-100.0,AF,787,787,-6.455071354450007,AF
788,788.0,0.8,1.5,1.0555555555555556,1.0,0.2403700850309326,PVC,788,788,-6.333657315815325,AF
789,789.0,0.6,0.7,0.6499999999999999,0.6499999999999999,0.07071067811865474,AF,789,789,-6.140047929739107,AF
790,790.0,-100.0,-100.0,-100.0,-100.0,-100.0,AF,790,790,-6.481921140889543,AF
791,791.0,0.6,0.8,0.7,0.7,0.14142135623730953,AF,791,791,-6.4638059312022005,AF
792,792.0,-100.0,-100.0,-100.0,-100.0,-100.0,AF,792,792,-5.613322625952294,AF
793,793.0,0.7,1.0,0.85,0.85,0.21213203435596428,AF,793,793,-6.802976268751345,AF
794,794.0,-100.0,-100.0,-100.0,-100.0,-100.0,AF,794,794,-6.4546501166383585,AF
795,795.0,0.8,0.9,0.8500000000000001,0.8500000000000001,0.07071067811865474,AF,795,795,,AF
796,796.0,-100.0,-100.0,-100.0,-100.0,-100.0,AF,796,796,-6.799631137208299,AF
797,797.0,-100.0,-100.0,-100.0,-100.0,-100.0,AF,797,797,,AF
798,798.0,-100.0,-100.0,-100.0,-100.0,-100.0,AF,798,798,-7.2861273871161245,AF
799,799.0,0.6,1.1,0.8500000000000001,0.8500000000000001,0.35355339059327384,AF,799,799,-7.2090895657807375,AF
800,800.0,-100.0,-100.0,-100.0,-100.0,-100.0,AF,800,800,-7.20247004780877,AF
801,801.0,0.6,0.6,0.6,0.6,0.0,AF,801,801,-6.412113783387428,AF
802,802.0,-100.0,-100.0,-100.0,-100.0,-100.0,N,802,802,-6.633665610343317,AF
803,803.0,0.256,0.792,0.6272,0.7759999999999999,0.2353278564046339,PVC,803,803,-5.3647632741821205,AF
804,804.0,0.8,0.9,0.8500000000000001,0.8500000000000001,0.07071067811865474,AF,804,804,-5.880159845950383,AF
805,805.0,-100.0,-100.0,-100.0,-100.0,-100.0,AF,805,805,-6.934110680118347,AF
806,806.0,0.6,0.7,0.6499999999999999,0.6499999999999999,0.07071067811865474,AF,806,806,-6.703025310063128,AF
807,807.0,0.7,0.8,0.75,0.75,0.07071067811865482,AF,807,807,-6.3217035337591545,AF
808,808.0,-100.0,-100.0,-100.0,-100.0,-100.0,AF,808,808,-6.035932500770856,AF
809,809.0,-100.0,-100.0,-100.0,-100.0,-100.0,AF,809,809,-6.7975783413269815,AF
810,810.0,0.6,0.7,0.6499999999999999,0.6499999999999999,0.07071067811865474,AF,810,810,-6.648093877762692,AF
811,811.0,0.7,0.9,0.8,0.8,0.14142135623730953,AF,811,811,-7.014849082629546,AF
812,812.0,0.11199999999999999,0.396,0.2533333333333333,0.252,0.14200469475807248,PVC,812,812,-6.987987502335763,AF
813,813.0,-100.0,-100.0,-100.0,-100.0,-100.0,AF,813,813,-6.1667358474848175,AF
814,814.0,-100.0,-100.0,-100.0,-100.0,-100.0,AF,814,814,-7.638058569022241,AF
815,815.0,0.7,0.8,0.75,0.75,0.07071067811865482,AF,815,815,-6.250737775469926,AF
816,816.0,-100.0,-100.0,-100.0,-100.0,-100.0,AF,816,816,-7.308896110749942,AF
817,817.0,-100.0,-100.0,-100.0,-100.0,-100.0,AF,817,817,-7.485543302307428,AF
818,818.0,-100.0,-100.0,-100.0,-100.0,-100.0,AF,818,818,-6.319784824105697,AF
819,819.0,-100.0,-100.0,-100.0,-100.0,-100.0,AF,819,819,-6.174338112305343,AF
820,820.0,-100.0,-100.0,-100.0,-100.0,-100.0,AF,820,820,-6.5149724658731785,AF
821,821.0,-100.0,-100.0,-100.0,-100.0,-100.0,AF,821,821,-7.485095497558423,AF
822,822.0,-100.0,-100.0,-100.0,-100.0,-100.0,AF,822,822,-6.6839203650895795,AF
823,823.0,0.7,0.7,0.7,0.7,0.0,AF,823,823,-7.346624898159537,AF
824,824.0,0.132,5091.1,1697.1533333333334,0.228,2939.2440328147877,PVC,824,824,-6.023033383672402,AF
825,825.0,0.24,0.784,0.648,0.772,0.2221639034586852,PVC,825,825,-5.320537850185027,AF
826,826.0,-100.0,-100.0,-100.0,-100.0,-100.0,AF,826,826,-6.86442265440827,AF
827,827.0,0.7,0.7,0.7,0.7,0.0,AF,827,827,-5.7523032397468725,AF
828,828.0,-100.0,-100.0,-100.0,-100.0,-100.0,AF,828,828,-5.973219063150497,AF
829,829.0,0.8,0.9,0.8500000000000001,0.8500000000000001,0.07071067811865474,AF,829,829,-6.160889556691417,AF
830,830.0,0.7,0.8,0.75,0.75,0.07071067811865482,AF,830,830,-5.840316014556304,AF
831,831.0,0.6,0.7,0.6499999999999999,0.6499999999999999,0.07071067811865474,AF,831,831,-6.385671515503943,AF
832,832.0,0.6,1.4,0.8272727272727273,0.8,0.21489955370316194,PVC,832,832,-6.669681623035178,AF
833,833.0,0.6,0.7,0.6499999999999999,0.6499999999999999,0.07071067811865474,AF,833,833,-6.942751254682507,AF
834,834.0,-100.0,-100.0,-100.0,-100.0,-100.0,AF,834,834,,AF
835,835.0,-100.0,-100.0,-100.0,-100.0,-100.0,AF,835,835,-6.300876110013043,AF
836,836.0,-100.0,-100.0,-100.0,-100.0,-100.0,AF,836,836,-5.742295676084514,AF
837,837.0,0.7,0.8,0.75,0.75,0.07071067811865482,AF,837,837,-6.097286358829162,AF
838,838.0,-100.0,-100.0,-100.0,-100.0,-100.0,AF,838,838,-5.8927734171031165,AF
839,839.0,-100.0,-100.0,-100.0,-100.0,-100.0,AF,839,839,-6.9173587395301235,AF
840,840.0,-100.0,-100.0,-100.0,-100.0,-100.0,AF,840,840,-6.8408051052529775,AF
841,841.0,0.7,0.7,0.7,0.7,0.0,AF,841,841,-7.568295093934463,AF
842,842.0,-100.0,-100.0,-100.0,-100.0,-100.0,AF,842,842,-6.009467833069358,AF
843,843.0,-100.0,-100.0,-100.0,-100.0,-100.0,AF,843,843,-7.5011962756546735,AF
844,844.0,-100.0,-100.0,-100.0,-100.0,-100.0,AF,844,844,-5.929102112980576,AF
845,845.0,0.7,0.7,0.7,0.7,0.0,AF,845,845,-7.062950282859999,AF
846,846.0,0.7,0.7,0.7,0.7,0.0,AF,846,846,-6.2068245616465925,AF
847,847.0,0.8,0.9,0.8500000000000001,0.8500000000000001,0.07071067811865474,AF,847,847,-6.153646548708192,AF
848,848.0,0.7,0.7,0.7,0.7,0.0,AF,848,848,-6.097021210841316,AF
849,849.0,0.8,1.0,0.9,0.9,0.14142135623730948,AF,849,849,-6.721413585235967,AF
850,850.0,-100.0,-100.0,-100.0,-100.0,-100.0,AF,850,850,-6.605112341567548,AF
851,851.0,0.7,0.9,0.8,0.8,0.14142135623730953,AF,851,851,-5.9512298661928975,AF
852,852.0,-100.0,-100.0,-100.0,-100.0,-100.0,AF,852,852,-7.555400579092362,AF
853,853.0,-100.0,-100.0,-100.0,-100.0,-100.0,AF,853,853,-7.2127473472810975,AF
854,854.0,-100.0,-100.0,-100.0,-100.0,-100.0,AF,854,854,-6.739578671897645,AF
855,855.0,-100.0,-100.0,-100.0,-100.0,-100.0,AF,855,855,-6.8820507167891805,AF
856,856.0,-100.0,-100.0,-100.0,-100.0,-100.0,AF,856,856,-5.9391444896339305,AF
857,857.0,0.7,0.7,0.7,0.7,0.0,AF,857,857,-7.420531941683713,AF
858,858.0,0.188,0.452,0.2786666666666667,0.196,0.1501643544032116,PVC,858,858,-5.821207627018111,AF
859,859.0,0.7,0.8,0.75,0.75,0.07071067811865482,AF,859,859,-7.925137477440941,AF
860,860.0,0.7,0.8,0.75,0.75,0.07071067811865482,AF,860,860,-6.164971255955678,AF
861,861.0,0.7,0.8,0.75,0.75,0.07071067811865482,AF,861,861,-7.169272298619807,AF
862,862.0,-100.0,-100.0,-100.0,-100.0,-100.0,AF,862,862,-5.8822136134705945,AF
863,863.0,0.7,0.7,0.7,0.7,0.0,AF,863,863,-5.964609327155044,AF
864,864.0,-100.0,-100.0,-100.0,-100.0,-100.0,AF,864,864,-7.5038494351550105,AF
865,865.0,-100.0,-100.0,-100.0,-100.0,-100.0,AF,865,865,-7.072257919295787,AF
866,866.0,-100.0,-100.0,-100.0,-100.0,-100.0,AF,866,866,-7.9032223035797955,AF
867,867.0,0.6,0.7,0.6499999999999999,0.6499999999999999,0.07071067811865474,AF,867,867,-6.138817839776246,AF
868,868.0,0.6,0.6,0.6,0.6,0.0,AF,868,868,-5.7742763357783415,AF
869,869.0,-100.0,-100.0,-100.0,-100.0,-100.0,AF,869,869,-5.818772451372499,AF
870,870.0,-100.0,-100.0,-100.0,-100.0,-100.0,AF,870,870,-6.793535863876826,AF
871,871.0,-100.0,-100.0,-100.0,-100.0,-100.0,AF,871,871,-6.091932746723414,AF
872,872.0,0.128,0.44799999999999995,0.264,0.21600000000000003,0.1653118265581746,PVC,872,872,-6.802003252244205,AF
873,873.0,-100.0,-100.0,-100.0,-100.0,-100.0,AF,873,873,-6.7662206864287535,AF
874,874.0,-100.0,-100.0,-100.0,-100.0,-100.0,AF,874,874,-6.690876850766636,AF
875,875.0,-100.0,-100.0,-100.0,-100.0,-100.0,AF,875,875,-7.242999050423545,AF
876,876.0,0.11599999999999999,0.44799999999999995,0.2866666666666667,0.29600000000000004,0.16619667064455093,PVC,876,876,-7.703139213585214,AF
877,877.0,-100.0,-100.0,-100.0,-100.0,-100.0,AF,877,877,-6.527967994067314,AF
878,878.0,0.8,1.0,0.9,0.9,0.14142135623730948,AF,878,878,-6.141734265796452,AF
879,879.0,0.7170000000000001,0.8,0.7585,0.7585,0.0586898628384835,N,879,879,-6.2791504631340525,AF
880,880.0,0.6,0.8,0.7,0.7,0.14142135623730953,AF,880,880,-6.497070224500135,AF
881,881.0,-100.0,-100.0,-100.0,-100.0,-100.0,AF,881,881,-6.890743370425635,AF
882,882.0,0.7,0.7,0.7,0.7,0.0,AF,882,882,-7.696329936856885,AF
883,883.0,-100.0,-100.0,-100.0,-100.0,-100.0,AF,883,883,-6.808851182337674,AF
884,884.0,-100.0,-100.0,-100.0,-100.0,-100.0,AF,884,884,-5.834949984206514,AF
885,885.0,-100.0,-100.0,-100.0,-100.0,-100.0,AF,885,885,-7.818504745394898,AF
886,886.0,0.833,1.033,0.933,0.933,0.14142135623730948,AF,886,886,-7.830126159630518,AF
887,887.0,-100.0,-100.0,-100.0,-100.0,-100.0,AF,887,887,-8.111658608702726,AF
888,888.0,0.7,0.9,0.8,0.8,0.14142135623730953,AF,888,888,-6.571501512829718,AF
889,889.0,0.8,0.8,0.8,0.8,0.0,AF,889,889,-6.453344360693362,AF
890,890.0,-100.0,-100.0,-100.0,-100.0,-100.0,AF,890,890,-5.9025097614151525,AF
891,891.0,-100.0,-100.0,-100.0,-100.0,-100.0,AF,891,891,-6.429417793330642,AF
892,892.0,0.6,0.8,0.7,0.7,0.14142135623730953,AF,892,892,-7.292523619025903,AF
893,893.0,-100.0,-100.0,-100.0,-100.0,-100.0,AF,893,893,-6.463032987247906,AF
894,894.0,-100.0,-100.0,-100.0,-100.0,-100.0,AF,894,894,-6.964630623888334,AF
895,895.0,0.6,0.9,0.75,0.75,0.21213203435596428,AF,895,895,-7.008104731067911,AF
896,896.0,-100.0,-100.0,-100.0,-100.0,-100.0,AF,896,896,-6.2954393953433785,AF
897,897.0,0.7,0.9,0.8,0.8,0.14142135623730953,AF,897,897,-7.292536261986853,AF
898,898.0,0.7,0.8,0.75,0.75,0.07071067811865482,AF,898,898,-6.711968111544452,AF
899,899.0,0.6,0.8,0.7,0.7,0.14142135623730953,AF,899,899,-6.977990201699487,AF
900,900.0,-100.0,-100.0,-100.0,-100.0,-100.0,AF,0,0,-6.265843859743812,N
901,901.0,0.6,0.6,0.6,0.6,0.0,AF,1,1,-6.100277832325166,N
902,902.0,0.10400000000000001,0.344,0.25866666666666666,0.32799999999999996,0.13418395333769734,PVC,2,2,-6.137914225218218,N
903,903.0,0.6,0.8,0.7,0.7,0.14142135623730953,AF,3,3,-6.17656837208791,N
904,904.0,-100.0,-100.0,-100.0,-100.0,-100.0,AF,4,4,-5.592754367885012,N
905,905.0,-100.0,-100.0,-100.0,-100.0,-100.0,AF,5,5,-5.290728676570874,N
906,906.0,0.7,1.3,1.0444444444444445,1.1,0.1810463415200036,PVC,6,6,-5.813333693582223,N
907,907.0,-100.0,-100.0,-100.0,-100.0,-100.0,AF,7,7,-5.060988269230065,N
908,908.0,0.6,0.7,0.6499999999999999,0.6499999999999999,0.07071067811865474,AF,8,8,-6.471945210425321,N
909,909.0,-100.0,-100.0,-100.0,-100.0,-100.0,AF,9,9,-5.793416298953923,N
910,910.0,-100.0,-100.0,-100.0,-100.0,-100.0,AF,10,10,-5.943834366977527,N
911,911.0,-100.0,-100.0,-100.0,-100.0,-100.0,AF,11,11,-5.631745838993043,N
912,912.0,0.8,0.9,0.8500000000000001,0.8500000000000001,0.07071067811865474,AF,12,12,-5.6834945702237585,N
913,913.0,-100.0,-100.0,-100.0,-100.0,-100.0,AF,13,13,-5.480629819387344,N
914,914.0,-100.0,-100.0,-100.0,-100.0,-100.0,N,14,14,-5.603984415410802,N
915,915.0,-100.0,-100.0,-100.0,-100.0,-100.0,AF,15,15,-5.600319098205209,N
916,916.0,-100.0,-100.0,-100.0,-100.0,-100.0,AF,16,16,-5.762186179291486,N
917,917.0,0.816,0.9159999999999999,0.866,0.866,0.07071067811865482,AF,17,17,-5.56061764910951,N
918,918.0,-100.0,-100.0,-100.0,-100.0,-100.0,AF,18,18,-5.879347297692172,N
919,919.0,-100.0,-100.0,-100.0,-100.0,-100.0,AF,19,19,-5.108932463154787,N
920,920.0,0.6,0.9,0.75,0.75,0.21213203435596428,AF,20,20,-5.417082573139579,N
921,921.0,0.17600000000000002,0.24,0.21600000000000003,0.23199999999999998,0.034871191548325395,PVC,21,21,-5.546048335500217,N
922,922.0,0.7,0.8,0.75,0.75,0.07071067811865482,AF,22,22,-5.151774761383005,N
923,923.0,0.7,1.1,0.9,0.9,0.2828427124746191,AF,23,23,-5.1753660042476985,N
924,924.0,-100.0,-100.0,-100.0,-100.0,-100.0,AF,24,24,-5.733751754887472,N
925,925.0,0.7,0.7,0.7,0.7,0.0,AF,25,25,-5.134164701145028,N
926,926.0,0.7,0.8,0.75,0.75,0.07071067811865482,AF,26,26,-5.4858100578614675,N
927,927.0,0.784,0.792,0.7859999999999999,0.784,0.0040000000000000036,PVC,27,27,-5.2527145630330985,N
928,928.0,-100.0,-100.0,-100.0,-100.0,-100.0,AF,28,28,-5.331540599491562,N
929,929.0,-100.0,-100.0,-100.0,-100.0,-100.0,AF,29,29,-5.173991064753526,N
930,930.0,0.7,0.7,0.7,0.7,0.0,AF,30,30,-5.123254189512178,N
931,931.0,-100.0,-100.0,-100.0,-100.0,-100.0,AF,31,31,-5.337415939113597,N
932,932.0,0.6,0.9,0.75,0.75,0.21213203435596428,AF,32,32,-4.699394104516297,N
933,933.0,-100.0,-100.0,-100.0,-100.0,-100.0,AF,33,33,-5.415209048643415,N
934,934.0,-100.0,-100.0,-100.0,-100.0,-100.0,AF,34,34,,N
935,935.0,0.784,0.792,0.7859999999999999,0.784,0.0040000000000000036,PVC,35,35,-6.836344384879363,N
936,936.0,0.7,0.7,0.7,0.7,0.0,AF,36,36,-5.0167917337296375,N
937,937.0,0.24,0.424,0.332,0.332,0.13010764773832473,PVC,37,37,-5.957970795684719,N
938,938.0,0.6,0.9,0.75,0.75,0.21213203435596428,AF,38,38,-5.393524773557692,N
939,939.0,0.8,29682.73,14841.765,14841.765,20988.29398170442,PVC,39,39,-5.463150512691074,N
940,940.0,0.6,0.7,0.6499999999999999,0.6499999999999999,0.07071067811865474,AF,40,40,-5.2869750202592085,N
941,941.0,-100.0,-100.0,-100.0,-100.0,-100.0,AF,41,41,-5.603165771764092,N
942,942.0,0.6,0.8,0.7,0.7,0.14142135623730953,AF,42,42,-5.060627127418421,N
943,943.0,0.8170000000000001,0.8170000000000001,0.8170000000000001,0.8170000000000001,0.0,AF,43,43,-5.277021862041232,N
944,944.0,0.7,0.8,0.75,0.75,0.07071067811865482,AF,44,44,-5.6748779015314295,N
945,945.0,0.08800000000000001,0.584,0.2786666666666667,0.16399999999999998,0.2671429080723149,PVC,45,45,-5.136299592138493,N
946,946.0,-100.0,-100.0,-100.0,-100.0,-100.0,AF,46,46,-5.541946596815233,N
947,947.0,-100.0,-100.0,-100.0,-100.0,-100.0,AF,47,47,-5.160352701148568,N
948,948.0,-100.0,-100.0,-100.0,-100.0,-100.0,AF,48,48,-6.315032350776143,N
949,949.0,-100.0,-100.0,-100.0,-100.0,-100.0,AF,49,49,-5.358486673438335,N
950,950.0,-100.0,-100.0,-100.0,-100.0,-100.0,AF,50,50,-6.0765030699875044,N
951,951.0,0.72,1.129,0.9245,0.9245,0.28920667350529794,AF,51,51,-5.86247902043826,N
952,952.0,0.7,0.9,0.8,0.8,0.14142135623730953,AF,52,52,-5.768487873242807,N
953,953.0,-100.0,-100.0,-100.0,-100.0,-100.0,AF,53,53,-5.523407732162172,N
954,954.0,-100.0,-100.0,-100.0,-100.0,-100.0,AF,54,54,-5.201273334211729,N
955,955.0,0.6,0.8,0.7,0.7,0.14142135623730953,AF,55,55,-5.188709142981812,N
956,956.0,-100.0,-100.0,-100.0,-100.0,-100.0,AF,56,56,-5.605894357634695,N
957,957.0,-100.0,-100.0,-100.0,-100.0,-100.0,AF,57,57,-5.625895362619275,N
958,958.0,-100.0,-100.0,-100.0,-100.0,-100.0,AF,58,58,-5.56673305465145,N
959,959.0,-100.0,-100.0,-100.0,-100.0,-100.0,AF,59,59,-5.107160364677742,N
960,960.0,-100.0,-100.0,-100.0,-100.0,-100.0,AF,60,60,-5.635202665723146,N
961,961.0,-100.0,-100.0,-100.0,-100.0,-100.0,AF,61,61,-5.3571497620572615,N
962,962.0,-100.0,-100.0,-100.0,-100.0,-100.0,AF,62,62,-5.555739856218353,N
963,963.0,0.7,0.7,0.7,0.7,0.0,AF,63,63,-5.236382165844437,N
964,964.0,0.7,0.7,0.7,0.7,0.0,AF,64,64,-5.536534367833683,N
965,965.0,0.136,0.56,0.316,0.252,0.21912553479683744,PVC,65,65,-5.071516804122507,N
966,966.0,-100.0,-100.0,-100.0,-100.0,-100.0,AF,66,66,-5.693417217811158,N
967,967.0,-100.0,-100.0,-100.0,-100.0,-100.0,AF,67,67,-5.753479939617237,N
968,968.0,-100.0,-100.0,-100.0,-100.0,-100.0,AF,68,68,-5.5137226848938825,N
969,969.0,0.851,0.965,0.908,0.908,0.08061017305526641,AF,69,69,-5.528590118446768,N
970,970.0,-100.0,-100.0,-100.0,-100.0,-100.0,AF,70,70,,N
971,971.0,0.21600000000000003,0.632,0.424,0.424,0.2941564209736038,PVC,71,71,-5.312801640888219,N
972,972.0,0.7,0.7,0.7,0.7,0.0,AF,72,72,-5.575238812884615,N
973,973.0,0.6,0.7,0.6499999999999999,0.6499999999999999,0.07071067811865474,AF,73,73,-5.577349891101234,N
974,974.0,0.7,0.8,0.75,0.75,0.07071067811865482,AF,74,74,-5.168730539400649,N
975,975.0,0.7,0.8,0.75,0.75,0.07071067811865482,AF,75,75,-5.825736351025183,N
976,976.0,0.6,1.2,0.7999999999999999,0.7,0.2280350850198276,PVC,76,76,-5.092924250052756,N
977,977.0,-100.0,-100.0,-100.0,-100.0,-100.0,AF,77,77,-5.630716046037443,N
978,978.0,-100.0,-100.0,-100.0,-100.0,-100.0,N,78,78,-5.643346141759852,N
979,979.0,0.8,0.8,0.8,0.8,0.0,AF,79,79,-5.258476875601375,N
980,980.0,-100.0,-100.0,-100.0,-100.0,-100.0,AF,80,80,-5.223809766958901,N
981,981.0,0.24,0.8240000000000001,0.43,0.384,0.19863534428696214,PVC,81,81,-5.4125096901009035,N
982,982.0,-100.0,-100.0,-100.0,-100.0,-100.0,AF,82,82,-5.2754647819396485,N
983,983.0,-100.0,-100.0,-100.0,-100.0,-100.0,AF,83,83,-5.285492857766419,N
984,984.0,-100.0,-100.0,-100.0,-100.0,-100.0,AF,84,84,-5.5489637193478565,N
985,985.0,0.7,0.9,0.8,0.8,0.14142135623730953,AF,85,85,-5.2421992073252435,N
986,986.0,-100.0,-100.0,-100.0,-100.0,-100.0,AF,86,86,,N
987,987.0,0.7,0.8,0.75,0.75,0.07071067811865482,AF,87,87,-5.254087645575012,N
988,988.0,0.6,0.7,0.6499999999999999,0.6499999999999999,0.07071067811865474,AF,88,88,-5.279008907717345,N
989,989.0,-100.0,-100.0,-100.0,-100.0,-100.0,AF,89,89,-5.320250607592102,N
990,990.0,0.7,0.9,0.8,0.8,0.14142135623730953,AF,90,90,-5.4444793432044944,N
991,991.0,-100.0,-100.0,-100.0,-100.0,-100.0,AF,91,91,-5.636844711032747,N
992,992.0,0.2,0.528,0.364,0.364,0.2319310242291876,PVC,92,92,,N
993,993.0,0.9179999999999999,0.9309999999999999,0.9245,0.9245,0.009192388155425123,AF,93,93,-5.411507834952736,N
994,994.0,-100.0,-100.0,-100.0,-100.0,-100.0,AF,94,94,-5.5893439527231585,N
995,995.0,-100.0,-100.0,-100.0,-100.0,-100.0,AF,95,95,-5.576166639716773,N
996,996.0,0.21600000000000003,0.46399999999999997,0.34,0.34,0.1753624817342638,PVC,96,96,-5.89452405402702,N
997,997.0,-100.0,-100.0,-100.0,-100.0,-100.0,AF,97,97,-5.183184447427139,N
998,998.0,0.7,0.7,0.7,0.7,0.0,AF,98,98,-5.640778392162571,N
999,999.0,0.7,1.3,0.91,0.8500000000000001,0.17919573407620815,PVC,99,99,-5.393851763997754,N
1000,1000.0,0.7,1.7,1.0666666666666669,0.9,0.3201562118716424,PVC,100,100,-5.549782633204383,N
1001,1001.0,-100.0,-100.0,-100.0,-100.0,-100.0,AF,101,101,-5.441521466903615,N
1002,1002.0,0.8,1.0,0.9,0.9,0.14142135623730948,AF,102,102,-5.677363205154741,N
1003,1003.0,-100.0,-100.0,-100.0,-100.0,-100.0,AF,103,103,-5.243487878898328,N
1004,1004.0,0.6,1.0,0.8,0.8,0.28284271247461895,AF,104,104,-6.091400715961012,N
1005,1005.0,-100.0,-100.0,-100.0,-100.0,-100.0,AF,105,105,-5.5728993170167485,N
1006,1006.0,-100.0,-100.0,-100.0,-100.0,-100.0,AF,106,106,-5.600612778149592,N
1007,1007.0,0.6,0.8,0.7,0.7,0.14142135623730953,AF,107,107,-6.759351117951432,N
1008,1008.0,0.6,0.7,0.6499999999999999,0.6499999999999999,0.07071067811865474,AF,108,108,-5.1926170396209566,N
1009,1009.0,0.6,0.8,0.7,0.7,0.14142135623730953,AF,109,109,-5.549516563499858,N
1010,1010.0,0.6,0.6,0.6,0.6,0.0,AF,110,110,-5.121232270508608,N
1011,1011.0,-100.0,-100.0,-100.0,-100.0,-100.0,AF,111,111,-5.188709142981812,N
1012,1012.0,0.6,0.7,0.6499999999999999,0.6499999999999999,0.07071067811865474,AF,112,112,-5.605894357634695,N
1013,1013.0,0.7,0.9,0.8,0.8,0.14142135623730953,AF,113,113,-5.625895362619275,N
1014,1014.0,0.8,0.9,0.8500000000000001,0.8500000000000001,0.07071067811865474,AF,114,114,-5.56673305465145,N
1015,1015.0,0.7,0.8,0.75,0.75,0.07071067811865482,AF,115,115,-5.107160364677742,N
1016,1016.0,0.06,0.308,0.204,0.224,0.10466454350288194,PVC,116,116,-5.635202665723146,N
1017,1017.0,-100.0,-100.0,-100.0,-100.0,-100.0,AF,117,117,-5.3571497620572615,N
1018,1018.0,0.6,0.8,0.7,0.7,0.14142135623730953,AF,118,118,-5.555739856218353,N
1019,1019.0,-100.0,-100.0,-100.0,-100.0,-100.0,AF,119,119,-5.236382165844437,N
1020,1020.0,0.6,0.9,0.75,0.75,0.21213203435596428,AF,120,120,-5.536534367833683,N
1021,1021.0,-100.0,-100.0,-100.0,-100.0,-100.0,AF,121,121,-5.071516804122507,N
1022,1022.0,-100.0,-100.0,-100.0,-100.0,-100.0,AF,122,122,-5.693417217811158,N
1023,1023.0,-100.0,-100.0,-100.0,-100.0,-100.0,AF,123,123,-5.753479939617237,N
1024,1024.0,0.6,0.7,0.6499999999999999,0.6499999999999999,0.07071067811865474,AF,124,124,-5.5137226848938825,N
1025,1025.0,-100.0,-100.0,-100.0,-100.0,-100.0,AF,125,125,-5.528590118446768,N
1026,1026.0,-100.0,-100.0,-100.0,-100.0,-100.0,AF,126,126,,N
1027,1027.0,-100.0,-100.0,-100.0,-100.0,-100.0,AF,127,127,-5.312801640888219,N
1028,1028.0,0.7,0.8,0.75,0.75,0.07071067811865482,AF,128,128,-5.575238812884615,N
1029,1029.0,-100.0,-100.0,-100.0,-100.0,-100.0,AF,129,129,-5.577349891101234,N
1030,1030.0,0.6,0.8,0.7,0.7,0.14142135623730953,AF,130,130,-5.168730539400649,N
1031,1031.0,-100.0,-100.0,-100.0,-100.0,-100.0,AF,131,131,-5.825736351025183,N
1032,1032.0,0.8,0.9,0.8500000000000001,0.8500000000000001,0.07071067811865474,AF,132,132,-5.092924250052756,N
1033,1033.0,-100.0,-100.0,-100.0,-100.0,-100.0,AF,133,133,-5.630716046037443,N
1034,1034.0,-100.0,-100.0,-100.0,-100.0,-100.0,AF,134,134,-5.643346141759852,N
1035,1035.0,-100.0,-100.0,-100.0,-100.0,-100.0,AF,135,135,-5.258476875601375,N
1036,1036.0,0.7,0.9,0.8,0.8,0.14142135623730953,AF,136,136,-5.223809766958901,N
1037,1037.0,0.6,1.1,0.8500000000000001,0.8500000000000001,0.35355339059327384,AF,137,137,-5.4125096901009035,N
1038,1038.0,-100.0,-100.0,-100.0,-100.0,-100.0,AF,138,138,-5.2754647819396485,N
1039,1039.0,0.6,0.8,0.7,0.7,0.14142135623730953,AF,139,139,-5.285492857766419,N
1040,1040.0,-100.0,-100.0,-100.0,-100.0,-100.0,AF,140,140,-5.5489637193478565,N
1041,1041.0,-100.0,-100.0,-100.0,-100.0,-100.0,AF,141,141,-5.2421992073252435,N
1042,1042.0,0.8,0.9,0.8500000000000001,0.8500000000000001,0.07071067811865474,AF,142,142,,N
1043,1043.0,0.7,0.8,0.75,0.75,0.07071067811865482,AF,143,143,-5.254087645575012,N
1044,1044.0,-100.0,-100.0,-100.0,-100.0,-100.0,AF,144,144,-5.279008907717345,N
1045,1045.0,0.6,1.3,0.94,0.95,0.22211108331943574,PVC,145,145,-5.320250607592102,N
1046,,,,,,,,146,146,-5.4444793432044944,N
1047,,,,,,,,147,147,-5.636844711032747,N
1048,,,,,,,,148,148,,N
1049,,,,,,,,149,149,-5.411507834952736,N
1050,,,,,,,,150,150,-5.5893439527231585,N
1051,,,,,,,,151,151,-5.576166639716773,N
1052,,,,,,,,152,152,-5.89452405402702,N
1053,,,,,,,,153,153,-5.183184447427139,N
1054,,,,,,,,154,154,-5.640778392162571,N
1055,,,,,,,,155,155,-5.393851763997754,N
1056,,,,,,,,156,156,-5.549782633204383,N
1057,,,,,,,,157,157,-5.441521466903615,N
1058,,,,,,,,158,158,-5.677363205154741,N
1059,,,,,,,,159,159,-5.243487878898328,N
1060,,,,,,,,160,160,-6.091400715961012,N
1061,,,,,,,,161,161,-5.5728993170167485,N
1062,,,,,,,,162,162,-5.600612778149592,N
1063,,,,,,,,163,163,-6.759351117951432,N
1064,,,,,,,,164,164,-5.1926170396209566,N
1065,,,,,,,,165,165,-5.549516563499858,N
1066,,,,,,,,166,166,-6.4299433194136535,N
1067,,,,,,,,167,167,-8.718386784088953,N
1068,,,,,,,,168,168,-8.706067422711707,N
1069,,,,,,,,169,169,-8.707678971435831,N
1070,,,,,,,,170,170,-8.793502742169082,N
1071,,,,,,,,171,171,-8.856883484596306,N
1072,,,,,,,,172,172,-8.841217520536535,N
1073,,,,,,,,173,173,-8.807335335170276,N
1074,,,,,,,,174,174,-8.75562733077321,N
1075,,,,,,,,175,175,-8.691821722832549,N
1076,,,,,,,,176,176,-8.664000512594754,N
1077,,,,,,,,177,177,-8.643926986992659,N
1078,,,,,,,,178,178,-8.663415947438361,N
1079,,,,,,,,179,179,-8.659656614742419,N
1080,,,,,,,,180,180,-8.66960496053963,N
1081,,,,,,,,181,181,-8.706893022216919,N
1082,,,,,,,,182,182,-8.767001527925228,N
1083,,,,,,,,183,183,-8.760627641532693,N
1084,,,,,,,,184,184,-8.707626918666794,N
1085,,,,,,,,185,185,-8.68738015656593,N
1086,,,,,,,,186,186,-8.689235953594393,N
1087,,,,,,,,187,187,-8.678747285110235,N
1088,,,,,,,,188,188,-8.732503706337981,N
1089,,,,,,,,189,189,-8.765217646243556,N
1090,,,,,,,,190,190,-8.70486525413196,N
1091,,,,,,,,191,191,-8.578659220562162,N
1092,,,,,,,,192,192,-8.593876019465823,N
1093,,,,,,,,193,193,-8.669518689221965,N
1094,,,,,,,,194,194,-8.689873833501709,N
1095,,,,,,,,195,195,-8.656137127496024,N
1096,,,,,,,,196,196,-8.603699074799746,N
1097,,,,,,,,197,197,-8.629765631620499,N
1098,,,,,,,,198,198,-8.664172728845402,N
1099,,,,,,,,199,199,-8.70826628464966,N
1100,,,,,,,,200,200,-8.68649871367213,N
1101,,,,,,,,201,201,-8.71701505468412,N
1102,,,,,,,,202,202,-8.679673412998314,N
1103,,,,,,,,203,203,-8.691694556619055,N
1104,,,,,,,,204,204,-8.730245215705374,N
1105,,,,,,,,205,205,-8.651383745220771,N
1106,,,,,,,,206,206,-8.696076408064297,N
1107,,,,,,,,207,207,-8.9850278329936,N
1108,,,,,,,,208,208,-8.692074608314757,N
1109,,,,,,,,209,209,-8.666970548863276,N
1110,,,,,,,,210,210,-8.665282064667856,N
1111,,,,,,,,211,211,-8.768815818196638,N
1112,,,,,,,,212,212,-8.601200304965612,N
1113,,,,,,,,0,0,-12.390352911829595,PVC
1114,,,,,,,,1,1,-12.385824493491715,PVC
1115,,,,,,,,2,2,-12.273127788898018,PVC
1116,,,,,,,,3,3,-12.38442747626707,PVC
1117,,,,,,,,4,4,-12.317186337973936,PVC
1118,,,,,,,,5,5,-12.32000064190785,PVC
1119,,,,,,,,6,6,-12.308376297154435,PVC
1120,,,,,,,,7,7,-12.390896174810145,PVC
1121,,,,,,,,8,8,-12.305636631203752,PVC
1122,,,,,,,,9,9,-12.377221347457384,PVC
1123,,,,,,,,10,10,-12.328582087303438,PVC
1124,,,,,,,,11,11,-12.342654483248616,PVC
1125,,,,,,,,12,12,-12.380158654044607,PVC
1126,,,,,,,,13,13,-12.388925154628293,PVC
1127,,,,,,,,14,14,-12.195107367671113,PVC
1128,,,,,,,,15,15,-12.315786164608864,PVC
1129,,,,,,,,16,16,-12.331856934283525,PVC
1130,,,,,,,,17,17,-12.31036826189102,PVC
1131,,,,,,,,18,18,-12.394342186683064,PVC
1132,,,,,,,,19,19,-12.24177000860942,PVC
1133,,,,,,,,20,20,-12.324028237888534,PVC
1134,,,,,,,,21,21,-12.385670009892236,PVC
1135,,,,,,,,22,22,-11.440930047679426,PVC
1136,,,,,,,,23,23,-10.201102884310664,PVC
1137,,,,,,,,24,24,-9.509165055138297,PVC
1138,,,,,,,,25,25,-10.44179739560932,PVC
1139,,,,,,,,26,26,-9.37944996309072,PVC
1140,,,,,,,,27,27,-9.541417066562515,PVC
1141,,,,,,,,28,28,-10.077396261793943,PVC
1142,,,,,,,,29,29,-9.441086720323842,PVC
1143,,,,,,,,30,30,-9.89200905739001,PVC
1144,,,,,,,,31,31,-9.926574368814117,PVC
1145,,,,,,,,32,32,-8.413809346568518,PVC
1146,,,,,,,,33,33,-9.521558658113092,PVC
1147,,,,,,,,34,34,-9.673175964118444,PVC
1148,,,,,,,,35,35,-7.892301328100702,PVC
1149,,,,,,,,36,36,-9.809910828246498,PVC
1150,,,,,,,,37,37,-8.734679994462342,PVC
1151,,,,,,,,38,38,-10.543311060479727,PVC
1152,,,,,,,,39,39,-9.502690028989218,PVC
1153,,,,,,,,40,40,-9.436489443056953,PVC
1154,,,,,,,,41,41,-9.508922595431553,PVC
1155,,,,,,,,42,42,-9.366009811476124,PVC
1156,,,,,,,,43,43,-10.635736126313569,PVC
1157,,,,,,,,44,44,-9.768910957847279,PVC
1158,,,,,,,,45,45,-8.909048545091416,PVC
1159,,,,,,,,46,46,-9.064342633289924,PVC
1160,,,,,,,,47,47,-8.95563881990297,PVC
1161,,,,,,,,48,48,-9.44764761962557,PVC
1162,,,,,,,,49,49,-9.473809928363037,PVC
1163,,,,,,,,50,50,-9.824663869045807,PVC
1164,,,,,,,,51,51,-7.888371944588063,PVC
1165,,,,,,,,52,52,-9.22759257660761,PVC
1166,,,,,,,,53,53,-10.510500864339132,PVC
1167,,,,,,,,54,54,-9.47702126291106,PVC
1168,,,,,,,,55,55,-10.017986857878302,PVC
1169,,,,,,,,56,56,-9.758447589273713,PVC
1170,,,,,,,,57,57,-9.190161248830233,PVC
1171,,,,,,,,58,58,-8.391862624026977,PVC
1172,,,,,,,,59,59,-9.551808004627294,PVC
1173,,,,,,,,60,60,-9.798362691092313,PVC
1174,,,,,,,,61,61,-9.024161146789224,PVC
1175,,,,,,,,62,62,-8.800950569712086,PVC
1176,,,,,,,,63,63,-8.73565974491319,PVC
1177,,,,,,,,64,64,-8.86429186694227,PVC
1178,,,,,,,,65,65,-8.731263790640769,PVC
1179,,,,,,,,66,66,-9.172793537019857,PVC
1180,,,,,,,,67,67,-9.015987096008136,PVC
1181,,,,,,,,68,68,-9.17306662420146,PVC
1182,,,,,,,,69,69,-9.260998912550287,PVC
1183,,,,,,,,70,70,-10.355983168377264,PVC
1184,,,,,,,,71,71,-9.257711237793783,PVC
1185,,,,,,,,72,72,-9.359731252669944,PVC
1186,,,,,,,,73,73,-9.563035604084206,PVC
1187,,,,,,,,74,74,-10.124483942436273,PVC
1188,,,,,,,,75,75,-8.154771580160393,PVC
1189,,,,,,,,76,76,-10.090594603473448,PVC
1190,,,,,,,,77,77,-8.715132481296774,PVC
1191,,,,,,,,78,78,-9.500796413354447,PVC
1192,,,,,,,,79,79,-9.61505366080384,PVC
1193,,,,,,,,80,80,-8.993255947446137,PVC
1194,,,,,,,,81,81,-10.305299944350516,PVC
1195,,,,,,,,82,82,-9.466697536001133,PVC
1196,,,,,,,,83,83,-9.181058709495773,PVC
1197,,,,,,,,84,84,-8.259989907558793,PVC
1198,,,,,,,,85,85,-9.944989856834074,PVC
1199,,,,,,,,86,86,-9.28501984532958,PVC
1200,,,,,,,,87,87,-8.600947618730954,PVC
1201,,,,,,,,88,88,-9.663293227842736,PVC
1202,,,,,,,,89,89,-8.802281098942895,PVC
1203,,,,,,,,90,90,-9.34181616964732,PVC
1204,,,,,,,,91,91,-8.940759276157696,PVC
1205,,,,,,,,92,92,-9.680855450409457,PVC
1206,,,,,,,,93,93,-9.518273979456543,PVC
1207,,,,,,,,94,94,-8.301247319265986,PVC
1208,,,,,,,,95,95,-10.642016357024907,PVC
1209,,,,,,,,96,96,-10.751827703537133,PVC
1210,,,,,,,,97,97,-10.60320714721481,PVC
1211,,,,,,,,98,98,-10.536352632526668,PVC
1212,,,,,,,,99,99,-10.391776012931633,PVC
1213,,,,,,,,100,100,-10.585733880682858,PVC
1214,,,,,,,,101,101,-10.522676332515458,PVC
1215,,,,,,,,102,102,,PVC
1216,,,,,,,,103,103,-10.601371998106591,PVC
1217,,,,,,,,104,104,-10.43887834577161,PVC
1218,,,,,,,,105,105,-10.384248324211988,PVC
1219,,,,,,,,106,106,-10.711460900205152,PVC
1220,,,,,,,,107,107,-10.532774812849231,PVC
1221,,,,,,,,108,108,-10.726466993100637,PVC
1222,,,,,,,,109,109,-10.565377444368847,PVC
1223,,,,,,,,110,110,-10.697804179173207,PVC
1224,,,,,,,,111,111,-10.53549020962332,PVC
1225,,,,,,,,112,112,-10.415276900591913,PVC
1226,,,,,,,,113,113,-10.719960344197016,PVC
1227,,,,,,,,114,114,-10.56352737460834,PVC
1228,,,,,,,,115,115,-10.663409803272073,PVC
1229,,,,,,,,116,116,,PVC
1230,,,,,,,,117,117,-10.406927004881926,PVC
1231,,,,,,,,118,118,-10.573311271119477,PVC
1232,,,,,,,,119,119,-10.758164593125171,PVC
1233,,,,,,,,120,120,-10.52789823986016,PVC
1234,,,,,,,,121,121,-10.654104842472648,PVC
1235,,,,,,,,122,122,,PVC
1236,,,,,,,,123,123,-10.370287409994324,PVC
1237,,,,,,,,124,124,-10.64889505998693,PVC
1238,,,,,,,,125,125,-9.941789283187356,PVC
1239,,,,,,,,126,126,-10.562599351007952,PVC
1240,,,,,,,,127,127,-10.758011084522554,PVC
1241,,,,,,,,128,128,-10.630205035388066,PVC
1242,,,,,,,,129,129,-10.431753640345214,PVC
