min,max,mean,med,std,label
-341.1362278164487,-263.8245246189378,-290.81147751800154,-274.1764927312205,31.550814558237697,AF
-241.0780896556067,-172.60934111202374,-217.2393760410856,-232.0950931800426,27.841340013379806,AF
-143.86719496284113,-113.53301300684365,-124.11921780407951,-117.62450198940294,12.32127283547606,AF
-178.4180960264922,-42.93903692745562,-90.175157610337,-60.99884721907723,55.055514576870216,AF
-751.1870891806433,318.30275781965247,-54.44658929094269,176.74115761304114,434.7386768497811,N
-390.2992273627858,-345.10538319375763,-374.6121963791501,-383.59961099474214,18.308660186506074,AF
-244.917676217827,-223.47202039871414,-237.43598762608775,-242.13693353683564,8.73310992604515,AF
-165.00129707034176,-137.6101928041103,-147.1696914418472,-141.4097813693575,11.117006517057721,AF
-188.11493953199798,-58.81671254512288,-103.88965929453389,-76.0584849657487,52.546467460403875,AF
-742.6761557105142,307.9443937044661,-58.21296757464869,168.54596160931442,427.03762097686325,N
-386.3012092704174,-348.8815658168608,-361.9884287118219,-354.2944893578533,15.349427505456353,AF
-139.9496235663393,-132.8552925205087,-135.3405349321054,-133.8611146243047,2.8763105955951187,AF
-597.8735698114674,224.01299143290527,-62.37010235439924,113.39518949013303,333.8982670109284,N
-415.8042402515622,-207.30148495138985,-279.99037589215243,-234.29277966932048,84.9314323650934,AF
-260.66984731314864,-182.16979606338802,-233.34176551592012,-250.44501630961545,31.923392023861947,AF
-157.3998973438006,-109.65681615487213,-126.3261116292063,-116.43998912781531,19.358039589677922,AF
-623.287436575589,215.73359229011868,-76.68276745897545,105.57146979591093,341.15048374508206,N
-374.0102304217952,-222.90639316155975,-321.40766482539584,-353.9677484505855,61.424379867454974,AF
-181.92283769174543,-145.8784561127027,-169.36936880993503,-177.10160818496223,14.645635891655886,AF
-528.4486079316226,156.786466109518,-81.99715150915438,64.28914305257179,278.34999884213767,N
-376.61474552366485,-195.97194474779425,-258.93702033053614,-219.3527480117776,73.58401744806963,AF
-225.14114172514226,-193.7505885898882,-214.21556318031276,-220.98521213666032,12.758525640694025,AF
-329.7863086301936,-283.52474884929893,-313.73458852017933,-322.48792262830614,18.702416915988426,AF
-240.18822408356368,-128.03034267275032,-201.1099163720558,-225.39872392010162,45.597396992682526,AF
-125.2031246491596,-82.91568703318744,-97.65486335418524,-88.70503898519259,17.169026002796677,AF
-141.44027952998826,-39.06933068970128,-74.74943576115639,-52.62108565840082,41.61105149398389,AF
-746.5920670191945,343.73278246314794,-36.203530328183476,197.59665796638734,443.02066565480146,N
-447.61666954721335,-311.3344685641136,-358.877117371037,-329.54261321037535,55.62590188550306,AF
-327.38306252536546,-188.79879424181374,-279.10563639183243,-309.2469635193255,56.355447513375104,AF
-516.4973967784737,76.11177669717848,-130.3802015572443,-4.351810189185431,240.67600837561,N
-272.93854972656163,-269.89211655644965,-271.65488574516246,-272.0098308971173,1.247674917081282,AF
-195.07950627744046,-154.52440969237645,-180.97224933523503,-189.87561970687625,16.522194628703122,AF
-200.04758039330284,-62.77606604339968,-110.68655659366148,-81.86488420415708,55.69891506138182,AF
-329.7863086301936,-283.52474884929893,-313.73458852017933,-322.48792262830614,18.702416915988426,AF
-240.18822408356368,-128.03034267275032,-201.1099163720558,-225.39872392010162,45.597396992682526,AF
-125.2031246491596,-82.91568703318744,-97.65486335418524,-88.70503898519259,17.169026002796677,AF
-141.44027952998826,-39.06933068970128,-74.74943576115639,-52.62108565840082,41.61105149398389,AF
-746.5920670191945,343.73278246314794,-36.203530328183476,197.59665796638734,443.02066565480146,N
-447.61666954721335,-311.3344685641136,-358.877117371037,-329.54261321037535,55.62590188550306,AF
-327.38306252536546,-188.79879424181374,-279.10563639183243,-309.2469635193255,56.355447513375104,AF
-516.4973967784737,76.11177669717848,-130.3802015572443,-4.351810189185431,240.67600837561,N
-272.93854972656163,-269.89211655644965,-271.65488574516246,-272.0098308971173,1.247674917081282,AF
-195.07950627744046,-154.52440969237645,-180.97224933523503,-189.87561970687625,16.522194628703122,AF
-200.04758039330284,-62.77606604339968,-110.68655659366148,-81.86488420415708,55.69891506138182,AF
-318.37779649648,-23.7904440842613,-126.5535474691743,-64.55269423354022,119.5508436313815,AF
-558.1857717071614,29.150349264732316,-175.55016867044074,-47.0950855196035,238.9070681796222,AF
-344.9750639499369,-193.8568933936763,-292.31807564324885,-325.3876859145958,61.4723100595159,AF
-148.46151418883994,-144.72572575439574,-147.17858426035988,-147.8866636530947,1.5567220333781082,AF
-176.95416244086866,-48.495161895953466,-93.31295350012122,-65.94793656845522,52.16812255753969,AF
-727.2013622749545,262.381721844482,-82.48862461123998,132.02092647509633,402.3218034585671,N
-426.8773163364718,-262.3892909273955,-369.5666836044711,-404.95198536615686,66.85251610338919,AF
-200.2853886549155,-169.71723901504828,-189.64231998680683,-196.25384294294383,12.42571839185933,AF
-157.5653090050821,-94.1567594778117,-116.2599177237779,-102.68458018583384,25.759265565514283,AF
-395.97239811460116,53.84746910324046,-102.99977846863173,-7.616078597803992,182.6343405081002,AF
-657.9453597422686,35.944099206302006,-205.8694438914309,-54.443036221561314,282.2160339901582,N
-365.2859322166228,-202.03197589894768,-308.39017111597286,-344.19930914683863,66.41643233221234,AF
-172.32916251252897,-137.0227876152467,-160.0483893583951,-167.8309176402124,14.372628340478904,AF
-711.701364376671,310.19211269733995,-45.952397089306565,175.18464741574815,415.4229560360048,N
-431.9764562173101,-218.0221902145884,-357.4369592466465,-403.35770210102714,86.94416246603541,AF
-188.58447979318194,-143.5584636533714,-172.9039310924337,-182.6890358987756,18.310053628698906,AF
-157.23825657965438,-70.83417610488374,-100.95333697994951,-82.46101083616358,35.10131054379384,AF
-170.599351520073,-50.94646977144409,-92.66220857269937,-66.98807775951346,48.61482208074436,AF
-804.6385557020774,337.37450153511867,-60.61789318724114,187.1000137530027,464.31346003499766,N
-453.2827386303415,-300.7193577651728,-400.15896439967383,-432.65297707148454,61.97760743969579,AF
-231.87402076381824,-170.13429758800885,-210.38259318513076,-223.65812619741772,25.089115338771173,AF
-463.9812365031082,58.74173678679527,-123.4514646912047,-12.749335081902366,212.23050429649442,AF
-653.2425987439368,242.7556148179873,-69.51138121401439,124.00665853647469,364.20408209113464,N
-365.9611769800216,-257.8808716634599,-328.33034623288324,-351.35442019064027,43.90694679386652,AF
-187.92308957902688,-175.9513760165829,-183.76592692901417,-186.3602596700551,4.868882676822193,AF
-467.8264520697544,76.36864034218752,-113.28662725756443,2.328548242160595,220.99299115170083,AF
-477.7241302536463,-99.50275163719023,-231.3263279645748,-147.82986188223353,153.93339014361868,AF
-306.92385007506283,-162.01605763042187,-256.44382106534334,-287.88903536046814,58.91665454711272,AF
-190.87534928271128,-98.80647219256224,-130.97665768488142,-112.0662218208098,37.30806395258504,AF
-569.9357131404705,134.60206110774516,-110.9330827308984,42.570522834428665,286.51835854760503,N
-337.8177736941487,-191.98728331128657,-286.9901046099695,-318.71540146517515,59.299292560390995,AF
-407.7286455827065,-5.393123693944119,-145.61996629492916,-60.51691443684506,163.34377898150453,AF
-250.38371369850253,-216.2302082733437,-238.52752016620326,-244.8241520090382,13.794829945610742,AF
-293.53462853652337,-121.31457913624844,-181.33595451909298,-144.18400893747847,69.99532868331076,AF
-280.9491532871753,-106.40701091688447,-167.25673143800233,-129.67933153770423,70.93176750981456,AF
-291.42795550157587,-83.95950501770899,-156.27879847129327,-111.47603000702664,84.3288380410707,AF
-497.6202534456493,54.65175516558522,-137.80164130039594,-18.986175900481012,224.44053945354443,AF
-400.59940657952734,-173.3263892041999,-252.566134455769,-203.2121086968259,92.40256518427995,AF
-322.4387034206548,-194.6132487674219,-239.16787169447016,-211.57686603738125,51.9542218734002,AF
-347.9048893689258,-115.68260773764388,-196.5950343951061,-146.69820803408967,94.36498319410863,AF
-282.6503888605398,-140.80403204233892,-190.25408172773842,-159.66589286689268,57.65051283929918,AF
-280.8195441238023,-98.11867496178259,-161.8043923495778,-122.35038796255137,74.26152102877124,AF
-277.4044365258201,-93.21274948365246,-157.42760808891128,-117.50571109389458,74.88037981714932,AF
-278.3472327578902,-89.21000911092777,-155.12914858700185,-114.34304888870186,76.87164911203521,AF
-463.9076046995214,2.2487183496718033,-160.21023509222638,-59.18678433226578,189.51636858154552,AF
-359.66669073272124,-170.89939441651376,-236.72141394044044,-195.87628965846645,76.73107458474367,AF
-322.1997264284056,-149.47203798432815,-209.70448599857238,-172.36576910170615,70.20884382674423,AF
-337.06054701039994,-97.38765703015385,-180.89575367116637,-128.98615414838295,97.44073275419592,AF
-303.4882780367459,-125.70165928069012,-187.69745852429912,-149.30757258295563,72.2570468058177,AF
-287.413733323316,-111.66968873104494,-172.9506217007701,-134.99335486325216,71.42984010670519,AF
-297.3446032692468,-88.8199615537183,-161.49919400781462,-116.43713133112577,84.76142325099424,AF
-299.73913536828616,-84.46299251130044,-159.48975604681812,-113.01678321393172,87.50360091301606,AF
-388.13313857036235,-47.90665996217083,-166.50887749638306,-93.612647506955,138.22273426024907,AF
-407.1878615038354,-113.99390343620621,-216.19664188037618,-152.52871332202886,119.20652317999287,AF
-347.00074946222014,-155.27025437093184,-222.13003301537026,-180.62640467063136,77.93940591899191,AF
-338.2906511202638,-141.47225964127324,-210.09087222822862,-167.37004374585229,80.01781778250508,AF
-297.549941949292,-139.60420512034108,-194.67010998232792,-160.48016115705929,64.20654815324697,AF
-285.5524059322438,-108.23951232992128,-170.042719157167,-131.84551122253404,72.06086296127555,AF
-267.14303138727155,-106.8810334691228,-162.74480957115102,-128.09369406492686,65.14328292529369,AF
-322.47024601816713,-61.28037633402565,-152.33008061861833,-96.24631769296278,106.1274456914722,AF
-379.14072672850784,-65.69626379145821,-174.96517960793975,-106.73789354963893,127.46023983477852,AF
-319.05566259388365,-154.72197757525558,-212.00578457497159,-176.43256517891118,66.80240461480865,AF
-303.5781603223339,-118.65431979891704,-183.13215375751912,-143.2319582074745,75.15851029582286,AF
-283.00817827907815,-120.79383992324688,-177.33278162512872,-142.42540124192567,65.92007991542613,AF
-276.6926047127544,-101.194740997423,-162.3761861868491,-124.40207920154013,71.33708887312307,AF
-293.6848163716716,-83.94271716801072,-157.03946254638169,-111.84325472542692,85.2411360002404,AF
-390.5401662035514,22.302495667089573,-121.616369470335,-33.76621777594196,167.65831429433987,AF
-526.112584115234,-40.64861477242473,-209.84514324477695,-104.03328921635708,197.4282671485577,AF
-331.11831058105645,-217.3439973060841,-291.4781071002912,-316.33568641562067,46.280571712254535,AF
-186.26194806363998,-138.6676245647891,-155.25193680317122,-145.1028007996892,19.332365200802872,AF
-209.92070583330545,-63.09795180323229,-114.28525712042587,-82.7178602095312,59.66191323745765,AF
-559.9895490396389,160.57825234166634,-90.51092474821331,63.94236383844799,292.77452202494175,N
-437.1059068168496,-179.34051647748777,-269.1638961818656,-212.42339797491263,104.8911926208848,AF
-265.29414765497364,-218.66741348407828,-249.06122364316244,-259.3122704044064,18.988547817370854,AF
-221.4720104896648,-110.02786153329198,-148.8773238370299,-125.06080255650957,45.27139229621544,AF
-220.10528758667056,-76.75563742125665,-126.71850041199836,-95.74286093987376,58.26820628820772,AF
-614.6387208396267,194.862245027506,-87.25080488071352,87.02632634356091,328.98764996934494,N
-319.25297262027544,-137.98956964265975,-201.17822828274228,-162.03558984336115,73.67332818151908,AF
-296.5000518681562,-127.54952558667163,-186.4439596388114,-149.98374729633787,68.66738131142284,AF
-388.9156983253823,-36.300608182895054,-159.19537116290897,-83.45493417236395,143.28326496065532,AF
-344.5955241122516,-146.596730344724,-215.64236937016997,-172.68706872753742,80.49122000159595,AF
-305.8606207751052,-150.07619349461348,-204.35681220330218,-170.69207958719107,63.325850574463345,AF
-322.80837820667176,-116.14434047843656,-188.20955449472427,-143.8740513348502,83.961060988778,AF
-362.1032431941391,-79.89233901209302,-178.23473558844293,-116.78972147693544,114.76748901090906,AF
-311.06578785094763,-139.48272884136782,-199.29877406933343,-162.02137431400712,69.76412834455671,AF
-312.7636870414896,-115.63771093640364,-184.354342727798,-142.06409868305997,80.09122678631192,AF
-359.4562257111451,-65.94481549377178,-168.24580249042447,-104.25908400372771,119.37004409301254,AF
-307.6205124630095,-137.5960654959257,-196.8767368893021,-160.10454350497287,69.11085746999933,AF
-295.54832296056463,-121.33439562396488,-182.07795170720942,-144.52092017758972,70.80076544534303,AF
-294.67243157860383,-101.91346922300848,-169.09634648198463,-127.53051265767272,78.3431119083161,AF
-473.6599341915501,35.103757231549565,-142.1813386458727,-32.536461940656764,206.77994241102837,AF
-366.16770120733855,-181.0013805709384,-245.56236799495892,-205.39185675420552,75.27728261591291,AF
-310.56472549111146,-169.365436371685,-218.5918713488081,-188.14691282035167,57.38385708485606,AF
-296.3799305007645,-124.36141457208012,-184.2978737329245,-147.05619961259725,69.9310133254878,AF
-283.9003572894296,-112.18856972878126,-172.05411938316257,-135.03700937418068,69.78294332293054,AF
-278.72783012397065,-102.37968664744129,-163.8557525941213,-125.68165922241924,71.68787965732348,AF
-283.76838987219213,-92.36429100232617,-159.07569938941734,-117.79754020937708,77.79238152748715,AF
-471.5785275522584,22.85283325398309,-149.45151753596062,-42.52714212510195,200.9875403232741,AF
-356.08825951004206,-172.75932639529628,-236.66737395629173,-197.1253268733815,74.513042916177,AF
-295.7984820183282,-78.65714019702435,-154.34224128484524,-107.46486720579641,88.25888505143358,AF
-286.8515918742946,-91.82279985274906,-159.82949479295684,-117.69575374260016,79.26990903954272,AF
-334.9947014212408,-65.56959570416237,-159.5183399268491,-101.76262570488069,109.45771487657964,AF
-445.34177432363157,-37.57867484426336,-179.66304919093875,-90.9245107605652,165.82132896657302,AF
-358.90530629473375,-161.32692388903808,-230.20319961577312,-187.48050349885293,80.31318301638538,AF
-308.207849966892,-149.25095573137776,-204.65021590165642,-170.3022825040015,64.61279653923822,AF
-281.2062399513993,-120.91779790663132,-176.8017213287589,-142.19089738295747,65.1495083082749,AF
-279.48174845703153,-101.3667174120447,-163.46026159995256,-124.95880768182651,72.39886324012991,AF
-300.0871168683908,-88.59277423643421,-162.32036123002524,-116.95849197323577,85.92812610500178,AF
-483.0979725785377,8.35128266381572,-162.9088532376019,-56.393249027749356,199.80087288465262,AF
-352.94909612079033,-178.31701646278736,-239.20579313720424,-201.4360557038908,70.9869526782567,AF
-286.5236372674026,-134.46841945762614,-187.4591555801714,-154.65446326475313,61.80143137437705,AF
-408.42926712333394,-3.503510938480225,-144.6492200509601,-56.80290011124056,164.63448895213267,AF
-313.911161414669,-163.47139665088258,-215.90408867717684,-183.48118813873157,61.140881198666456,AF
-280.14401389615654,-123.8474225329339,-178.3177846510033,-144.5955292116744,63.52801110613986,AF
-394.9569875971727,-26.33909020078485,-154.8101882029001,-75.7189516263873,149.7756202744413,AF
-324.92336266947274,-160.34032027479427,-217.73013872407088,-181.89344532930232,66.92171651927487,AF
-297.40885565464765,-146.66308220032386,-199.23032555900954,-166.7166366579109,61.2628705041037,AF
-304.89017471342186,-106.13466292532112,-175.4285021074319,-132.92607648051214,80.73929738934778,AF
-356.1326364985009,-84.88387069339677,-179.43389818626773,-120.35232080947712,110.30254285728606,AF
-294.17521505003333,-142.0759535808316,-195.10685478872242,-162.15769563234502,61.83242546821015,AF
-291.6437514654682,-109.8808037780224,-173.241833746289,-134.1788826714558,73.85795785623047,AF
-299.5670664992394,-92.74083776268557,-164.85110852350138,-120.32745510189498,84.04745688259858,AF
-441.16599296630824,-9.265769431036107,-159.79914212819892,-65.73234020224821,175.63832924667568,AF
-360.17704096790237,-161.9943869945968,-231.084419854998,-188.21969253244228,80.55769274893605,AF
-328.6201990659458,-132.78541436949257,-201.07362375792408,-158.90732261280576,79.58467530718848,AF
-318.2810764349112,-117.33135838196604,-187.38080127130715,-143.8813026660816,81.68942050467066,AF
-301.1341746704002,-105.25316116170241,-173.54340348324908,-131.18582172884015,79.62351118150606,AF
-291.3085619408952,-120.71723121538557,-180.1824276710709,-143.51639952331385,69.31743613275539,AF
-484.09814013700935,29.35324117347706,-149.60186978860253,-38.67556765247252,208.70611924712043,AF
-377.6879285447377,-172.58643152492448,-244.06329628580616,-199.74318666666932,83.37088732507546,AF
-320.9216169655122,-165.46450613167553,-219.6507165729986,-186.21114985006267,63.17137894644936,AF
-341.84007367290627,-83.6964277652086,-173.68537215207775,-117.78375467738277,104.94571650964535,AF
-399.2783611072889,-183.1753423776091,-258.527077079763,-211.65867600355975,87.8529833724053,AF
-334.91851403968786,-177.36795085461867,-232.2884166801239,-198.31211221129917,64.0344570965329,AF
-297.61849078702016,-147.6092238699276,-199.89973894248573,-167.64460374639646,60.958468103879966,AF
-285.94157373657856,-115.1163153453244,-174.675499087507,-137.92488492763096,69.4158499583596,AF
-276.89043723253667,-99.53226857032259,-161.3593039913129,-122.99892108021083,72.09472374511283,AF
-278.153278422926,-87.79290288753155,-154.14509311414622,-113.17722618228724,77.36002675161777,AF
-501.06031228783996,44.96657740780488,-145.35290340301415,-26.982047014172306,221.9876253387392,AF
-387.8501639161043,-183.43011486005366,-254.65967769323987,-210.5025151547632,83.09432934710651,AF
-313.5887511608231,-175.0070915213493,-223.31724675760418,-193.4701087451297,56.31964168820813,AF
-295.8157226968898,-116.89880942624569,-179.2862967639251,-140.66412836003263,72.72059244593598,AF
-457.60113394265954,14.766986804492555,-149.8518848192834,-47.78233861521472,192.0149936190963,AF
-341.1362278164487,-263.8245246189378,-290.81147751800154,-274.1764927312205,31.550814558237697,AF
-241.0780896556067,-172.60934111202374,-217.2393760410856,-232.0950931800426,27.841340013379806,AF
-143.86719496284113,-113.53301300684365,-124.11921780407951,-117.62450198940294,12.32127283547606,AF
-178.4180960264922,-42.93903692745562,-90.175157610337,-60.99884721907723,55.055514576870216,AF
-751.1870891806433,318.30275781965247,-54.44658929094269,176.74115761304114,434.7386768497811,N
-390.2992273627858,-345.10538319375763,-374.6121963791501,-383.59961099474214,18.308660186506074,AF
-244.917676217827,-223.47202039871414,-237.43598762608775,-242.13693353683564,8.73310992604515,AF
-165.00129707034176,-137.6101928041103,-147.1696914418472,-141.4097813693575,11.117006517057721,AF
-188.11493953199798,-58.81671254512288,-103.88965929453389,-76.0584849657487,52.546467460403875,AF
-742.6761557105142,307.9443937044661,-58.21296757464869,168.54596160931442,427.03762097686325,N
-386.3012092704174,-348.8815658168608,-361.9884287118219,-354.2944893578533,15.349427505456353,AF
-139.9496235663393,-132.8552925205087,-135.3405349321054,-133.8611146243047,2.8763105955951187,AF
-597.8735698114674,224.01299143290527,-62.37010235439924,113.39518949013303,333.8982670109284,N
-415.8042402515622,-207.30148495138985,-279.99037589215243,-234.29277966932048,84.9314323650934,AF
-260.66984731314864,-182.16979606338802,-233.34176551592012,-250.44501630961545,31.923392023861947,AF
-157.3998973438006,-109.65681615487213,-126.3261116292063,-116.43998912781531,19.358039589677922,AF
-623.287436575589,215.73359229011868,-76.68276745897545,105.57146979591093,341.15048374508206,N
-374.0102304217952,-222.90639316155975,-321.40766482539584,-353.9677484505855,61.424379867454974,AF
-181.92283769174543,-145.8784561127027,-169.36936880993503,-177.10160818496223,14.645635891655886,AF
-528.4486079316226,156.786466109518,-81.99715150915438,64.28914305257179,278.34999884213767,N
-376.61474552366485,-195.97194474779425,-258.93702033053614,-219.3527480117776,73.58401744806963,AF
-225.14114172514226,-193.7505885898882,-214.21556318031276,-220.98521213666032,12.758525640694025,AF
-329.7863086301936,-283.52474884929893,-313.73458852017933,-322.48792262830614,18.702416915988426,AF
-240.18822408356368,-128.03034267275032,-201.1099163720558,-225.39872392010162,45.597396992682526,AF
-125.2031246491596,-82.91568703318744,-97.65486335418524,-88.70503898519259,17.169026002796677,AF
-141.44027952998826,-39.06933068970128,-74.74943576115639,-52.62108565840082,41.61105149398389,AF
-746.5920670191945,343.73278246314794,-36.203530328183476,197.59665796638734,443.02066565480146,N
-447.61666954721335,-311.3344685641136,-358.877117371037,-329.54261321037535,55.62590188550306,AF
-327.38306252536546,-188.79879424181374,-279.10563639183243,-309.2469635193255,56.355447513375104,AF
-516.4973967784737,76.11177669717848,-130.3802015572443,-4.351810189185431,240.67600837561,AF
-272.93854972656163,-269.89211655644965,-271.65488574516246,-272.0098308971173,1.247674917081282,AF
-195.07950627744046,-154.52440969237645,-180.97224933523503,-189.87561970687625,16.522194628703122,AF
-200.04758039330284,-62.77606604339968,-110.68655659366148,-81.86488420415708,55.69891506138182,AF
-329.7863086301936,-283.52474884929893,-313.73458852017933,-322.48792262830614,18.702416915988426,AF
-240.18822408356368,-128.03034267275032,-201.1099163720558,-225.39872392010162,45.597396992682526,AF
-125.2031246491596,-82.91568703318744,-97.65486335418524,-88.70503898519259,17.169026002796677,AF
-141.44027952998826,-39.06933068970128,-74.74943576115639,-52.62108565840082,41.61105149398389,AF
-746.5920670191945,343.73278246314794,-36.203530328183476,197.59665796638734,443.02066565480146,N
-447.61666954721335,-311.3344685641136,-358.877117371037,-329.54261321037535,55.62590188550306,AF
-327.38306252536546,-188.79879424181374,-279.10563639183243,-309.2469635193255,56.355447513375104,AF
-516.4973967784737,76.11177669717848,-130.3802015572443,-4.351810189185431,240.67600837561,AF
-272.93854972656163,-269.89211655644965,-271.65488574516246,-272.0098308971173,1.247674917081282,AF
-195.07950627744046,-154.52440969237645,-180.97224933523503,-189.87561970687625,16.522194628703122,AF
-200.04758039330284,-62.77606604339968,-110.68655659366148,-81.86488420415708,55.69891506138182,AF
-318.37779649648,-23.7904440842613,-126.5535474691743,-64.55269423354022,119.5508436313815,AF
-558.1857717071614,29.150349264732316,-175.55016867044074,-47.0950855196035,238.9070681796222,AF
-344.9750639499369,-193.8568933936763,-292.31807564324885,-325.3876859145958,61.4723100595159,AF
-148.46151418883994,-144.72572575439574,-147.17858426035988,-147.8866636530947,1.5567220333781082,AF
-176.95416244086866,-48.495161895953466,-93.31295350012122,-65.94793656845522,52.16812255753969,AF
-727.2013622749545,262.381721844482,-82.48862461123998,132.02092647509633,402.3218034585671,N
-426.8773163364718,-262.3892909273955,-369.5666836044711,-404.95198536615686,66.85251610338919,AF
-200.2853886549155,-169.71723901504828,-189.64231998680683,-196.25384294294383,12.42571839185933,AF
-157.5653090050821,-94.1567594778117,-116.2599177237779,-102.68458018583384,25.759265565514283,AF
-395.97239811460116,53.84746910324046,-102.99977846863173,-7.616078597803992,182.6343405081002,AF
-657.9453597422686,35.944099206302006,-205.8694438914309,-54.443036221561314,282.2160339901582,N
-365.2859322166228,-202.03197589894768,-308.39017111597286,-344.19930914683863,66.41643233221234,AF
-172.32916251252897,-137.0227876152467,-160.0483893583951,-167.8309176402124,14.372628340478904,AF
-711.701364376671,310.19211269733995,-45.952397089306565,175.18464741574815,415.4229560360048,N
-431.9764562173101,-218.0221902145884,-357.4369592466465,-403.35770210102714,86.94416246603541,AF
-188.58447979318194,-143.5584636533714,-172.9039310924337,-182.6890358987756,18.310053628698906,AF
-157.23825657965438,-70.83417610488374,-100.95333697994951,-82.46101083616358,35.10131054379384,AF
-170.599351520073,-50.94646977144409,-92.66220857269937,-66.98807775951346,48.61482208074436,AF
-804.6385557020774,337.37450153511867,-60.61789318724114,187.1000137530027,464.31346003499766,N
-453.2827386303415,-300.7193577651728,-400.15896439967383,-432.65297707148454,61.97760743969579,AF
-231.87402076381824,-170.13429758800885,-210.38259318513076,-223.65812619741772,25.089115338771173,AF
-463.9812365031082,58.74173678679527,-123.4514646912047,-12.749335081902366,212.23050429649442,AF
-653.2425987439368,242.7556148179873,-69.51138121401439,124.00665853647469,364.20408209113464,N
-365.9611769800216,-257.8808716634599,-328.33034623288324,-351.35442019064027,43.90694679386652,AF
-187.92308957902688,-175.9513760165829,-183.76592692901417,-186.3602596700551,4.868882676822193,AF
-467.8264520697544,76.36864034218752,-113.28662725756443,2.328548242160595,220.99299115170083,AF
-477.7241302536463,-99.50275163719023,-231.3263279645748,-147.82986188223353,153.93339014361868,AF
-306.92385007506283,-162.01605763042187,-256.44382106534334,-287.88903536046814,58.91665454711272,AF
-190.87534928271128,-98.80647219256224,-130.97665768488142,-112.0662218208098,37.30806395258504,AF
-569.9357131404705,134.60206110774516,-110.9330827308984,42.570522834428665,286.51835854760503,N
-337.8177736941487,-191.98728331128657,-286.9901046099695,-318.71540146517515,59.299292560390995,AF
-407.7286455827065,-5.393123693944119,-145.61996629492916,-60.51691443684506,163.34377898150453,AF
-250.38371369850253,-216.2302082733437,-238.52752016620326,-244.8241520090382,13.794829945610742,AF
-269.6338478282061,-102.31725905125386,-160.6517219240825,-124.43654495343841,68.01349103632259,AF
-284.6322666611695,-74.2468220443567,-147.57849406416526,-102.22156202501499,85.50546874671895,AF
-613.3100717530856,143.92093786485114,-119.97829216490852,43.5115879950875,307.7939975437138,N
-342.148121686272,-305.5327040082624,-318.3135889616227,-310.39294047131915,14.876486256223302,AF
-243.3178725169482,-206.55234940855092,-219.3784008360182,-211.47972361372933,14.937425881414352,AF
-389.94005304177455,8.322473320101606,-130.46617845291712,-44.27574223899429,161.90709032728398,AF
-273.76311700434087,-153.20616867654948,-195.21663193395588,-169.41346945166597,48.97994184685029,AF
-351.73383577981065,-52.899640007727726,-157.03804389100037,-93.16812964142878,121.39755162611219,AF
-264.8555727097394,-162.58554684811864,-198.2239333780269,-176.61801851037117,41.51806399005223,AF
-325.2476585826301,-84.63381027217417,-168.52550564374238,-117.22107519080109,97.7221982444082,AF
-299.0994064349987,-151.52205120196683,-202.99186289903892,-170.52847006226705,60.039907546342526,AF
-323.0474367303613,-80.96820123434857,-165.37143905259268,-113.81769296568187,98.31174067737065,AF
-361.23582650422134,-92.73015856978249,-186.30816250494144,-127.49960306713024,109.22761683310756,AF
-281.47537239047944,-150.1633381574478,-195.9248346714632,-167.4438361518396,53.38843685852416,AF
-197.6230120740802,-150.23520302046387,-166.76392407529468,-156.8980695861689,19.220254554580322,AF
-288.77792879042624,-37.07516854028503,-124.85343391982016,-70.90364393934776,102.25622131908536,AF
-485.2623565197696,21.399828654156615,-155.1832058079058,-44.68150189795987,206.05787814710536,AF
-299.3072943599116,-214.56896885747003,-244.11413155015487,-225.81317150604528,34.44325827479658,AF
-274.2659554097422,-139.53584090224024,-186.50664083582367,-157.53172702865126,54.748658096067906,AF
-282.7481787625802,-94.38325379769972,-160.03705583296602,-119.33708146991077,76.56549103447824,AF
-293.19681142103667,-88.87522597642554,-160.09529846145398,-115.93460809681221,83.05162584878109,AF
-282.5639179811309,-98.16187723384228,-162.4354671052379,-122.64912679984164,74.94914673931342,AF
-317.61057109726664,-72.55730520052363,-158.0138614250058,-105.83518547249264,99.51678415402745,AF
-312.0437338857648,-125.4011475819038,-190.5245360455397,-149.4596877212636,75.97057350648257,AF
-241.9823034914148,-154.7243777478916,-185.15525954879558,-166.01301479596054,35.497075534491174,AF
-196.83462993346646,-115.26976331129944,-143.70459532569558,-126.36434309783743,33.12453649584465,AF
-254.4212749303146,-41.66951182596613,-115.82464153851507,-69.87006157940354,86.4760682916181,AF
-393.03337767719927,-16.27706127098082,-147.6918316980912,-67.48198597323385,152.99547285475902,AF
-601.9640861847653,-28.65973734348716,-228.4759605103895,-102.8220393114998,233.22551362270917,AF
-332.8287904059595,-277.9015499860046,-313.7232642844494,-325.84172659587966,22.3641543509448,AF
-273.66480510454176,-144.92344923753814,-189.8210982121502,-162.38869037308734,52.28415744182088,AF
-245.92588308315575,-149.68367625262502,-183.2282786325009,-162.52660928255585,39.10512297829355,AF
-248.3072746742816,-94.99253342749157,-148.41960203725822,-115.24114605822392,62.32602755141929,AF
-365.7902694117204,-57.2518731829974,-164.7642985471864,-98.50175819936692,125.37399988153156,AF
-262.5763141959967,-154.6382787494807,-192.25514813061773,-169.17721964577146,43.85031749518739,AF
-470.091867005636,27.277123764138278,-146.0304349923079,-39.51540503988669,202.0738074964221,AF
-261.77290667925087,-256.15326184110734,-258.1376577281218,-257.0024376594245,2.2953039008747558,AF
-253.5630961075136,-125.95163962729488,-170.4325950624205,-142.66018130277297,51.89205657873593,AF
-240.64311321605626,-96.1779898970142,-146.53873185769385,-115.48217253756974,58.704375607239406,AF
-588.9666238754393,97.80011101309765,-141.54951704491353,4.697482753016962,278.9231607207348,N
-428.05334519959257,-248.48451835395417,-311.05777581491986,-271.7261191821732,73.15323689461661,AF
-259.6733887015568,-242.26412550470675,-248.33869761998292,-244.8230894779146,7.0528087396782455,AF
-342.66411155471667,-68.87738939326651,-164.3026759410543,-106.10390562151086,111.18410912700344,AF
-232.9223151953917,-183.85047717664293,-200.96256552129773,-190.6185599139191,19.91521480366933,AF
-448.852856341344,-54.214940603150175,-191.7128232116693,-105.03749388407623,160.5680954119172,AF
-274.32091322157396,-187.9839012480468,-218.07974469142,-199.62374584592743,35.0774933128031,AF
-299.079199906512,-53.74856471178074,-139.25922673420993,-85.79792847377044,99.77701090849388,AF
-253.3940111051355,-103.08872396319744,-155.47444465106736,-123.13618864936159,61.08156694640026,AF
-334.6971422344828,-2.8590283705501878,-118.49176477184756,-46.2362186725988,134.9557829432704,AF
-263.7548556296593,-113.42745796846079,-165.8303136568862,-133.4643128238067,61.091558570752724,AF
-287.85195628669885,-71.40097269261511,-146.85761791713338,-99.47406803152063,88.04756642333851,AF
-256.9927363310263,-111.70048651764056,-162.3606340005221,-131.13527918175672,59.034928264136106,AF
-252.58921339996544,-123.99200562251636,-168.8370262463681,-140.73731710892235,52.29654101382057,AF
-223.5328053075853,-104.11458120265652,-145.75097361069686,-119.79437005543946,48.55598475065716,AF
-182.9019646947444,-102.19893345993546,-130.33859858034666,-113.03605036394907,32.788017371050856,AF
-233.38855417546384,-148.9564675194757,-178.42443185461502,-159.95516951127792,34.37802782482067,AF
-234.16083312041732,-93.58551904150858,-142.57957691385,-112.07554817693443,57.155283787564784,AF
-213.71241527417325,-90.48214203640244,-133.43448305341008,-106.94411292535509,50.07409996651414,AF
-601.0023220551033,164.81179192513844,-102.03148533062723,62.02837584835254,311.1453199316418,N
-333.3558322285764,-291.73183569869883,-306.27961175593987,-297.5721171202432,17.039686208872748,AF
-246.302700357038,-199.6830821158696,-215.9542957677081,-205.9222818981785,18.94293902815934,AF
-230.083615509518,-112.29762819012458,-153.35839864670191,-128.00541475918536,47.86583170995293,AF
-179.12630327051534,-106.10193190640352,-131.55641644715914,-115.6126198030367,29.70111884514911,AF
-173.56941250535138,-68.34256528741273,-105.0170632997741,-82.34581523704091,42.766068806423796,AF
-357.11635544047857,28.957329310413467,-105.72058746269887,-23.639220701895407,156.76785398144273,AF
-510.86292404224054,-57.873215631833894,-215.75331967651334,-116.06005621535594,184.32276810790447,AF
-651.7202141261646,284.0115642487931,-42.08523793205258,160.55884775970566,380.4223307134205,N
-340.77049126982973,-276.4166406650466,-318.37120961727675,-332.36886773924994,26.178007291590873,AF
-220.2126079218121,-175.16825105429817,-190.88730754026244,-180.98426571791077,18.325188418224627,AF
-206.30335047706131,-101.15534758117279,-137.8152106421308,-115.28367132386049,42.71753976920584,AF
-243.67272632882526,-50.154534533007954,-117.59751304025805,-75.74954587410559,78.66330242517823,AF
-643.7280419392404,197.3703482374767,-95.70549460550964,85.11349799289528,341.8078140848229,N
-326.72428251973093,-317.3404649629004,-320.6677261652321,-318.934868556168,3.8912472243608653,AF
-257.19741589461466,-190.49844158528552,-213.75369419088767,-199.3889858724944,27.107048722522798,AF
-216.93291595085608,-126.93074135742107,-158.3195949117037,-138.9500840305017,36.57222664368306,AF
-530.984547042307,107.76962489535484,-114.82029338605055,22.23904973495263,259.5426774109565,N
-317.4667262660352,-262.94087260175974,-281.97534714839765,-270.01877376299547,22.18886330029233,AF
-727.897762810403,227.7274813868264,-105.25581094317884,100.12345951293103,388.3435309697937,N
-364.72686924676026,-350.4016041725631,-359.79921408896263,-362.21188706325205,5.779053766868023,AF
-239.54096511923282,-225.36574099517486,-234.61422153668457,-237.7053867736675,5.779985731993833,AF
-167.84234389292737,-136.2131592331265,-147.25594432292274,-140.56595846506985,12.83874110379877,AF
-496.40855329479666,161.07705040871144,-68.03071990245388,74.09071732862901,267.27426441883443,N
-260.60401535140807,-236.60330712735646,-244.98719207849086,-239.9174645481704,9.738308246884877,AF
-235.45962371106086,-127.65442678627831,-165.23288816866463,-141.94195951256063,43.819140747829174,AF
-218.3152968050475,-92.93545364140071,-136.641190449778,-109.65486704769629,50.9507451178165,AF
-567.9437633946958,175.2910517371294,-83.72825862930586,76.75479822985712,302.1092263565389,N
-297.8362215846237,-282.25299898808623,-292.44450284470037,-295.82256080121124,6.346833925003716,AF
-243.57438478480262,-156.54339529862312,-186.88355087949657,-168.0942304681139,35.37363900651428,AF
-284.86839948348086,-239.1530746185936,-255.09211986069363,-245.23341258091762,18.58136473648289,AF
-251.7144473628869,-134.4107820642734,-175.2940694124236,-150.16466712096658,47.65798228580749,AF
-235.59258892616313,-99.136660296922,-146.69838911459,-117.13267142836236,55.475398302280134,AF
-264.41655352069955,-51.241634636700894,-125.5300983372863,-79.4372910698732,86.65897390551207,AF
-251.64810183559467,-86.3584673490341,-143.97497816425403,-108.17899707329752,67.1941476828944,AF
-557.0321214159702,141.13884931215418,-102.14791559916655,48.6678267091568,283.801354492395,N
-301.10693006334577,-270.9807067634523,-281.50342459528116,-275.3901715953553,12.199219593065513,AF
-229.2740683890736,-185.14331209994282,-200.53541808500862,-191.1047935437461,17.92386082923034,AF
-239.21628382082375,-88.03720942212675,-140.74285797037362,-108.268646604318,61.42856679111546,AF
-685.5396685033128,242.2831831949573,-81.0696051455252,120.29852537072748,377.2496422187462,N
-354.59988400469416,-306.55405339982593,-337.880775044227,-348.25691198847005,19.534228273191058,AF
-702.7249837183203,195.86241133845496,-117.33536398617257,77.91612496375345,365.37422313086785,N
-376.58534916683067,-330.675307843388,-360.60471764798297,-370.5877156628886,18.67516284505584,AF
-239.86847114923438,-207.7998307413588,-218.99208883865325,-212.22743464678047,13.017577525734096,AF
-273.7241620668188,-92.37134769151513,-155.63563752902812,-116.99137383981942,73.64880857858566,AF
-667.2718507556398,123.62528453517795,-152.0053961958005,20.10801411059121,321.61544776937836,N
-397.3580910453176,-257.8546294404913,-348.7775178352475,-379.06799040498834,56.73001972510822,AF
-319.12151415308887,-79.10120062429186,-162.71424015448906,-110.52098801117587,97.61196624955149,AF
-214.0800962945879,-127.49193296033462,-157.68178132491698,-139.45856238336458,35.14751919322863,AF
-193.6790534129322,-93.06380061120217,-128.132809413278,-106.47948034872849,40.88752523853839,AF
-660.5008481690237,257.9775107420082,-62.09260240893581,135.84924992103424,373.3033142798816,N
-333.4171911258248,-326.7381557435809,-331.1332265848718,-332.24245654166765,2.701696649028499,AF
-483.22398825249513,75.68037491028451,-119.10939723487066,0.0035878880844695256,227.00127034090028,AF
-449.86587090123186,-135.64623868681247,-245.1552169205455,-176.12253729737418,127.84942775475893,AF
-267.81721498698107,-230.86808329661858,-243.761395193968,-236.04450598118308,14.991084615767068,AF
-216.4415279070285,-147.2993465686576,-171.40395722854956,-156.49873128120242,28.098623520545136,AF
-545.1695806987975,159.20268057049032,-86.25716450420035,66.29314792156885,286.36493092344307,N
-287.09866341599394,-252.73428817001442,-275.15043414745844,-282.7321038961031,13.993735200561405,AF
-404.9971757916163,-20.78155949797729,-154.63228476913588,-72.05145683729916,156.13873443022553,AF
-229.98554300143317,-190.7143839496061,-204.40729579785526,-196.40732681430057,15.914278705173073,AF
-215.24542183149242,-110.90210474568924,-147.28514536476925,-124.77238276433941,42.40667137700614,AF
-540.6680880071663,108.80511876376585,-117.50848243578136,21.345959888029107,263.84406643848916,N
-386.7609201609757,-206.3602449456319,-269.24263927548384,-229.59530075077174,73.45540937259892,AF
-246.15423006294685,-85.69131266809201,-141.62304658266447,-107.06482485244244,65.21135000413682,AF
-393.4449602556029,-16.359858350134346,-147.8690789367161,-67.62291280998532,153.1290779346877,AF
-621.1546519479501,-7.959995147570098,-221.65025085153545,-88.08174831113779,249.3666125749152,N
-344.9461913057662,-292.3262442293492,-326.6256051256248,-338.1036197885348,21.4485896150767,AF
-217.331375589863,-188.4395276404965,-198.5315348276321,-192.40315569723552,11.72902641901008,AF
-505.8149827027714,72.30526978740411,-129.15417214325683,-5.675085036511705,234.84365294979125,AF
-318.13912887783727,-237.71271990268627,-265.77247783322764,-248.35362562778633,32.7996185427145,AF
-215.9832866140808,-183.7119728285952,-194.97393707001098,-187.90972335779637,13.125630672001744,AF
-442.7072304700538,25.842558851420627,-137.4673613624235,-37.78266590677404,190.2862032182193,AF
-290.7058499682657,-214.34596446601657,-240.99657476603312,-224.51912877373718,31.151254173232193,AF
-241.49898606934738,-149.7181279717628,-181.71653834331227,-161.83833498726125,37.31088358748748,AF
-256.9900406460619,-193.9852301309267,-235.0840099284929,-248.69398101216564,25.62545500405497,AF
-202.50838984578317,-100.7683475882148,-136.2349921687084,-114.23932924731376,41.354846427804105,AF
-237.85974967241265,-60.43228657313821,-122.32165754130415,-84.46295790261613,72.0604457868603,AF
-544.555014304252,95.3889562993256,-127.65004532070778,12.455378743108852,260.3203020141121,N
-279.1934122462769,-255.87522749341653,-271.05630520974165,-275.9573839740027,9.543581281586569,AF
-197.98112208141114,-149.8726007425136,-166.6455465728877,-156.40120542159568,19.537231381726443,AF
-209.92050466878555,-75.26308122327376,-122.19880792367329,-93.11047153631891,54.73363988753628,AF
-357.4425973702528,-6.688219866079518,-129.01791864848286,-54.53507526463744,142.41880555595534,AF
-503.23663803175316,-40.63967247904775,-201.85480931141464,-100.41334431594571,188.19617113996483,AF
-267.86209600741046,-251.11549892616264,-256.94688194451567,-253.4861995722971,6.794952131247786,AF
-230.32564566927087,-137.03370478222465,-169.5526268916086,-149.5578066779321,37.903590765827744,AF
-536.7125828702217,181.4676075346664,-68.79388340812743,86.67651750588942,291.9738136880155,N
-300.5902701170932,-243.58407407236027,-263.48782916945544,-251.2230415368896,23.157481292521854,AF
-262.4883142076668,-148.01877817798345,-187.92042794385586,-163.31564771942791,46.516299353062585,AF
-276.9800454255933,-90.04400159689142,-155.24337752860868,-115.26248547273899,75.93364114322421,AF
-518.5787306636535,34.73456299478613,-158.10340733951318,-37.901402513768666,224.9786965783302,AF
-312.88669300248176,-239.259054771358,-264.9215689678569,-249.27279966810798,29.902580823952132,AF
-234.063453961755,-175.93149758354596,-196.21057007125395,-183.75921552664641,23.615073472954005,AF
-224.23710987485725,-102.33123417091042,-144.83512065454525,-118.40954967905171,49.559287965990706,AF
-526.6263469596637,103.63232433190142,-115.97454769660456,18.961305563428226,256.06279889369097,N
-356.5213426916484,-210.9125009338233,-261.68621263269023,-229.5812608130983,59.265712057766855,AF
-262.1751917934129,-179.8206054919391,-208.55750049533168,-190.73148887897625,33.4751184696431,AF
-274.5816538337917,-97.92413836256563,-159.50463753427653,-121.42014019096449,71.79715931514399,AF
-505.8017139140538,71.40626715995127,-129.7541099297939,-4.902403749403671,234.64403663445927,AF
-299.7758956681633,-242.7916677407415,-262.67187653022046,-250.36489031026161,23.158242495551853,AF
-269.35188050087226,-144.01302017470886,-187.71539368417004,-160.68814687097662,50.93800710997935,AF
-247.60783142281414,-102.53680470939925,-153.10840298126718,-121.74821264009623,58.96903187003374,AF
-542.3406366089836,116.16389712252241,-113.2996955364934,28.392834141747752,267.6146229465822,N
-363.1343432245777,-208.14064759348327,-262.19311157982446,-228.00040709906318,63.080583462834575,AF
-267.6536703978204,-182.0825903946265,-211.93203714511728,-193.3910601122681,34.786728354012126,AF
-235.58261267413172,-124.88549485159055,-163.48134143304654,-139.72688741360474,44.97551781946967,AF
-430.7571752541038,28.553452837829504,-131.49852673219212,-33.145640216992845,186.6087831743521,AF
-313.83715629679335,-190.206682679998,-233.3397152759449,-206.24430948107917,50.28509809299335,AF
-267.5803270875299,-157.84684414085154,-196.1137551953132,-172.40738931965458,44.59985688718958,AF
-249.35672986547598,-108.29443733182792,-157.46965608960141,-127.05031004020672,57.33146588056304,AF
-485.36884187754214,80.62878354969331,-116.6018571866767,5.3631023662517165,230.04202584843307,AF
-395.69303018574664,-144.97934742968675,-232.36680899925946,-177.66585129295802,101.96864076282478,AF
-291.1943279042948,-185.42718202288484,-222.29849110187214,-199.47365298907997,42.98809883077941,AF
-288.041169544491,-123.23405098343979,-180.71660751944802,-145.63928055372645,66.92683303935428,AF
-424.69626318162483,-29.49450593997223,-167.22529919395026,-81.33100474783893,160.69515086548662,AF
-304.9137308923459,-171.07272570169096,-217.73871222750336,-189.16707412773303,54.36781293198721,AF
-250.66806229272962,-138.3286948470168,-177.49972459134403,-153.38261770317175,45.64613561663019,AF
-430.93739589671867,22.959796509535355,-135.22826113568337,-37.700633409147784,184.44603273016813,AF
-305.1234454023663,-185.84662074604046,-227.4414106825146,-201.26764981358457,48.52172373311878,AF
-254.93307947199585,-245.97361933905628,-249.13177815396804,-247.43606502073726,3.7088090963331015,AF
-203.3732160963454,-148.53682454630086,-167.65555498040095,-155.8157317132492,22.28795607178844,AF
-489.3494593159959,117.34519723101948,-94.06229820890252,36.62265284857133,246.57803196933955,N
-275.10790554685803,-230.7897296039336,-246.2546551261814,-236.602314773646,18.056917747996675,AF
-234.31098088242408,-143.91176862691609,-175.45722455659848,-156.32381124051702,36.69658709781759,AF
-367.92642171782893,-13.37407090773936,-136.9414995514158,-59.10863834097623,144.25213471748327,AF
-244.34961597275088,-152.08695361478755,-184.26183648680856,-164.3661045143374,37.49830642885461,AF
-224.48315765052382,-101.72746756637345,-144.52928052931372,-118.19735742286184,49.87454027281921,AF
-479.90953147570883,80.9169039221244,-114.55575176195649,7.273462535483206,228.0338772962602,AF
-273.12804270214815,-229.5144125629123,-244.72497999517054,-235.39284939100497,17.716211621868624,AF
-232.1517799322542,-134.81256642988754,-168.73165562583526,-147.80532274375088,39.55619411632329,AF
-261.1860035325261,-95.9173687025339,-153.53155356974145,-117.8270303070128,67.17627736342035,AF
-554.8616182422281,107.23469004645308,-123.48830583112719,19.14013897321199,269.09220076172994,N
-401.0118008341741,-202.36462743069515,-271.6239310495856,-227.94011361846802,80.82574717469869,AF
-276.5792884281842,-209.5964925790501,-232.9450664990936,-218.5470994315259,27.22073964258524,AF
-502.706849852851,51.17451945473457,-141.82360425683038,-22.643644386942423,225.1008255677417,AF
-276.56853644836224,-252.11848683925308,-260.6711206187486,-255.35990432475052,9.933873257189363,AF
-238.7250860432708,-153.2228074109627,-183.0466614964041,-164.69540920822658,34.736958850597965,AF
-376.3658066934214,-32.7465350156002,-152.53825929339172,-79.34157422500813,139.55262165969702,AF
-338.0170011973412,-146.91141094235368,-213.5463475750663,-171.4609901370201,77.78810470160495,AF
-273.3179694771777,-157.3982942139339,-197.79852431040445,-172.81619174667378,47.11280048562751,AF
-462.737690453443,11.235364938872651,-153.93118990246114,-52.6798299818565,192.53928498230184,AF
-333.7095603933127,-282.4528646567356,-300.35774701168486,-289.3867510603933,20.931155649967554,AF
-277.0043051636337,-172.1552618720271,-208.7175115225889,-186.1448706984996,42.609292033747174,AF
-342.47589309439564,-77.79292652340683,-170.0898054459889,-113.65258112948344,107.49701204998678,AF
-236.56187278071232,-207.4871994347861,-217.67439457752118,-211.5015992015218,11.862622235449017,AF
-269.01362383310027,-100.58764395171276,-159.31783050771182,-123.2559119590864,68.42162231038124,AF
-222.3917822387226,-129.31561168107356,-161.7567681644059,-141.7272190450172,37.82305787355698,AF
-465.13933835988615,50.45302413355735,-129.27537064722495,-19.371138476252774,209.41018777369896,AF
-523.0055841771676,-88.23321792923616,-239.75010881766949,-144.7841294986591,176.83827855897624,AF
-293.1630215739971,-272.643756626017,-279.8067324267048,-275.73397384739496,8.303269069930202,AF
-518.0575965653234,40.874890778292546,-153.88744782538342,-33.45466868104197,227.17113746167232,AF
-295.3686006413137,-249.35069471176556,-279.32548844627416,-289.375256254334,18.760637700231566,AF
-0.4629178941821041,-0.04404900286291796,-0.1900667431585651,-0.09991239522504718,0.17022437729888035,PVC
-0.668917820028633,0.006359855919272312,-0.2290862653988837,-0.08212187879433852,0.2745686618551163,PVC
-0.6890188982976139,-0.1679260169182929,-0.3495708233183421,-0.23717642612515225,0.2117902891515281,PVC
-0.7767387762218798,-0.15370512540232306,-0.3708939092790348,-0.235943174007774,0.2532718031817184,PVC
-0.8374888090851595,-0.2338753983491632,-0.4443027057990425,-0.31440329491134866,0.2452902441420061,PVC
-0.931488995503911,-0.2013890958662833,-0.4558577738094723,-0.29803819442139845,0.2967706419824941,PVC
-1.0014462927148726,-0.2200323373950327,-0.4924236007601503,-0.32395318333713324,0.3175866384900429,PVC
-1.0236891204362308,-0.2844774462652425,-0.5421793688034421,-0.3822237981276171,0.3004843654247558,PVC
-1.1026362302231345,-0.30358775268006066,-0.5821242235879864,-0.4097570101505749,0.3247609286039844,PVC
-1.0438975177499104,-0.3806807333634381,-0.6118341800776057,-0.4689703778570717,0.2695401755197651,PVC
-0.7423466686753502,-0.5262338149739281,-0.6015499469036214,-0.554272991207107,0.08789251692112615,PVC
-0.4854771465509024,1.4835484333867417,0.2009686881155703,-0.22150576563239535,0.8000697494908374,PVC
-0.10245309718247522,2.0551087137669493,0.6495070662983597,0.18167363694997968,0.8771372683933684,PVC
0.32664880745691016,2.5237777111643283,1.0925182694265447,0.6186138231618613,0.89301353434945,PVC
0.5917653848007111,2.7007399141492927,1.3268682407139858,0.8707508204669878,0.8572725712525118,PVC
0.8154618131971183,2.7354050178035303,1.4847170733985144,1.0703317382059119,0.7803542344265455,PVC
0.9395629517251364,2.6171594822773288,1.524385331360206,1.1621852008471456,0.6818605713684434,PVC
0.9627898413008896,2.3909112751601658,1.4605839287524216,1.1516815634478816,0.5805176394173704,PVC
1.0067694767801254,2.0842992132880123,1.3824291747775397,1.1505968564737945,0.4378890346317618,PVC
0.984243550902568,1.5357150327863067,1.1764070517083072,1.0555340688500612,0.22433349597188326,PVC
0.8860735686939263,1.0900654186281156,0.957390412745632,0.9139227565867072,0.08284505845511078,PVC
0.6225657256785062,0.6675048264890732,0.651819034544918,0.6606203813716147,0.0182020114058018,PVC
0.002714567432433537,0.12317818596914465,0.08110870551138229,0.10686823352234308,0.04895008351658725,PVC
-0.3531690601085761,0.20284217869595814,0.009105751547292752,0.12980106389467255,0.22605719201015084,PVC
-0.6062369811626976,0.04726215505900522,-0.18056300844601386,-0.04028179329238635,0.26553622515538144,PVC
-0.7235751522798681,-0.06634937946741838,-0.2953611889950782,-0.15337767343804345,0.26714624992434016,PVC
-0.8452093742002141,-0.13982485316618215,-0.3857276498070815,-0.23396438579171536,0.2866503117345839,PVC
-0.8987077615457472,-0.20809352884952206,-0.4487871608344895,-0.29962478804510195,0.2807107655816932,PVC
-0.9961129151840018,-0.2266574076833289,-0.4948712048964237,-0.3288040700208226,0.3127478091007367,PVC
-1.02428690429361,-0.2812196773065521,-0.5402678039376861,-0.3794534702501825,0.3020536289875748,PVC
-1.118261405336208,-0.2659534961051953,-0.5630477978418449,-0.3790907576510411,0.3464235999500502,PVC
-1.1464353944458172,-0.3205157657284193,-0.6084443968831083,-0.42974015788040176,0.3357294108745022,PVC
-1.2863899386951814,-0.2880459656776578,-0.6360397743769874,-0.42048255853459937,0.4057920490883855,PVC
-0.9142858924939008,-0.14153740468494636,-0.4108932792087661,-0.2440699269258156,0.3140971868215279,PVC
-1.1083088754315265,-0.13769503489095725,-0.4760022483278197,-0.2658187767357144,0.3945671470621899,PVC
-1.2067464182774792,-0.2330262288251909,-0.5724338430382679,-0.3621709274945866,0.3957890492857756,PVC
-1.3355904792709798,-0.2724900155438201,-0.6430453400672373,-0.4130513570297798,0.43214376417779743,PVC
-1.4232428108038149,-0.3234581690193752,-0.7068292530649799,-0.4697038494499756,0.4469817205735771,PVC
-1.4570485800511483,-0.4061416436997914,-0.7724486347807528,-0.5454090826283597,0.4271588329881285,PVC
-1.3322334393987691,-0.4723446649171165,-0.7720568008556775,-0.5858489206254176,0.3495700641106762,PVC
-1.0031005162227375,-0.6469895380832835,-0.7712006034726835,-0.6949612291772145,0.14467891022535226,PVC
-0.6740488753769972,-0.3806651546135656,-0.5717229510372203,-0.6333652606743543,0.11908593201021082,PVC
-0.2258925421619865,-0.06225754432297336,-0.16886439023752156,-0.20425789972678834,0.0667176454350497,PVC
-0.2325875632783357,0.6417825822973929,0.07225967184784954,-0.11490954044279147,0.3552276064192746,PVC
0.325531532368997,1.0764900642067865,0.587278768956538,0.42477006417912905,0.30527801602790083,PVC
0.4326007442361745,0.932513118649303,0.6069423666840672,0.4989461382442596,0.2031896400872584,PVC
0.5296161162061663,0.55012204873785,0.5367215225270503,0.5327769112499099,0.008481193901368159,PVC
0.223357717757434,0.4626927404540508,0.379414310951524,0.4315452529393885,0.09733211406956116,PVC
-0.06161111978195684,0.12242016003701299,0.05815829101014058,0.09723438380417893,0.07473898446559217,PVC
-0.40201295565783307,0.15952808576805658,-0.03611795452552427,0.08556135850095489,0.2282875092108808,PVC
-0.6882971796251038,0.0021302029407657057,-0.2385684114830092,-0.09031360891934173,0.2805441899841622,PVC
-0.7745865120144704,-0.11658605248894632,-0.3458670908214662,-0.20384098400246453,0.2674501273885123,PVC
-0.8827935762314735,-0.1549242076216608,-0.40865480201775894,-0.2518464288377315,0.295812956100779,PVC
-0.8520601995983235,-0.2741141777720504,-0.4755733068875791,-0.3507803088351891,0.2349091781621892,PVC
-0.9027071345394824,-0.2904076778494098,-0.5038416503039734,-0.3716308866330849,0.24887231112987174,PVC
-0.7366105648683549,1.9218977874590184,0.1901948440473095,-0.3803317468347751,1.080245201507702,PVC
-0.27799326533689145,2.855906737552212,0.8141687078736793,0.13478908730211747,1.2740509415418042,PVC
0.8133514288838061,3.091816549098037,1.6075429987758802,1.1151838241571728,0.9261582815014356,PVC
0.9814437693656608,3.050733022338052,1.7027519799051765,1.255940686179137,0.8410734211121742,PVC
0.9814437693656608,3.050733022338052,1.7027519799051765,1.255940686179137,0.8410734211121742,PVC
0.9814437693656608,3.050733022338052,1.7027519799051765,1.255940686179137,0.8410734211121742,PVC
0.9814437693656608,3.050733022338052,1.7027519799051765,1.255940686179137,0.8410734211121742,PVC
0.9814437693656608,3.050733022338052,1.7027519799051765,1.255940686179137,0.8410734211121742,PVC
1.3280248839374418,2.4908483535843784,1.7333233017389786,1.4809923296751968,0.4727465012582041,PVC
1.1885958672331336,2.066491251137992,1.4946867570807985,1.3065029270783972,0.3566974477423338,PVC
1.0098224118384187,1.5017435064982123,1.1812591832540968,1.0737928103280543,0.2000555364213777,PVC
-1.2840487623317385,-0.4130881490201169,-0.7166856477921201,-0.5286234724054766,0.3540064887688936,PVC
-1.2840487623317385,-0.4130881490201169,-0.7166856477921201,-0.5286234724054766,0.3540064887688936,PVC
-1.3374164419435273,-0.4083793617781686,-0.7322340082501229,-0.5318998672805246,0.3775801829961058,PVC
-1.2945851034989797,-0.4514789735321921,-0.7454007657000112,-0.5632655137439283,0.34268981304842505,PVC
-1.3374164419435273,-0.4083793617781686,-0.7322340082501229,-0.5318998672805246,0.3775801829961058,PVC
-1.331716465805772,-0.42842320791645694,-0.7432911474781398,-0.5482475456270269,0.3671482609737712,PVC
-1.331716465805772,-0.42842320791645694,-0.7432911474781398,-0.5482475456270269,0.3671482609737712,PVC
-1.2945851034989797,-0.4514789735321921,-0.7454007657000112,-0.5632655137439283,0.34268981304842505,PVC
-1.0732910580589723,-0.5527117534744479,-0.7341445763301916,-0.6209573561255964,0.2116725496508358,PVC
-0.7248115342674663,-0.6118138249599181,-0.6513445570423655,-0.627393688129954,0.045877411288919936,PVC
-0.25200272470347523,-0.02131332304783838,-0.17132113788544712,-0.21926918512409072,0.09357772576550312,PVC
-0.4629178941821041,-0.04404900286291796,-0.1900667431585651,-0.09991239522504718,0.17022437729888035,PVC
-0.668917820028633,0.006359855919272312,-0.2290862653988837,-0.08212187879433852,0.2745686618551163,PVC
-0.6890188982976139,-0.1679260169182929,-0.3495708233183421,-0.23717642612515225,0.2117902891515281,PVC
-0.7767387762218798,-0.15370512540232306,-0.3708939092790348,-0.235943174007774,0.2532718031817184,PVC
-0.8374888090851595,-0.2338753983491632,-0.4443027057990425,-0.31440329491134866,0.2452902441420061,PVC
-0.931488995503911,-0.2013890958662833,-0.4558577738094723,-0.29803819442139845,0.2967706419824941,PVC
-1.0014462927148726,-0.2200323373950327,-0.4924236007601503,-0.32395318333713324,0.3175866384900429,PVC
-1.0236891204362308,-0.2844774462652425,-0.5421793688034421,-0.3822237981276171,0.3004843654247558,PVC
-1.1026362302231345,-0.30358775268006066,-0.5821242235879864,-0.4097570101505749,0.3247609286039844,PVC
-1.0438975177499104,-0.3806807333634381,-0.6118341800776057,-0.4689703778570717,0.2695401755197651,PVC
-0.7423466686753502,-0.5262338149739281,-0.6015499469036214,-0.554272991207107,0.08789251692112615,PVC
-0.4854771465509024,1.4835484333867417,0.2009686881155703,-0.22150576563239535,0.8000697494908374,PVC
-0.10245309718247522,2.0551087137669493,0.6495070662983597,0.18167363694997968,0.8771372683933684,PVC
0.32664880745691016,2.5237777111643283,1.0925182694265447,0.6186138231618613,0.89301353434945,PVC
0.5917653848007111,2.7007399141492927,1.3268682407139858,0.8707508204669878,0.8572725712525118,PVC
0.8154618131971183,2.7354050178035303,1.4847170733985144,1.0703317382059119,0.7803542344265455,PVC
0.9395629517251364,2.6171594822773288,1.524385331360206,1.1621852008471456,0.6818605713684434,PVC
0.9627898413008896,2.3909112751601658,1.4605839287524216,1.1516815634478816,0.5805176394173704,PVC
1.0067694767801254,2.0842992132880123,1.3824291747775397,1.1505968564737945,0.4378890346317618,PVC
0.984243550902568,1.5357150327863067,1.1764070517083072,1.0555340688500612,0.22433349597188326,PVC
0.8860735686939263,1.0900654186281156,0.957390412745632,0.9139227565867072,0.08284505845511078,PVC
0.6225657256785062,0.6675048264890732,0.651819034544918,0.6606203813716147,0.0182020114058018,PVC
0.002714567432433537,0.12317818596914465,0.08110870551138229,0.10686823352234308,0.04895008351658725,PVC
-0.3531690601085761,0.20284217869595814,0.009105751547292752,0.12980106389467255,0.22605719201015084,PVC
-0.6062369811626976,0.04726215505900522,-0.18056300844601386,-0.04028179329238635,0.26553622515538144,PVC
-0.7235751522798681,-0.06634937946741838,-0.2953611889950782,-0.15337767343804345,0.26714624992434016,PVC
-0.8452093742002141,-0.13982485316618215,-0.3857276498070815,-0.23396438579171536,0.2866503117345839,PVC
-0.8987077615457472,-0.20809352884952206,-0.4487871608344895,-0.29962478804510195,0.2807107655816932,PVC
-0.9961129151840018,-0.2266574076833289,-0.4948712048964237,-0.3288040700208226,0.3127478091007367,PVC
-1.02428690429361,-0.2812196773065521,-0.5402678039376861,-0.3794534702501825,0.3020536289875748,PVC
-1.118261405336208,-0.2659534961051953,-0.5630477978418449,-0.3790907576510411,0.3464235999500502,PVC
-1.1464353944458172,-0.3205157657284193,-0.6084443968831083,-0.42974015788040176,0.3357294108745022,PVC
-1.2863899386951814,-0.2880459656776578,-0.6360397743769874,-0.42048255853459937,0.4057920490883855,PVC
-0.9142858924939008,-0.14153740468494636,-0.4108932792087661,-0.2440699269258156,0.3140971868215279,PVC
-1.1083088754315265,-0.13769503489095725,-0.4760022483278197,-0.2658187767357144,0.3945671470621899,PVC
-1.2067464182774792,-0.2330262288251909,-0.5724338430382679,-0.3621709274945866,0.3957890492857756,PVC
-1.3355904792709798,-0.2724900155438201,-0.6430453400672373,-0.4130513570297798,0.43214376417779743,PVC
-1.4232428108038149,-0.3234581690193752,-0.7068292530649799,-0.4697038494499756,0.4469817205735771,PVC
-1.4570485800511483,-0.4061416436997914,-0.7724486347807528,-0.5454090826283597,0.4271588329881285,PVC
-1.3322334393987691,-0.4723446649171165,-0.7720568008556775,-0.5858489206254176,0.3495700641106762,PVC
-1.0031005162227375,-0.6469895380832835,-0.7712006034726835,-0.6949612291772145,0.14467891022535226,PVC
-0.6740488753769972,-0.3806651546135656,-0.5717229510372203,-0.6333652606743543,0.11908593201021082,PVC
-0.2258925421619865,-0.06225754432297336,-0.16886439023752156,-0.20425789972678834,0.0667176454350497,PVC
-0.2325875632783357,0.6417825822973929,0.07225967184784954,-0.11490954044279147,0.3552276064192746,PVC
0.325531532368997,1.0764900642067865,0.587278768956538,0.42477006417912905,0.30527801602790083,PVC
0.4326007442361745,0.932513118649303,0.6069423666840672,0.4989461382442596,0.2031896400872584,PVC
0.5296161162061663,0.55012204873785,0.5367215225270503,0.5327769112499099,0.008481193901368159,PVC
0.223357717757434,0.4626927404540508,0.379414310951524,0.4315452529393885,0.09733211406956116,PVC
-0.06161111978195684,0.12242016003701299,0.05815829101014058,0.09723438380417893,0.07473898446559217,PVC
-0.40201295565783307,0.15952808576805658,-0.03611795452552427,0.08556135850095489,0.2282875092108808,PVC
-0.6882971796251038,0.0021302029407657057,-0.2385684114830092,-0.09031360891934173,0.2805441899841622,PVC
-0.7745865120144704,-0.11658605248894632,-0.3458670908214662,-0.20384098400246453,0.2674501273885123,PVC
-0.8827935762314735,-0.1549242076216608,-0.40865480201775894,-0.2518464288377315,0.295812956100779,PVC
-0.8520601995983235,-0.2741141777720504,-0.4755733068875791,-0.3507803088351891,0.2349091781621892,PVC
-0.9027071345394824,-0.2904076778494098,-0.5038416503039734,-0.3716308866330849,0.24887231112987174,PVC
-0.7366105648683549,1.9218977874590184,0.1901948440473095,-0.3803317468347751,1.080245201507702,PVC
-0.27799326533689145,2.855906737552212,0.8141687078736793,0.13478908730211747,1.2740509415418042,PVC
0.8133514288838061,3.091816549098037,1.6075429987758802,1.1151838241571728,0.9261582815014356,PVC
0.9814437693656608,3.050733022338052,1.7027519799051765,1.255940686179137,0.8410734211121742,PVC
0.9814437693656608,3.050733022338052,1.7027519799051765,1.255940686179137,0.8410734211121742,PVC
0.9814437693656608,3.050733022338052,1.7027519799051765,1.255940686179137,0.8410734211121742,PVC
0.9814437693656608,3.050733022338052,1.7027519799051765,1.255940686179137,0.8410734211121742,PVC
0.9814437693656608,3.050733022338052,1.7027519799051765,1.255940686179137,0.8410734211121742,PVC
1.3280248839374418,2.4908483535843784,1.7333233017389786,1.4809923296751968,0.4727465012582041,PVC
1.1885958672331336,2.066491251137992,1.4946867570807985,1.3065029270783972,0.3566974477423338,PVC
1.0098224118384187,1.5017435064982123,1.1812591832540968,1.0737928103280543,0.2000555364213777,PVC
-1.2840487623317385,-0.4130881490201169,-0.7166856477921201,-0.5286234724054766,0.3540064887688936,PVC
-1.2840487623317385,-0.4130881490201169,-0.7166856477921201,-0.5286234724054766,0.3540064887688936,PVC
-1.3374164419435273,-0.4083793617781686,-0.7322340082501229,-0.5318998672805246,0.3775801829961058,PVC
-1.2945851034989797,-0.4514789735321921,-0.7454007657000112,-0.5632655137439283,0.34268981304842505,PVC
-1.3374164419435273,-0.4083793617781686,-0.7322340082501229,-0.5318998672805246,0.3775801829961058,PVC
-1.331716465805772,-0.42842320791645694,-0.7432911474781398,-0.5482475456270269,0.3671482609737712,PVC
-1.331716465805772,-0.42842320791645694,-0.7432911474781398,-0.5482475456270269,0.3671482609737712,PVC
-1.2945851034989797,-0.4514789735321921,-0.7454007657000112,-0.5632655137439283,0.34268981304842505,PVC
-1.0732910580589723,-0.5527117534744479,-0.7341445763301916,-0.6209573561255964,0.2116725496508358,PVC
-0.7248115342674663,-0.6118138249599181,-0.6513445570423655,-0.627393688129954,0.045877411288919936,PVC
-0.25200272470347523,-0.02131332304783838,-0.17132113788544712,-0.21926918512409072,0.09357772576550312,PVC
-0.8218759752959769,-0.21599976243135788,-0.4271990553361304,-0.296509039767287,0.24624902845393198,PVC
-0.8335580605002897,-0.2462861477279187,-0.4509749832736425,-0.32422301469326953,0.23869666713954546,PVC
-0.7882005881524672,-0.26997823875534305,-0.4506092867010687,-0.3385109760681293,0.21065807817356733,PVC
-0.7582406187426309,-0.2757330359092175,-0.4439885328005866,-0.3395142296770808,0.19613806328746,PVC
-0.7895005182249849,-0.26957582375059164,-0.4508251627642134,-0.3388289047875465,0.21129096643559406,PVC
-0.7710134783087498,-0.2687413208176403,-0.4438087590923335,-0.3355131571147777,0.2041383172182234,PVC
-0.8360596356143926,-0.2232974491037495,-0.4368954163915131,-0.3046850224423337,0.24905184045648515,PVC
-0.8645942849637421,-0.2401956015885011,-0.4578717808250173,-0.32275971133610426,0.253813730452892,PVC
-0.9529663392858934,-0.2737600851762741,-0.5105357536872143,-0.3642804331821871,0.2760192958027904,PVC
-1.0179984951619756,-0.2577455670717573,-0.5227134295195333,-0.3585558820211493,0.3090121083547661,PVC
-1.0321098382621332,-0.3156293228485825,-0.5653882325587593,-0.4108833200797746,0.2911934040182739,PVC
-1.2540899833054522,-0.4567764256051234,-0.7347112269184797,-0.5626635220126789,0.3240533793725313,PVC
-1.2661733735289769,-0.4073375019339903,-0.7067085854098635,-0.5212644449473959,0.3490783241920645,PVC
-1.2231683823530095,-0.4099106511844313,-0.6933844713359862,-0.5175806442147639,0.3305767377310723,PVC
-1.2813953984218032,-0.3609080050009335,-0.6817533741585585,-0.4829162235460734,0.37414545736006427,PVC
-1.2487896472950193,-0.3835595324680505,-0.6851418270657137,-0.4980037775204592,0.3517184078332507,PVC
-1.2982063822607208,-0.3672412950113578,-0.691745417683169,-0.4906086737176789,0.3784069301950619,PVC
-1.2883237444350557,-0.39805526441640204,-0.7083927933711083,-0.5163627136456007,0.361830425020814,PVC
-1.2375475631131656,-0.4429794101298132,-0.7199190225520555,-0.5486931753196148,0.3229286101507464,PVC
-1.2453187532590884,-0.4006284136668423,-0.6950686792972307,-0.5126789129129685,0.3433287988524307,PVC
-1.2238566613120545,-0.4144243803328561,-0.6965610061095086,-0.5219418527194938,0.3289851435117206,PVC
-1.1658504874603772,-0.3942057495123157,-0.6631725828623418,-0.4963205170574876,0.3136669060376276,PVC
-0.98099280373135,-0.4344149532847097,-0.6249140631340389,-0.5062801516062624,0.22222644777849296,PVC
-0.7913419170355961,-0.4619871364534199,-0.5768981613419244,-0.5058564119968914,0.13385250407138732,PVC
-0.4500153862900199,-0.4455723343879322,-0.4472007964185024,-0.4466546512724289,0.0018538471836449333,PVC
-0.369183960540682,-0.2025915273406098,-0.3111559813508665,-0.3478730880060408,0.06778952630480327,PVC
-0.17466356775748626,-0.08474833300391241,-0.14332312697252567,-0.1626162103239368,0.03654440319182568,PVC
-0.14237636012682467,-0.02392779373101122,-0.06519523782637593,-0.039673952980808766,0.04814098833342036,PVC
-0.34139823747829123,0.04180816166181223,-0.09181431311981793,-0.010086849042929882,0.15564291120466514,PVC
-0.5403842365899411,0.05081121451143696,-0.1551723180770585,-0.027312989666614697,0.24032073385228744,PVC
-0.8650340297353422,0.027996686620631008,-0.28331302452651835,-0.09117627607448492,0.3629175371071941,PVC
-1.0236561723795536,-0.10928635379752293,-0.4279535955705193,-0.23012685375511865,0.37169045403892653,PVC
-1.1839291301836066,-0.21173871602465366,-0.5506294961350875,-0.3410210635807074,0.3951277320373632,PVC
-0.7810503069560799,-0.2330842670477288,-0.4240753613966578,-0.3054425590340088,0.22276479505075966,PVC
-0.8100693549385908,-0.2299793533327523,-0.43215629768403707,-0.3069769723242292,0.2357763172925929,PVC
-0.8457098270329927,-0.22366729187952694,-0.4405018051791394,-0.3063210763780613,0.2528199142206745,PVC
-0.8771089946896292,-0.2407715973538961,-0.4626115908807665,-0.3248954017640576,0.2586684361299016,PVC
-0.953678836303113,-0.27125460440898885,-0.5091536112837128,-0.3622369733888751,0.2773232987277577,PVC
-0.9909175742978338,-0.2739345932740093,-0.523888087769304,-0.3687322477878017,0.29144939954870724,PVC
-1.0512726188284272,-0.2742108225900012,-0.5450664483605602,-0.3771447000903511,0.3158634965027305,PVC
-1.0796967344542654,-0.3059455976633341,-0.5756849645463443,-0.40829771295564055,0.3145209537416572,PVC
-1.0933779484356108,-0.35174791343476364,-0.6102636490480471,-0.45012717951928094,0.30143939994938274,PVC
-1.1148400403826444,-0.33795194676875,-0.608771322235769,-0.44086423971275546,0.3157830875168716,PVC
-1.1112533372383728,-0.3574985605208904,-0.6202407114303038,-0.4574862069773616,0.30636756452621194,PVC
0.17927605753344733,0.9346817800558204,0.44267348556855385,0.2812375527884237,0.3068424689503053,PVC
-0.5341198024255761,2.3354176343691195,0.46598037651671403,-0.1542400362144161,1.1664262397533225,PVC
0.7525102978550069,1.940157470633249,1.1665053024564902,0.908605520874526,0.482875326646037,PVC
0.9322698940042632,1.4560496905922111,1.1149016021894909,1.0017955937175054,0.21288655888315572,PVC
0.6546191548471058,1.2879681023619205,0.8754207294452853,0.7388033734840267,0.25741144071441435,PVC
0.602475680380675,1.044871900279857,0.7567122628924606,0.6609109364039634,0.17984045575498256,PVC
0.438795631595692,0.9487029024297464,0.6165508896036254,0.5065561431256941,0.2072432602460164,PVC
0.3891938305193898,0.8517317508804447,0.5504283268023721,0.4506069779400178,0.1879949151514451,PVC
0.31121199188269355,0.8293900673119108,0.4918428175881952,0.38004972257180814,0.21060458575876367,PVC
0.3136407251015356,0.7753791672981114,0.4746087027520586,0.3749445768412631,0.18766822289405408,PVC
-0.1051449578828016,1.45155758971278,0.4374978788667516,0.10482634385369198,0.6323527869759858,PVC
-0.5644433623909408,2.292359274773887,0.4312095083170997,-0.18476559370852932,1.1610896941164488,PVC
0.6471942416202878,2.0583791628617565,1.1390819814292736,0.8325750815364503,0.5737720406909533,PVC
0.9748535525425795,1.5215895846194507,1.1654826688781657,1.0472376539071164,0.2222366776072017,PVC
0.6981725337357428,1.3178027323904844,0.9141816546122578,0.7806124606451463,0.2518280722952826,PVC
0.6131334628852393,1.0851385207422513,0.7776843264030608,0.6754556917666368,0.19187972986337845,PVC
0.4618194186322667,0.9633689724771322,0.6366677327233796,0.5283205845707378,0.2038613038377751,PVC
0.3812266926997539,0.8904180859462746,0.5587214093675537,0.4488488685428391,0.2069550559045142,PVC
0.3296433619140812,0.840660959104551,0.5077809011429535,0.3974543799565763,0.2077042724557063,PVC
0.3295407511293264,0.7680154030297814,0.4824021176744219,0.3878401779408685,0.1782044192461188,PVC
0.1930419058855431,0.9397360257389707,0.4533981428795131,0.29353728481706376,0.3033353301918848,PVC
-0.57137828688105,2.39941482151326,0.4639678263685518,-0.1771530213118085,1.2074869975797795,PVC
-0.04988486356551259,2.1919697102371085,0.7314648491402743,0.24534792666895905,0.9114470011828728,PVC
0.858607392096691,1.6770396760168866,1.1439173068514914,0.966449756833904,0.3327312384544968,PVC
0.7832138018063839,1.3658753654759268,0.9863609554451074,0.8605910954052899,0.2368160236050633,PVC
0.5658876942241278,1.2453691753838032,0.8027389011133692,0.6557507317617911,0.2762112066405251,PVC
0.5426619785751482,1.050407930039024,0.7196651943778302,0.6101115942603593,0.20636555492067654,PVC
0.6831570796927047,1.3677210866855511,0.921786074820227,0.7739782438943116,0.2782451312065664,PVC
0.6088270809073515,1.1526043108052082,0.7984116976513805,0.6809811691355148,0.2210177834745138,PVC
0.5116805019980429,0.9931214410183644,0.6795205188995425,0.5756639985655865,0.195671743911215,PVC
0.39640088022361386,0.9235888043752988,0.5801682163451701,0.4662324929727545,0.2142891541111115,PVC
0.353661672323915,0.8528504081139092,0.5276776166449285,0.4197702243886735,0.2029110903064524,PVC
0.3190772926751817,0.8062493779331816,0.4888872888757171,0.3837693581838532,0.19800683158308227,PVC
-0.3010354435197771,1.6787575269870678,0.3890291867622212,-0.03466472512021261,0.8042973836579208,PVC
0.07487509352862655,2.2839984263645654,0.8448189848557283,0.3651643604783005,0.8982024262218733,PVC
0.963483348425298,1.6614699610920507,1.2068073188102035,1.0555068874167493,0.2837611891990673,PVC
0.8167601200866873,1.3232027328145115,0.9933270223060986,0.8845573881067473,0.2057788935248193,PVC
0.5831237514914996,1.1824476591048672,0.7920594253283756,0.6623571724728947,0.2436274978689567,PVC
0.5681496107958564,0.9489424433665626,0.7009141198304895,0.6188302483656054,0.1547555940041561,PVC
0.394160925901574,0.8769720500372976,0.5624739432120021,0.4581290415021349,0.19625038503228906,PVC
0.3245830467716544,0.8304838283975267,0.5009289446037141,0.3918152303805238,0.20561449597169376,PVC
0.2748687288652045,0.8276907849827808,0.4675607157454307,0.3481748428794043,0.22470179930668596,PVC
0.2860580433692244,0.7987955800575599,0.4648079974491712,0.3544105362920204,0.20836749072934596,PVC
-0.5228745493582171,2.0660394222807845,0.3794576438033715,-0.17656009516502108,1.0519796013563951,PVC
0.3027491414594209,0.7162079667864929,0.4468712941895286,0.35754768060196523,0.1680576568265791,PVC
-0.2051458068451592,1.5123391802459418,0.3935105585633865,0.0264779859086852,0.6976729779232653,PVC
-0.07385789571942314,2.3210354257176546,0.7608149956285779,0.2412933429857093,0.9736874550637612,PVC
0.9440583908409794,1.6923127679303016,1.2049021189800777,1.0424711559329942,0.3042219272156846,PVC
0.8176653646916927,1.3311258897727234,0.9966826966537148,0.8862454721787648,0.2086508130106993,PVC
0.5718808193047965,1.196893770740734,0.7897603299068411,0.6545991411339243,0.2540632294482916,PVC
0.5185187806382494,1.0272738389742355,0.6958712507128656,0.5859360727408451,0.2067936085249845,PVC
0.4055080685025919,0.9423893420642876,0.5926697788225884,0.4766115495604504,0.21823207310997264,PVC
0.36152224510542497,0.8677558645740422,0.5379918578819064,0.4285940320075732,0.20577149767544486,PVC
0.30775250489915074,0.8368010269911267,0.4921755259014768,0.3780974245249055,0.21501818796322025,PVC
0.2970034935521225,0.8085616242135105,0.4753359584073221,0.3649428762320343,0.20791599415548834,PVC
0.7840799925442345,1.2320681892405043,0.9402771302916016,0.8438111858119183,0.1820537130167744,PVC
0.5388019822010389,1.1110861503571554,0.7383089431884304,0.6146376809878378,0.232616877495556,PVC
0.4990592581174126,0.9310956132397448,0.6496814131609032,0.5564145352783822,0.17559783357314634,PVC
0.37548746074851336,0.8734905625806026,0.5490913669666385,0.4415872158887125,0.2024115377550336,PVC
0.29118569157343144,0.8818963786214149,0.4970839800111313,0.3695841359080898,0.2400941193476816,PVC
0.35071008013788985,0.7682821768288671,0.4962632929180723,0.4060473632187572,0.16973033770212342,PVC
0.308206442660386,0.6910585313136004,0.4416725521409702,0.359115576982375,0.1555991153159524,PVC
-0.3455310871766351,1.6750654140098105,0.3587282343552697,-0.07399298754281203,0.8209117957422759,PVC
0.1338112087692787,2.093402306906296,0.8168170395045323,0.3913620337154401,0.796744300651422,PVC
0.9021275830499528,1.5043093329178514,1.1120755507453493,0.9813871682646303,0.2448269832386677,PVC
0.7180121295942283,1.2280907284477935,0.8958390686513121,0.7859671804867476,0.20729437170586773,PVC
