,Time,PLETH,II
0,20:56:11.380,-80,0.44
1,20:56:11.380,-72,1.37
2,20:56:11.380,-64,2.06
3,20:56:11.427,-55,3.03
4,20:56:11.427,-47,4.31
5,20:56:11.462,-42,5.34
6,20:56:11.462,-44,6.07
7,20:56:11.513,-51,7.34
8,20:56:11.513,-57,9.2
9,20:56:11.513,-64,11.99
10,20:56:11.547,-66,13.11
11,20:56:11.594,-67,10.13
12,20:56:11.594,-67,7.01
13,20:56:11.594,-61,4.95
14,20:56:11.629,-56,3.44
15,20:56:11.663,-51,1.21
16,20:56:11.663,-48,-0.32
17,20:56:11.712,-46,-8.38
18,20:56:11.712,-43,-6.04
19,20:56:11.712,-42,60.02
20,20:56:11.746,-42,56.5
21,20:56:11.782,-43,24.81
22,20:56:11.782,-45,-21.54
23,20:56:11.830,-47,-32.9
24,20:56:11.830,-49,-29.65
25,20:56:11.830,-50,-24.85
26,20:56:11.877,-51,-16.52
27,20:56:11.877,-53,-5.39
28,20:56:11.913,-61,3.01
29,20:56:11.913,-93,7.17
30,20:56:11.947,-164,5.58
31,20:56:11.980,-222,-0.23
32,20:56:11.980,-251,-8.52
33,20:56:12.029,-260,-12.78
34,20:56:12.029,-252,-13.39
35,20:56:12.063,-235,-11.81
36,20:56:12.063,-213,-9.15
37,20:56:12.097,-189,-6.45
38,20:56:12.097,-169,-3.52
39,20:56:12.146,-151,-0.87
40,20:56:12.146,-135,1.49
41,20:56:12.180,-123,3.64
42,20:56:12.180,-110,5.28
43,20:56:12.229,-97,6.59
44,20:56:12.229,-84,8.02
45,20:56:12.266,-76,9.29
46,20:56:12.266,-76,9.82
47,20:56:12.302,-78,10.13
48,20:56:12.302,-82,10.79
49,20:56:12.346,-86,13.11
50,20:56:12.346,-87,12.45
51,20:56:12.380,-86,9.56
52,20:56:12.380,-83,6.83
53,20:56:12.429,-79,4.57
54,20:56:12.429,-75,2.83
55,20:56:12.429,-69,1.82
56,20:56:12.464,-66,1.56
57,20:56:12.496,-64,-5.68
58,20:56:12.496,-63,28.77
59,20:56:12.546,-61,83.19
60,20:56:12.546,-61,46.83
61,20:56:12.580,-61,-0.48
62,20:56:12.580,-62,-26.34
63,20:56:12.630,-62,-29.17
64,20:56:12.630,-62,-28.06
65,20:56:12.630,-61,-23.42
66,20:56:12.679,-60,-15.42
67,20:56:12.679,-60,-3.48
68,20:56:12.730,-69,1.92
69,20:56:12.730,-113,0.34
70,20:56:12.764,-181,-4.73
71,20:56:12.764,-231,-11.08
72,20:56:12.799,-255,-14.73
73,20:56:12.799,-258,-15.33
74,20:56:12.845,-250,-14.17
75,20:56:12.845,-231,-12.54
76,20:56:12.877,-206,-9.77
77,20:56:12.877,-183,-4.98
78,20:56:12.912,-161,-0.38
79,20:56:12.912,-144,4.6
80,20:56:12.947,-130,7.76
81,20:56:12.995,-117,10.11
82,20:56:12.995,-104,11.69
83,20:56:12.995,-93,12.16
84,20:56:13.030,-85,12.4
85,20:56:13.079,-81,13.02
86,20:56:13.079,-84,13.94
87,20:56:13.079,-90,15.91
88,20:56:13.113,-94,20.84
89,20:56:13.113,-94,23.57
90,20:56:13.146,-92,19.57
91,20:56:13.180,-89,17.97
92,20:56:13.180,-83,17.22
93,20:56:13.213,-78,16.53
94,20:56:13.213,-73,15.83
95,20:56:13.246,-69,14.85
96,20:56:13.280,-65,7.02
97,20:56:13.280,-62,13.14
98,20:56:13.318,-62,84.48
99,20:56:13.318,-61,62.83
100,20:56:13.363,-62,13.25
101,20:56:13.363,-64,-26.11
102,20:56:13.396,-63,-32.64
103,20:56:13.396,-63,-31.06
104,20:56:13.431,-62,-27.6
105,20:56:13.431,-62,-21.65
106,20:56:13.479,-62,-11.17
107,20:56:13.479,-71,-1.93
108,20:56:13.513,-111,1.66
109,20:56:13.513,-180,-0.14
110,20:56:13.546,-229,-5.7
111,20:56:13.580,-252,-11.23
112,20:56:13.580,-257,-13.15
113,20:56:13.630,-247,-12.68
114,20:56:13.630,-231,-11.52
115,20:56:13.630,-210,-9.86
116,20:56:13.663,-187,-7.99
117,20:56:13.696,-167,-5.64
118,20:56:13.696,-151,-4.68
119,20:56:13.745,-138,-3.84
120,20:56:13.745,-125,-3.03
121,20:56:13.778,-113,-1.95
122,20:56:13.778,-101,0.22
123,20:56:13.827,-90,2.45
124,20:56:13.827,-85,4.43
125,20:56:13.865,-84,5.7
126,20:56:13.865,-86,6.45
127,20:56:13.865,-90,7.46
128,20:56:13.912,-93,9.57
129,20:56:13.912,-94,13.33
130,20:56:13.946,-92,12.78
131,20:56:13.995,-85,9.98
132,20:56:13.995,-81,8.11
133,20:56:13.995,-74,6.99
134,20:56:14.030,-68,6.36
135,20:56:14.030,-64,5.7
136,20:56:14.063,-60,5.27
137,20:56:14.097,-57,-1.7
138,20:56:14.097,-54,16.91
139,20:56:14.146,-54,99.67
140,20:56:14.146,-53,50.48
141,20:56:14.180,-52,-1.13
142,20:56:14.180,-53,-31.03
143,20:56:14.229,-54,-33.39
144,20:56:14.229,-53,-31.67
145,20:56:14.229,-52,-27.76
146,20:56:14.263,-52,-21.22
147,20:56:14.296,-53,-10.12
148,20:56:14.296,-64,0.5
149,20:56:14.347,-110,5.2
150,20:56:14.347,-181,2.48
151,20:56:14.347,-229,-3.05
152,20:56:14.382,-251,-8.51
153,20:56:14.419,-255,-10.3
154,20:56:14.419,-245,-9.36
155,20:56:14.464,-228,-7.23
156,20:56:14.464,-205,-3.26
157,20:56:14.511,-185,1.56
158,20:56:14.511,-164,4.63
159,20:56:14.511,-149,5.67
160,20:56:14.561,-135,6.49
161,20:56:14.561,-122,6.95
162,20:56:14.597,-110,7.22
163,20:56:14.597,-97,7.39
164,20:56:14.647,-85,7.7
165,20:56:14.647,-78,8.12
166,20:56:14.695,-77,8.29
167,20:56:14.695,-80,8.4
168,20:56:14.695,-85,8.49
169,20:56:14.729,-89,9.39
170,20:56:14.729,-90,11.37
171,20:56:14.763,-89,11.54
172,20:56:14.796,-86,9.37
173,20:56:14.796,-80,7.72
174,20:56:14.836,-73,6.2
175,20:56:14.836,-67,4.85
176,20:56:14.894,-61,3.96
177,20:56:14.894,-57,2.54
178,20:56:14.894,-55,-7.24
179,20:56:14.933,-54,40.58
180,20:56:14.933,-55,92.32
181,20:56:14.996,-56,39.74
182,20:56:14.996,-57,-9.03
183,20:56:14.996,-56,-32.0
184,20:56:15.031,-53,-32.0
185,20:56:15.031,-51,-29.41
186,20:56:15.079,-51,-25.16
187,20:56:15.079,-52,-15.99
188,20:56:15.113,-53,-3.85
189,20:56:15.113,-64,5.68
190,20:56:15.148,-111,8.34
191,20:56:15.196,-185,4.43
192,20:56:15.196,-236,-1.31
193,20:56:15.196,-261,-4.71
194,20:56:15.230,-264,-6.22
195,20:56:15.230,-253,-6.52
196,20:56:15.279,-232,-6.08
197,20:56:15.279,-208,-5.06
198,20:56:15.313,-185,-3.48
199,20:56:15.313,-163,-1.86
200,20:56:15.363,-143,-0.34
201,20:56:15.363,-128,0.72
202,20:56:15.397,-115,2.59
203,20:56:15.397,-102,4.03
204,20:56:15.433,-90,4.98
205,20:56:15.433,-80,5.57
206,20:56:15.468,-73,5.68
207,20:56:15.468,-73,5.11
208,20:56:15.513,-77,3.59
209,20:56:15.513,-80,-0.57
210,20:56:15.563,-83,-2.78
211,20:56:15.563,-82,-4.79
212,20:56:15.596,-81,-7.82
213,20:56:15.596,-77,-9.1
214,20:56:15.645,-74,-9.76
215,20:56:15.645,-68,-12.16
216,20:56:15.680,-64,-14.19
217,20:56:15.680,-62,-14.83
218,20:56:15.713,-59,-19.9
219,20:56:15.713,-56,-18.61
220,20:56:15.746,-55,42.9
221,20:56:15.795,-54,69.86
222,20:56:15.795,-55,24.68
223,20:56:15.795,-54,-13.75
224,20:56:15.844,-54,-22.2
225,20:56:15.844,-53,-19.57
226,20:56:15.844,-51,-13.66
227,20:56:15.877,-51,-3.54
228,20:56:15.912,-50,10.69
229,20:56:15.912,-56,21.61
230,20:56:15.946,-85,27.6
231,20:56:15.983,-156,25.61
232,20:56:15.983,-219,18.91
233,20:56:15.983,-255,9.01
234,20:56:16.030,-265,4.19
235,20:56:16.030,-261,4.09
236,20:56:16.079,-246,5.1
237,20:56:16.079,-225,5.69
238,20:56:16.129,-200,6.85
239,20:56:16.129,-176,7.44
240,20:56:16.129,-156,7.84
241,20:56:16.177,-138,8.1
242,20:56:16.177,-123,8.08
243,20:56:16.212,-109,8.4
244,20:56:16.212,-93,8.5
245,20:56:16.246,-80,8.58
246,20:56:16.246,-72,8.64
247,20:56:16.295,-69,8.68
248,20:56:16.295,-71,8.72
249,20:56:16.344,-73,8.75
250,20:56:16.344,-78,8.97
251,20:56:16.344,-81,9.08
252,20:56:16.380,-81,9.92
253,20:56:16.414,-80,10.73
254,20:56:16.414,-76,10.2
255,20:56:16.461,-71,9.37
256,20:56:16.461,-64,7.97
257,20:56:16.499,-60,6.66
258,20:56:16.499,-56,5.06
259,20:56:16.544,-52,3.81
260,20:56:16.544,-50,-2.17
261,20:56:16.544,-50,-8.72
262,20:56:16.577,-49,74.9
263,20:56:16.613,-51,70.5
264,20:56:16.613,-51,31.28
265,20:56:16.662,-53,-22.12
266,20:56:16.662,-58,-34.06
267,20:56:16.696,-59,-30.66
268,20:56:16.696,-60,-26.3
269,20:56:16.729,-60,-18.41
270,20:56:16.729,-62,-6.42
271,20:56:16.779,-65,4.69
272,20:56:16.779,-88,11.25
273,20:56:16.813,-156,9.98
274,20:56:16.813,-223,5.5
275,20:56:16.864,-260,0.19
276,20:56:16.864,-272,-3.89
277,20:56:16.910,-266,-5.84
278,20:56:16.910,-249,-5.91
279,20:56:16.910,-224,-5.06
280,20:56:16.944,-195,-5.86
281,20:56:16.980,-170,-4.6
282,20:56:16.980,-150,-2.76
283,20:56:17.019,-133,-0.62
284,20:56:17.019,-120,2.37
285,20:56:17.054,-108,6.15
286,20:56:17.054,-95,9.13
287,20:56:17.096,-83,11.19
288,20:56:17.096,-78,12.27
289,20:56:17.129,-78,11.19
290,20:56:17.129,-81,10.52
291,20:56:17.164,-87,10.65
292,20:56:17.164,-92,12.28
293,20:56:17.213,-93,13.31
294,20:56:17.213,-93,10.47
295,20:56:17.261,-89,7.79
296,20:56:17.261,-84,4.79
297,20:56:17.295,-78,2.84
298,20:56:17.295,-72,1.77
299,20:56:17.344,-69,1.2
300,20:56:17.344,-65,-5.23
301,20:56:17.344,-63,-1.29
302,20:56:17.379,-61,64.1
303,20:56:17.412,-60,57.89
304,20:56:17.412,-60,21.99
305,20:56:17.446,-59,-21.6
306,20:56:17.479,-60,-32.83
307,20:56:17.479,-59,-31.62
308,20:56:17.513,-61,-28.71
309,20:56:17.513,-61,-22.93
310,20:56:17.548,-61,-13.46
311,20:56:17.548,-66,-3.73
312,20:56:17.583,-97,0.99
313,20:56:17.630,-168,-0.05
314,20:56:17.630,-228,-5.78
315,20:56:17.630,-259,-13.23
316,20:56:17.664,-269,-15.86
317,20:56:17.664,-263,-15.92
318,20:56:17.697,-246,-14.38
319,20:56:17.745,-222,-12.35
320,20:56:17.745,-196,-9.49
321,20:56:17.745,-173,-5.44
322,20:56:17.779,-154,-3.04
323,20:56:17.828,-138,-1.4
324,20:56:17.828,-126,-0.17
325,20:56:17.828,-113,1.2
326,20:56:17.880,-101,2.72
327,20:56:17.880,-90,3.76
328,20:56:17.927,-83,4.43
329,20:56:17.927,-80,4.85
330,20:56:17.927,-84,5.12
331,20:56:17.961,-88,5.3
332,20:56:17.996,-92,5.8
333,20:56:17.996,-91,7.36
334,20:56:18.030,-90,9.84
335,20:56:18.030,-85,9.89
336,20:56:18.066,-81,8.14
337,20:56:18.066,-76,6.3
338,20:56:18.099,-70,4.89
339,20:56:18.134,-63,3.65
340,20:56:18.134,-59,2.84
341,20:56:18.181,-57,2.33
342,20:56:18.181,-54,-5.71
343,20:56:18.229,-53,43.88
344,20:56:18.229,-53,95.56
345,20:56:18.229,-54,35.06
346,20:56:18.276,-56,-13.91
347,20:56:18.276,-58,-31.03
348,20:56:18.310,-60,-30.29
349,20:56:18.310,-62,-27.51
350,20:56:18.344,-63,-23.52
351,20:56:18.344,-63,-16.09
352,20:56:18.379,-64,-5.71
353,20:56:18.429,-76,2.69
354,20:56:18.429,-129,5.24
355,20:56:18.429,-204,1.0
356,20:56:18.463,-250,-8.38
357,20:56:18.463,-269,-17.51
358,20:56:18.496,-269,-22.6
359,20:56:18.530,-253,-22.81
360,20:56:18.530,-233,-20.4
361,20:56:18.579,-208,-16.53
362,20:56:18.579,-185,-11.55
363,20:56:18.615,-162,-6.95
364,20:56:18.615,-143,-1.64
365,20:56:18.663,-128,1.2
366,20:56:18.663,-114,4.2
367,20:56:18.663,-100,6.24
368,20:56:18.713,-87,8.47
369,20:56:18.713,-78,9.8
370,20:56:18.761,-73,10.55
371,20:56:18.761,-73,11.26
372,20:56:18.761,-77,11.46
373,20:56:18.796,-81,11.8
374,20:56:18.844,-84,12.25
375,20:56:18.844,-84,14.2
376,20:56:18.844,-83,15.56
377,20:56:18.877,-80,13.62
378,20:56:18.911,-75,11.78
379,20:56:18.911,-71,10.5
380,20:56:18.943,-67,9.38
381,20:56:18.943,-62,8.67
382,20:56:18.977,-59,8.22
383,20:56:19.028,-56,4.32
384,20:56:19.028,-55,-6.24
385,20:56:19.028,-54,84.85
386,20:56:19.063,-54,84.99
387,20:56:19.063,-55,50.49
388,20:56:19.097,-57,-11.28
389,20:56:19.133,-60,-31.15
390,20:56:19.133,-60,-31.04
391,20:56:19.168,-61,-26.73
392,20:56:19.168,-62,-18.99
393,20:56:19.201,-63,-7.94
394,20:56:19.245,-65,2.0
395,20:56:19.245,-86,6.95
396,20:56:19.245,-146,5.92
397,20:56:19.279,-215,0.93
398,20:56:19.313,-254,-5.61
399,20:56:19.313,-267,-8.99
400,20:56:19.362,-262,-9.0
401,20:56:19.362,-246,-7.73
402,20:56:19.396,-222,-5.66
403,20:56:19.396,-197,-3.4
404,20:56:19.446,-172,-0.36
405,20:56:19.446,-151,2.18
406,20:56:19.446,-135,3.69
407,20:56:19.479,-122,4.51
408,20:56:19.512,-108,4.96
409,20:56:19.512,-96,5.23
410,20:56:19.562,-86,5.62
411,20:56:19.562,-78,5.91
412,20:56:19.596,-76,5.92
413,20:56:19.596,-79,5.29
414,20:56:19.630,-85,4.87
415,20:56:19.630,-90,5.26
416,20:56:19.665,-92,6.49
417,20:56:19.665,-91,6.61
418,20:56:19.703,-88,5.31
419,20:56:19.703,-83,4.0
420,20:56:19.740,-77,3.17
421,20:56:19.740,-70,2.08
422,20:56:19.778,-65,1.51
423,20:56:19.826,-62,1.14
424,20:56:19.826,-58,-5.31
425,20:56:19.826,-57,16.19
426,20:56:19.860,-57,94.16
427,20:56:19.894,-56,49.27
428,20:56:19.894,-59,2.66
429,20:56:19.928,-60,-25.83
430,20:56:19.928,-61,-29.11
431,20:56:19.961,-63,-26.94
432,20:56:19.961,-64,-22.27
433,20:56:19.996,-65,-14.6
434,20:56:20.029,-64,-3.75
435,20:56:20.029,-73,6.65
436,20:56:20.077,-113,9.99
437,20:56:20.077,-185,5.1
438,20:56:20.113,-239,-1.87
439,20:56:20.113,-264,-7.38
440,20:56:20.146,-265,-8.75
441,20:56:20.146,-254,-8.45
442,20:56:20.195,-235,-7.12
443,20:56:20.195,-212,-4.97
444,20:56:20.231,-187,-2.94
445,20:56:20.231,-164,0.21
446,20:56:20.279,-147,3.33
447,20:56:20.279,-131,4.86
448,20:56:20.312,-118,5.63
449,20:56:20.312,-107,6.05
450,20:56:20.347,-95,6.04
451,20:56:20.347,-84,6.03
452,20:56:20.380,-77,6.02
453,20:56:20.428,-77,6.17
454,20:56:20.428,-79,6.56
455,20:56:20.428,-83,6.78
456,20:56:20.478,-86,7.25
457,20:56:20.478,-86,8.03
458,20:56:20.512,-85,9.96
459,20:56:20.512,-81,10.53
460,20:56:20.559,-77,8.89
461,20:56:20.559,-72,8.04
462,20:56:20.606,-67,6.93
463,20:56:20.606,-63,6.12
464,20:56:20.606,-60,5.56
465,20:56:20.652,-57,5.18
466,20:56:20.652,-55,0.1
467,20:56:20.698,-54,5.11
468,20:56:20.698,-54,71.24
469,20:56:20.735,-54,57.01
470,20:56:20.735,-57,15.88
471,20:56:20.782,-58,-21.27
472,20:56:20.782,-59,-30.88
473,20:56:20.782,-60,-27.76
474,20:56:20.828,-62,-23.48
475,20:56:20.828,-62,-17.04
476,20:56:20.874,-61,-6.97
477,20:56:20.874,-66,1.49
478,20:56:20.922,-95,5.94
479,20:56:20.922,-165,4.95
480,20:56:20.922,-225,0.06
481,20:56:20.968,-258,-6.94
482,20:56:20.968,-265,-10.74
483,20:56:21.014,-257,-12.3
484,20:56:21.014,-236,-11.41
485,20:56:21.062,-212,-10.31
486,20:56:21.062,-189,-9.31
487,20:56:21.062,-167,-7.78
488,20:56:21.111,-148,-5.41
489,20:56:21.111,-132,-2.8
490,20:56:21.144,-121,0.92
491,20:56:21.144,-109,3.53
492,20:56:21.178,-96,4.95
493,20:56:21.178,-85,5.32
494,20:56:21.212,-79,5.51
495,20:56:21.250,-78,5.62
496,20:56:21.250,-82,5.7
497,20:56:21.296,-89,6.09
498,20:56:21.296,-93,6.41
499,20:56:21.329,-94,7.53
500,20:56:21.329,-92,8.51
501,20:56:21.363,-88,7.67
502,20:56:21.363,-83,6.03
503,20:56:21.412,-78,4.57
504,20:56:21.412,-72,3.18
505,20:56:21.447,-67,1.59
506,20:56:21.447,-65,1.08
507,20:56:21.496,-62,-2.98
508,20:56:21.496,-60,-8.63
509,20:56:21.544,-60,68.92
510,20:56:21.544,-60,75.23
511,20:56:21.544,-60,35.24
512,20:56:21.579,-62,-14.25
513,20:56:21.579,-64,-28.53
514,20:56:21.628,-66,-27.47
515,20:56:21.628,-66,-24.59
516,20:56:21.662,-67,-18.42
517,20:56:21.662,-67,-8.01
518,20:56:21.696,-72,2.94
519,20:56:21.731,-96,9.91
520,20:56:21.731,-160,9.96
521,20:56:21.778,-221,5.96
522,20:56:21.778,-254,-0.53
523,20:56:21.818,-264,-4.93
524,20:56:21.818,-255,-5.94
525,20:56:21.862,-238,-4.11
526,20:56:21.862,-217,-1.93
527,20:56:21.862,-194,0.97
528,20:56:21.910,-174,3.75
529,20:56:21.910,-155,5.86
530,20:56:21.943,-142,7.06
531,20:56:21.943,-129,7.7
532,20:56:21.993,-117,8.07
533,20:56:21.993,-105,8.3
534,20:56:22.028,-94,8.45
535,20:56:22.028,-87,8.55
536,20:56:22.062,-87,8.3
537,20:56:22.062,-89,8.09
538,20:56:22.096,-93,8.08
539,20:56:22.145,-96,8.2
540,20:56:22.145,-96,8.81
541,20:56:22.145,-94,10.41
542,20:56:22.195,-89,11.76
543,20:56:22.195,-83,10.46
544,20:56:22.229,-78,9.47
545,20:56:22.229,-73,8.5
546,20:56:22.278,-68,7.54
547,20:56:22.278,-65,6.59
548,20:56:22.313,-63,5.9
549,20:56:22.313,-62,-1.88
550,20:56:22.346,-61,20.38
551,20:56:22.346,-60,102.1
552,20:56:22.395,-60,48.07
553,20:56:22.395,-61,0.54
554,20:56:22.429,-63,-24.53
555,20:56:22.429,-63,-27.98
556,20:56:22.464,-63,-26.93
557,20:56:22.464,-61,-23.86
558,20:56:22.513,-59,-17.77
559,20:56:22.513,-60,-6.28
560,20:56:22.546,-70,4.49
561,20:56:22.546,-111,7.96
562,20:56:22.595,-181,5.01
563,20:56:22.595,-231,-2.05
564,20:56:22.629,-254,-9.5
565,20:56:22.629,-259,-12.03
566,20:56:22.678,-251,-10.67
567,20:56:22.678,-234,-9.68
568,20:56:22.713,-213,-7.87
569,20:56:22.713,-190,-6.25
570,20:56:22.747,-168,-4.18
571,20:56:22.747,-150,-2.72
572,20:56:22.795,-134,-1.15
573,20:56:22.795,-123,-0.45
574,20:56:22.795,-110,0.54
575,20:56:22.829,-99,2.33
576,20:56:22.863,-89,4.73
577,20:56:22.863,-81,6.25
578,20:56:22.896,-80,7.18
579,20:56:22.943,-83,7.43
580,20:56:22.943,-86,7.32
581,20:56:22.943,-88,7.26
582,20:56:22.978,-89,7.38
583,20:56:22.978,-87,8.11
584,20:56:23.012,-84,8.46
585,20:56:23.061,-79,7.11
586,20:56:23.061,-72,5.15
587,20:56:23.061,-68,3.59
588,20:56:23.096,-64,2.46
589,20:56:23.129,-61,2.02
590,20:56:23.129,-58,2.27
591,20:56:23.179,-57,-0.64
592,20:56:23.179,-56,-8.53
593,20:56:23.179,-55,74.94
594,20:56:23.212,-56,82.18
595,20:56:23.261,-57,38.13
596,20:56:23.261,-58,-15.35
597,20:56:23.261,-59,-28.82
598,20:56:23.296,-59,-27.57
599,20:56:23.296,-60,-24.17
600,20:56:23.345,-60,-18.81
601,20:56:23.345,-61,-10.01
602,20:56:23.381,-65,0.42
603,20:56:23.381,-86,5.11
604,20:56:23.418,-149,4.53
605,20:56:23.418,-214,-0.06
606,20:56:23.462,-251,-5.91
607,20:56:23.462,-263,-9.01
608,20:56:23.512,-259,-9.46
609,20:56:23.512,-242,-8.31
610,20:56:23.562,-220,-6.98
611,20:56:23.562,-194,-4.85
612,20:56:23.562,-172,-2.85
613,20:56:23.596,-155,-0.44
614,20:56:23.645,-140,1.96
615,20:56:23.645,-126,3.87
616,20:56:23.645,-115,6.1
617,20:56:23.679,-103,8.28
618,20:56:23.679,-94,8.92
619,20:56:23.712,-87,8.94
620,20:56:23.762,-86,8.96
621,20:56:23.762,-88,8.77
622,20:56:23.762,-93,8.64
623,20:56:23.796,-96,9.01
624,20:56:23.796,-97,10.14
625,20:56:23.845,-94,9.9
626,20:56:23.845,-91,8.56
627,20:56:23.895,-85,6.94
628,20:56:23.895,-78,5.5
629,20:56:23.931,-73,4.44
630,20:56:23.931,-68,3.45
631,20:56:23.977,-63,2.48
632,20:56:23.977,-61,-5.59
633,20:56:23.977,-59,37.32
634,20:56:24.011,-59,95.01
635,20:56:24.046,-60,42.9
636,20:56:24.046,-62,-5.1
637,20:56:24.095,-63,-29.66
638,20:56:24.095,-64,-32.22
639,20:56:24.129,-64,-29.08
640,20:56:24.129,-64,-23.63
641,20:56:24.162,-64,-13.84
642,20:56:24.162,-67,-0.81
643,20:56:24.211,-77,9.55
644,20:56:24.211,-124,12.97
645,20:56:24.246,-191,8.55
646,20:56:24.246,-236,1.04
647,20:56:24.279,-255,-4.51
648,20:56:24.279,-257,-5.82
649,20:56:24.328,-246,-5.89
650,20:56:24.328,-227,-4.77
651,20:56:24.362,-204,-3.41
652,20:56:24.362,-181,-2.1
653,20:56:24.396,-163,-0.28
654,20:56:24.429,-148,0.46
655,20:56:24.429,-136,1.76
656,20:56:24.464,-124,2.71
657,20:56:24.464,-112,3.35
658,20:56:24.511,-99,4.28
659,20:56:24.511,-90,4.99
660,20:56:24.545,-85,5.48
661,20:56:24.545,-86,6.06
662,20:56:24.595,-88,6.05
663,20:56:24.595,-89,6.22
664,20:56:24.629,-89,6.52
665,20:56:24.629,-87,7.59
666,20:56:24.662,-83,8.95
667,20:56:24.662,-78,8.45
668,20:56:24.711,-71,6.92
669,20:56:24.711,-67,4.7
670,20:56:24.746,-63,3.13
671,20:56:24.746,-60,2.43
672,20:56:24.780,-58,2.02
673,20:56:24.780,-56,-0.69
674,20:56:24.828,-55,-11.36
675,20:56:24.828,-56,74.22
676,20:56:24.876,-57,86.64
677,20:56:24.876,-57,36.43
678,20:56:24.876,-59,-16.69
679,20:56:24.910,-62,-33.3
680,20:56:24.960,-62,-32.37
681,20:56:24.960,-62,-29.07
682,20:56:24.960,-62,-22.48
683,20:56:25.011,-63,-12.29
684,20:56:25.011,-66,0.02
685,20:56:25.046,-83,7.78
686,20:56:25.046,-138,8.5
687,20:56:25.095,-206,2.74
688,20:56:25.095,-249,-5.52
689,20:56:25.129,-266,-10.91
690,20:56:25.129,-263,-12.01
691,20:56:25.162,-249,-11.23
692,20:56:25.162,-228,-9.88
693,20:56:25.196,-206,-7.43
694,20:56:25.196,-185,-5.13
695,20:56:25.245,-168,-2.86
696,20:56:25.245,-154,-0.29
697,20:56:25.278,-141,2.14
698,20:56:25.278,-130,4.4
699,20:56:25.312,-117,6.15
700,20:56:25.345,-103,7.17
701,20:56:25.345,-94,4.91
702,20:56:25.392,-89,2.14
703,20:56:25.392,-91,-1.0
704,20:56:25.426,-94,-3.88
705,20:56:25.426,-96,-3.11
706,20:56:25.460,-97,-0.77
707,20:56:25.460,-94,-1.21
708,20:56:25.493,-89,-3.45
709,20:56:25.528,-83,-3.64
710,20:56:25.528,-78,-2.94
711,20:56:25.576,-71,-2.21
712,20:56:25.576,-64,-1.18
713,20:56:25.576,-56,-0.36
714,20:56:25.611,-52,-7.11
715,20:56:25.658,-47,34.35
716,20:56:25.658,-43,99.03
717,20:56:25.658,-41,51.52
718,20:56:25.710,-40,7.77
719,20:56:25.710,-42,-7.98
720,20:56:25.760,-43,-5.87
721,20:56:25.760,-44,-1.63
722,20:56:25.760,-47,4.37
723,20:56:25.794,-49,13.5
724,20:56:25.794,-51,24.98
725,20:56:25.844,-63,30.7
726,20:56:25.844,-108,28.68
727,20:56:25.879,-174,23.68
728,20:56:25.879,-222,13.72
729,20:56:25.913,-244,2.56
730,20:56:25.913,-247,-2.85
731,20:56:25.961,-237,-4.01
732,20:56:25.961,-219,-4.0
733,20:56:25.996,-195,-3.15
734,20:56:25.996,-171,-2.3
735,20:56:26.030,-150,-1.7
736,20:56:26.063,-132,-1.29
737,20:56:26.063,-115,-1.22
738,20:56:26.111,-101,-1.18
739,20:56:26.111,-86,-0.67
740,20:56:26.146,-73,0.14
741,20:56:26.146,-64,0.52
742,20:56:26.179,-61,0.42
743,20:56:26.179,-63,0.35
744,20:56:26.228,-68,0.29
745,20:56:26.228,-75,0.25
746,20:56:26.262,-79,0.35
747,20:56:26.262,-79,1.11
748,20:56:26.311,-75,2.06
749,20:56:26.311,-73,1.64
750,20:56:26.345,-68,0.53
751,20:56:26.345,-62,-0.07
752,20:56:26.395,-57,-0.51
753,20:56:26.395,-54,-0.83
754,20:56:26.429,-52,-0.86
755,20:56:26.429,-50,-3.23
756,20:56:26.462,-50,-8.62
757,20:56:26.462,-51,63.65
758,20:56:26.511,-52,71.92
759,20:56:26.511,-53,30.31
760,20:56:26.547,-54,-17.11
761,20:56:26.547,-57,-29.73
762,20:56:26.584,-58,-28.56
763,20:56:26.584,-57,-25.21
764,20:56:26.629,-57,-19.43
765,20:56:26.629,-59,-10.14
766,20:56:26.662,-64,0.54
767,20:56:26.662,-88,7.06
768,20:56:26.695,-155,7.03
769,20:56:26.745,-217,1.97
770,20:56:26.745,-252,-5.91
771,20:56:26.745,-263,-9.3
772,20:56:26.795,-258,-9.63
773,20:56:26.795,-241,-8.75
774,20:56:26.795,-219,-7.04
775,20:56:26.845,-194,-5.11
776,20:56:26.845,-171,-3.38
777,20:56:26.879,-153,-1.56
778,20:56:26.879,-135,-0.34
779,20:56:26.928,-123,0.4
780,20:56:26.928,-111,1.13
781,20:56:26.976,-99,2.93
782,20:56:26.976,-87,4.48
783,20:56:26.976,-81,5.91
784,20:56:27.010,-80,6.57
785,20:56:27.010,-81,6.69
786,20:56:27.046,-83,6.76
787,20:56:27.084,-85,7.92
788,20:56:27.084,-87,9.81
789,20:56:27.132,-87,10.75
790,20:56:27.132,-85,8.57
791,20:56:27.132,-80,7.72
792,20:56:27.178,-76,7.21
793,20:56:27.178,-73,6.9
794,20:56:27.212,-67,6.7
795,20:56:27.245,-63,6.37
796,20:56:27.245,-60,0.52
797,20:56:27.294,-58,28.6
798,20:56:27.294,-55,89.29
799,20:56:27.294,-55,43.68
800,20:56:27.329,-54,-1.66
801,20:56:27.377,-55,-29.77
802,20:56:27.377,-55,-30.74
803,20:56:27.377,-57,-29.45
804,20:56:27.412,-58,-25.17
805,20:56:27.412,-60,-17.53
806,20:56:27.461,-61,-10.67
807,20:56:27.461,-69,-4.78
808,20:56:27.495,-107,-0.63
809,20:56:27.495,-176,-1.3
810,20:56:27.529,-231,-4.75
811,20:56:27.563,-258,-6.92
812,20:56:27.563,-263,-7.72
813,20:56:27.611,-253,-7.81
814,20:56:27.611,-233,-6.87
815,20:56:27.646,-208,-5.38
816,20:56:27.646,-183,-2.69
817,20:56:27.695,-161,0.06
818,20:56:27.695,-143,1.98
819,20:56:27.695,-129,3.82
820,20:56:27.729,-118,5.3
821,20:56:27.762,-106,6.88
822,20:56:27.762,-93,8.24
823,20:56:27.797,-83,9.43
824,20:56:27.797,-78,10.21
825,20:56:27.844,-78,9.88
826,20:56:27.844,-84,9.43
827,20:56:27.879,-89,9.34
828,20:56:27.879,-91,10.58
829,20:56:27.912,-92,11.63
830,20:56:27.912,-91,10.45
831,20:56:27.946,-87,8.7
832,20:56:27.979,-80,7.25
833,20:56:27.979,-74,4.99
834,20:56:28.026,-69,2.89
835,20:56:28.026,-65,1.85
836,20:56:28.061,-61,-3.16
837,20:56:28.061,-58,-14.78
838,20:56:28.112,-58,81.36
839,20:56:28.112,-56,78.3
840,20:56:28.150,-57,36.96
841,20:56:28.150,-58,-23.16
842,20:56:28.183,-61,-38.72
843,20:56:28.183,-60,-37.5
844,20:56:28.229,-61,-36.82
845,20:56:28.229,-61,-33.11
846,20:56:28.278,-62,-25.15
847,20:56:28.278,-65,-14.11
848,20:56:28.278,-86,-5.32
849,20:56:28.312,-149,-3.93
850,20:56:28.345,-213,-8.21
851,20:56:28.345,-248,-14.1
852,20:56:28.393,-259,-16.61
853,20:56:28.393,-255,-15.48
854,20:56:28.393,-238,-12.84
855,20:56:28.429,-214,-9.47
856,20:56:28.478,-187,-5.09
857,20:56:28.478,-164,-0.44
858,20:56:28.478,-143,3.62
859,20:56:28.528,-127,5.68
860,20:56:28.528,-112,6.61
861,20:56:28.562,-99,8.07
862,20:56:28.562,-87,9.66
863,20:56:28.611,-76,11.73
864,20:56:28.611,-69,12.86
865,20:56:28.645,-68,13.54
866,20:56:28.645,-72,13.66
867,20:56:28.679,-75,12.62
868,20:56:28.679,-80,11.72
869,20:56:28.717,-83,12.3
870,20:56:28.717,-85,14.59
871,20:56:28.762,-83,15.67
872,20:56:28.762,-81,13.98
873,20:56:28.795,-77,12.39
874,20:56:28.795,-72,11.29
875,20:56:28.829,-68,10.6
876,20:56:28.829,-66,10.17
877,20:56:28.878,-62,10.13
878,20:56:28.878,-60,6.39
879,20:56:28.926,-58,5.52
880,20:56:28.926,-57,52.81
881,20:56:28.960,-59,66.32
882,20:56:28.960,-60,24.93
883,20:56:29.010,-62,-15.6
884,20:56:29.010,-62,-25.06
885,20:56:29.010,-63,-25.02
886,20:56:29.045,-66,-22.27
887,20:56:29.079,-67,-17.36
888,20:56:29.079,-67,-8.24
889,20:56:29.112,-72,4.09
890,20:56:29.112,-99,9.19
891,20:56:29.161,-168,6.41
892,20:56:29.161,-231,0.39
893,20:56:29.197,-265,-4.93
894,20:56:29.197,-275,-7.52
895,20:56:29.230,-269,-7.73
896,20:56:29.230,-250,-7.5
897,20:56:29.278,-227,-7.12
898,20:56:29.278,-201,-6.87
899,20:56:29.312,-177,-6.3
900,20:56:29.361,-156,-5.42
901,20:56:29.361,-139,-4.42
902,20:56:29.361,-123,-2.84
903,20:56:29.395,-109,-0.87
904,20:56:29.395,-95,1.7
905,20:56:29.442,-83,3.65
906,20:56:29.442,-74,4.14
907,20:56:29.488,-72,3.52
908,20:56:29.488,-74,3.38
909,20:56:29.525,-77,3.73
910,20:56:29.525,-81,5.38
911,20:56:29.559,-83,6.35
912,20:56:29.559,-83,4.12
913,20:56:29.593,-79,2.44
914,20:56:29.593,-73,1.63
915,20:56:29.628,-69,1.15
916,20:56:29.662,-64,0.86
917,20:56:29.662,-59,0.89
918,20:56:29.711,-55,-3.29
919,20:56:29.711,-52,0.57
920,20:56:29.711,-51,60.43
921,20:56:29.746,-50,57.46
922,20:56:29.793,-51,23.36
923,20:56:29.793,-51,-20.81
924,20:56:29.793,-52,-27.68
925,20:56:29.829,-51,-25.46
926,20:56:29.829,-53,-21.63
927,20:56:29.878,-55,-14.06
928,20:56:29.878,-59,-1.43
929,20:56:29.928,-68,9.16
930,20:56:29.928,-100,12.84
931,20:56:29.963,-170,9.92
932,20:56:29.963,-230,2.45
933,20:56:30.012,-262,-7.57
934,20:56:30.012,-268,-12.69
935,20:56:30.012,-258,-12.85
936,20:56:30.045,-238,-12.2
937,20:56:30.094,-212,-11.26
938,20:56:30.094,-183,-9.78
939,20:56:30.094,-159,-7.15
940,20:56:30.129,-139,-4.58
941,20:56:30.129,-122,-1.3
942,20:56:30.178,-109,0.9
943,20:56:30.178,-98,2.88
944,20:56:30.228,-87,4.77
945,20:56:30.228,-78,6.29
946,20:56:30.264,-73,7.2
947,20:56:30.264,-77,7.44
948,20:56:30.299,-84,7.58
949,20:56:30.299,-92,7.87
950,20:56:30.335,-98,9.61
951,20:56:30.335,-99,12.11
952,20:56:30.369,-97,13.1
953,20:56:30.425,-92,12.76
954,20:56:30.425,-85,12.82
955,20:56:30.425,-77,12.65
956,20:56:30.460,-71,12.17
957,20:56:30.460,-64,11.76
958,20:56:30.495,-60,10.32
959,20:56:30.495,-58,2.56
960,20:56:30.528,-57,71.1
961,20:56:30.576,-58,93.9
962,20:56:30.576,-58,38.52
963,20:56:30.576,-58,-15.43
964,20:56:30.623,-59,-33.17
965,20:56:30.623,-60,-33.05
966,20:56:30.670,-62,-30.06
967,20:56:30.670,-62,-25.42
968,20:56:30.670,-63,-17.25
969,20:56:30.716,-67,-6.98
970,20:56:30.716,-85,0.37
971,20:56:30.763,-147,0.73
972,20:56:30.763,-214,-4.09
973,20:56:30.798,-257,-10.53
974,20:56:30.798,-272,-15.5
975,20:56:30.835,-270,-16.26
976,20:56:30.835,-255,-15.43
977,20:56:30.882,-231,-13.74
978,20:56:30.882,-205,-10.91
979,20:56:30.928,-179,-8.3
980,20:56:30.928,-157,-5.45
981,20:56:30.975,-140,-2.85
982,20:56:30.975,-127,-0.92
983,20:56:30.975,-114,1.28
984,20:56:31.022,-102,3.04
985,20:56:31.022,-89,4.79
986,20:56:31.069,-79,5.9
987,20:56:31.069,-74,6.56
988,20:56:31.115,-74,7.23
989,20:56:31.115,-77,7.68
990,20:56:31.115,-82,8.68
991,20:56:31.162,-83,10.99
992,20:56:31.162,-82,12.94
993,20:56:31.208,-80,10.57
994,20:56:31.208,-76,8.16
995,20:56:31.255,-69,6.59
996,20:56:31.255,-64,5.69
997,20:56:31.255,-59,5.17
998,20:56:31.292,-57,5.13
999,20:56:31.292,-53,1.3
1000,20:56:31.328,-51,-3.65
1001,20:56:31.363,-51,69.13
1002,20:56:31.363,-51,78.76
1003,20:56:31.411,-53,31.54
1004,20:56:31.411,-55,-17.81
1005,20:56:31.411,-57,-30.76
1006,20:56:31.445,-58,-30.24
1007,20:56:31.478,-59,-27.18
1008,20:56:31.478,-59,-21.62
1009,20:56:31.528,-61,-11.42
1010,20:56:31.528,-63,0.27
1011,20:56:31.561,-83,5.85
1012,20:56:31.561,-148,5.39
1013,20:56:31.611,-213,1.16
1014,20:56:31.611,-252,-5.55
1015,20:56:31.611,-264,-10.0
1016,20:56:31.660,-260,-10.5
1017,20:56:31.660,-245,-9.97
1018,20:56:31.710,-225,-9.4
1019,20:56:31.710,-200,-8.79
1020,20:56:31.710,-176,-7.87
1021,20:56:31.743,-156,-6.41
1022,20:56:31.776,-139,-4.59
1023,20:56:31.776,-123,-3.13
1024,20:56:31.829,-108,-1.19
1025,20:56:31.829,-92,1.24
1026,20:56:31.829,-77,2.99
1027,20:56:31.864,-70,4.75
1028,20:56:31.899,-68,5.53
1029,20:56:31.899,-71,5.97
1030,20:56:31.940,-77,6.48
1031,20:56:31.940,-84,7.07
1032,20:56:31.977,-89,8.42
1033,20:56:31.977,-91,8.57
1034,20:56:32.027,-90,7.13
1035,20:56:32.027,-86,6.03
1036,20:56:32.064,-81,4.93
1037,20:56:32.064,-74,2.73
1038,20:56:32.114,-68,0.83
1039,20:56:32.114,-65,0.2
1040,20:56:32.114,-62,-7.07
1041,20:56:32.162,-60,11.61
1042,20:56:32.162,-59,94.19
1043,20:56:32.212,-59,50.84
1044,20:56:32.212,-60,3.12
1045,20:56:32.212,-59,-26.69
1046,20:56:32.246,-59,-29.31
1047,20:56:32.246,-59,-28.13
1048,20:56:32.294,-60,-24.2
1049,20:56:32.294,-60,-18.86
1050,20:56:32.344,-61,-11.53
1051,20:56:32.344,-70,-4.08
1052,20:56:32.379,-111,-1.21
1053,20:56:32.379,-186,-4.33
1054,20:56:32.417,-242,-9.85
1055,20:56:32.417,-269,-14.4
1056,20:56:32.461,-275,-15.67
1057,20:56:32.461,-264,-14.27
1058,20:56:32.511,-245,-12.81
1059,20:56:32.511,-218,-9.59
1060,20:56:32.511,-192,-6.21
1061,20:56:32.561,-169,-2.31
1062,20:56:32.561,-151,0.07
1063,20:56:32.608,-135,1.26
1064,20:56:32.608,-121,3.24
1065,20:56:32.608,-108,4.91
1066,20:56:32.645,-95,6.65
1067,20:56:32.678,-85,7.79
1068,20:56:32.678,-79,9.11
1069,20:56:32.712,-77,10.0
1070,20:56:32.712,-81,11.13
1071,20:56:32.759,-85,11.95
1072,20:56:32.759,-89,13.3
1073,20:56:32.793,-90,15.8
1074,20:56:32.793,-87,19.72
1075,20:56:32.842,-83,20.26
1076,20:56:32.842,-77,17.91
1077,20:56:32.875,-73,15.79
1078,20:56:32.875,-67,14.41
1079,20:56:32.909,-62,13.27
1080,20:56:32.909,-57,12.88
1081,20:56:32.960,-54,12.13
1082,20:56:32.960,-50,4.36
1083,20:56:32.995,-51,38.13
1084,20:56:32.995,-52,103.23
1085,20:56:33.045,-52,47.61
1086,20:56:33.045,-55,-0.53
1087,20:56:33.045,-56,-23.04
1088,20:56:33.078,-58,-23.77
1089,20:56:33.128,-60,-21.61
1090,20:56:33.128,-62,-16.55
1091,20:56:33.128,-64,-9.63
1092,20:56:33.162,-65,-0.14
1093,20:56:33.196,-74,7.12
1094,20:56:33.196,-117,8.19
1095,20:56:33.245,-193,4.89
1096,20:56:33.245,-247,-1.84
1097,20:56:33.245,-271,-7.68
1098,20:56:33.290,-274,-10.47
1099,20:56:33.290,-262,-10.26
1100,20:56:33.325,-240,-9.86
1101,20:56:33.376,-212,-9.11
1102,20:56:33.376,-185,-7.81
1103,20:56:33.376,-160,-5.93
1104,20:56:33.409,-141,-4.36
1105,20:56:33.409,-125,-3.28
1106,20:56:33.445,-114,-2.29
1107,20:56:33.485,-99,-1.07
1108,20:56:33.485,-86,-0.18
1109,20:56:33.528,-77,0.42
1110,20:56:33.528,-74,1.32
1111,20:56:33.528,-75,1.49
1112,20:56:33.577,-81,2.03
1113,20:56:33.577,-88,3.28
1114,20:56:33.612,-93,6.49
1115,20:56:33.612,-94,8.49
1116,20:56:33.661,-93,5.79
1117,20:56:33.661,-88,3.55
1118,20:56:33.695,-82,2.96
1119,20:56:33.695,-76,2.67
1120,20:56:33.745,-69,2.25
1121,20:56:33.745,-63,1.74
1122,20:56:33.745,-57,-4.27
1123,20:56:33.794,-52,-2.8
1124,20:56:33.794,-52,49.11
1125,20:56:33.844,-52,55.8
1126,20:56:33.844,-53,19.77
1127,20:56:33.880,-54,-24.48
1128,20:56:33.880,-54,-34.99
1129,20:56:33.927,-55,-33.03
1130,20:56:33.927,-59,-28.43
1131,20:56:33.927,-62,-21.03
1132,20:56:33.962,-66,-10.03
1133,20:56:33.996,-70,1.82
1134,20:56:33.996,-99,7.73
1135,20:56:34.045,-169,5.12
1136,20:56:34.045,-231,-0.32
1137,20:56:34.045,-263,-5.64
1138,20:56:34.093,-271,-8.87
1139,20:56:34.093,-262,-8.93
1140,20:56:34.142,-243,-8.01
1141,20:56:34.142,-218,-7.14
1142,20:56:34.195,-192,-5.46
1143,20:56:34.195,-167,-3.48
1144,20:56:34.195,-147,-1.98
1145,20:56:34.244,-130,-0.35
1146,20:56:34.244,-117,1.41
1147,20:56:34.279,-103,3.28
1148,20:56:34.279,-92,4.9
1149,20:56:34.327,-82,6.28
1150,20:56:34.327,-76,7.47
1151,20:56:34.327,-74,7.94
1152,20:56:34.374,-77,8.22
1153,20:56:34.374,-82,8.62
1154,20:56:34.409,-87,9.95
1155,20:56:34.409,-89,11.49
1156,20:56:34.443,-88,10.77
1157,20:56:34.492,-84,9.5
1158,20:56:34.492,-79,8.23
1159,20:56:34.492,-72,7.29
1160,20:56:34.542,-66,6.66
1161,20:56:34.542,-61,6.23
1162,20:56:34.542,-57,3.44
1163,20:56:34.576,-55,-7.5
1164,20:56:34.609,-53,79.31
1165,20:56:34.609,-54,83.54
1166,20:56:34.659,-54,43.9
1167,20:56:34.659,-54,-11.73
1168,20:56:34.692,-56,-25.8
1169,20:56:34.692,-57,-25.24
1170,20:56:34.742,-59,-23.0
1171,20:56:34.742,-61,-18.65
1172,20:56:34.777,-61,-10.65
1173,20:56:34.777,-65,-0.27
1174,20:56:34.826,-82,7.88
1175,20:56:34.826,-143,7.36
1176,20:56:34.826,-212,2.93
1177,20:56:34.862,-253,-4.77
1178,20:56:34.894,-266,-9.3
1179,20:56:34.894,-262,-11.15
1180,20:56:34.944,-247,-10.68
1181,20:56:34.944,-227,-9.53
1182,20:56:34.979,-203,-7.28
1183,20:56:34.979,-180,-5.12
1184,20:56:35.028,-160,-2.56
1185,20:56:35.028,-142,0.7
1186,20:56:35.028,-127,2.89
1187,20:56:35.062,-114,4.1
1188,20:56:35.111,-101,5.08
1189,20:56:35.111,-88,5.66
1190,20:56:35.111,-78,6.28
1191,20:56:35.145,-72,5.96
1192,20:56:35.145,-73,6.19
1193,20:56:35.194,-77,6.35
1194,20:56:35.194,-80,6.63
1195,20:56:35.228,-82,7.87
1196,20:56:35.228,-82,10.16
1197,20:56:35.278,-78,10.73
1198,20:56:35.278,-75,9.18
1199,20:56:35.312,-70,8.53
1200,20:56:35.312,-65,7.86
1201,20:56:35.346,-61,7.14
1202,20:56:35.346,-57,6.62
1203,20:56:35.394,-55,4.65
1204,20:56:35.394,-52,-5.68
1205,20:56:35.428,-51,67.24
1206,20:56:35.428,-51,82.11
1207,20:56:35.461,-52,37.7
1208,20:56:35.495,-54,-12.28
1209,20:56:35.495,-55,-27.41
1210,20:56:35.544,-54,-27.12
1211,20:56:35.544,-56,-24.96
1212,20:56:35.544,-55,-20.69
1213,20:56:35.578,-55,-12.28
1214,20:56:35.619,-57,-0.3
1215,20:56:35.619,-70,6.91
1216,20:56:35.653,-118,6.39
1217,20:56:35.653,-192,2.38
1218,20:56:35.692,-243,-4.39
1219,20:56:35.692,-264,-9.46
1220,20:56:35.741,-266,-9.74
1221,20:56:35.741,-252,-9.13
1222,20:56:35.775,-232,-8.22
1223,20:56:35.775,-206,-6.5
1224,20:56:35.811,-179,-4.8
1225,20:56:35.811,-156,-3.24
1226,20:56:35.845,-137,-1.87
1227,20:56:35.845,-120,-0.65
1228,20:56:35.894,-106,0.46
1229,20:56:35.894,-92,1.21
1230,20:56:35.928,-80,1.96
1231,20:56:35.928,-72,2.74
1232,20:56:35.961,-70,3.81
1233,20:56:35.996,-71,4.65
1234,20:56:35.996,-76,5.51
1235,20:56:36.043,-83,8.45
1236,20:56:36.043,-87,12.91
1237,20:56:36.043,-89,14.28
1238,20:56:36.076,-86,11.23
1239,20:56:36.109,-82,9.13
1240,20:56:36.109,-77,7.18
1241,20:56:36.145,-72,4.92
1242,20:56:36.145,-67,3.47
1243,20:56:36.194,-65,2.29
1244,20:56:36.194,-62,-7.87
1245,20:56:36.228,-59,55.42
1246,20:56:36.228,-56,91.74
1247,20:56:36.263,-55,39.58
1248,20:56:36.295,-55,-11.53
1249,20:56:36.295,-56,-34.2
1250,20:56:36.344,-57,-34.05
1251,20:56:36.344,-58,-31.41
1252,20:56:36.344,-60,-26.3
1253,20:56:36.378,-61,-18.0
1254,20:56:36.411,-64,-6.66
1255,20:56:36.411,-76,3.83
1256,20:56:36.445,-122,7.7
1257,20:56:36.445,-195,5.33
1258,20:56:36.478,-247,0.51
1259,20:56:36.526,-270,-3.54
1260,20:56:36.526,-271,-5.16
1261,20:56:36.526,-261,-5.48
1262,20:56:36.561,-238,-5.34
1263,20:56:36.595,-212,-4.31
1264,20:56:36.595,-186,-3.98
1265,20:56:36.631,-163,-4.21
1266,20:56:36.631,-144,-4.36
1267,20:56:36.667,-128,-5.18
1268,20:56:36.667,-115,-5.35
1269,20:56:36.727,-101,-5.46
1270,20:56:36.727,-90,-5.07
1271,20:56:36.727,-81,-4.38
1272,20:56:36.777,-76,-3.17
1273,20:56:36.777,-76,-1.93
1274,20:56:36.827,-79,-0.62
1275,20:56:36.827,-84,3.53
1276,20:56:36.827,-88,9.48
1277,20:56:36.876,-89,10.24
1278,20:56:36.876,-88,8.32
1279,20:56:36.925,-83,7.49
1280,20:56:36.925,-77,6.73
1281,20:56:36.925,-71,6.53
1282,20:56:36.959,-66,6.63
1283,20:56:36.992,-61,6.32
1284,20:56:36.992,-59,0.75
1285,20:56:37.042,-57,47.66
1286,20:56:37.042,-56,93.11
1287,20:56:37.042,-56,38.2
1288,20:56:37.088,-56,-5.16
1289,20:56:37.088,-57,-20.96
1290,20:56:37.126,-58,-20.99
1291,20:56:37.126,-60,-18.92
1292,20:56:37.160,-61,-14.34
1293,20:56:37.196,-62,-6.42
1294,20:56:37.196,-65,4.36
1295,20:56:37.244,-79,12.82
1296,20:56:37.244,-132,13.52
1297,20:56:37.244,-204,8.52
1298,20:56:37.278,-250,0.23
1299,20:56:37.311,-268,-6.69
1300,20:56:37.311,-266,-7.98
1301,20:56:37.360,-254,-7.99
1302,20:56:37.360,-234,-6.83
1303,20:56:37.395,-209,-5.73
1304,20:56:37.395,-186,-4.38
1305,20:56:37.428,-163,-3.38
1306,20:56:37.428,-146,-2.71
1307,20:56:37.476,-130,-2.0
1308,20:56:37.476,-116,-1.51
1309,20:56:37.511,-102,-0.01
1310,20:56:37.511,-87,1.36
1311,20:56:37.545,-76,2.43
1312,20:56:37.545,-70,3.16
1313,20:56:37.578,-71,2.85
1314,20:56:37.627,-73,2.66
1315,20:56:37.627,-77,2.73
1316,20:56:37.627,-79,3.79
1317,20:56:37.661,-80,4.7
1318,20:56:37.661,-78,3.83
1319,20:56:37.697,-75,2.41
1320,20:56:37.733,-70,1.18
1321,20:56:37.733,-65,0.27
1322,20:56:37.778,-61,-0.63
1323,20:56:37.778,-57,-0.73
1324,20:56:37.828,-53,-3.6
1325,20:56:37.828,-51,-11.78
1326,20:56:37.828,-50,69.51
1327,20:56:37.862,-51,77.12
1328,20:56:37.862,-52,35.26
1329,20:56:37.911,-52,-17.94
1330,20:56:37.911,-54,-31.75
1331,20:56:37.957,-55,-30.54
1332,20:56:37.957,-55,-28.06
1333,20:56:37.992,-56,-21.87
1334,20:56:37.992,-57,-11.8
1335,20:56:38.039,-59,-1.68
1336,20:56:38.039,-75,4.3
1337,20:56:38.075,-128,5.78
1338,20:56:38.075,-201,1.35
1339,20:56:38.109,-247,-3.41
1340,20:56:38.109,-266,-5.63
1341,20:56:38.142,-266,-5.78
1342,20:56:38.142,-252,-4.35
1343,20:56:38.177,-230,-3.32
1344,20:56:38.212,-204,-2.35
1345,20:56:38.212,-178,-0.86
1346,20:56:38.245,-155,1.2
1347,20:56:38.245,-136,3.48
1348,20:56:38.294,-121,5.11
1349,20:56:38.294,-106,6.45
1350,20:56:38.328,-93,7.27
1351,20:56:38.328,-81,8.06
1352,20:56:38.361,-73,8.31
1353,20:56:38.361,-70,8.01
1354,20:56:38.410,-71,7.81
1355,20:56:38.410,-77,8.39
1356,20:56:38.443,-83,9.68
1357,20:56:38.443,-85,9.27
1358,20:56:38.478,-85,6.99
1359,20:56:38.511,-84,5.75
1360,20:56:38.511,-81,4.92
1361,20:56:38.545,-76,4.38
1362,20:56:38.545,-72,4.04
1363,20:56:38.594,-68,3.59
1364,20:56:38.594,-64,-3.05
1365,20:56:38.628,-62,44.07
1366,20:56:38.628,-60,90.95
1367,20:56:38.677,-60,40.19
1368,20:56:38.677,-58,-7.88
1369,20:56:38.711,-59,-28.38
1370,20:56:38.711,-59,-28.84
1371,20:56:38.745,-60,-27.59
1372,20:56:38.745,-60,-24.12
1373,20:56:38.784,-61,-17.85
1374,20:56:38.784,-62,-7.72
1375,20:56:38.828,-73,1.77
1376,20:56:38.828,-116,6.17
1377,20:56:38.862,-190,3.01
1378,20:56:38.862,-241,-2.43
1379,20:56:38.910,-265,-7.7
1380,20:56:38.910,-269,-9.37
1381,20:56:38.945,-257,-8.42
1382,20:56:38.945,-238,-6.62
1383,20:56:38.993,-214,-4.71
1384,20:56:38.993,-189,-3.08
1385,20:56:39.027,-168,-1.37
1386,20:56:39.027,-147,0.11
1387,20:56:39.076,-130,1.38
1388,20:56:39.076,-116,2.2
1389,20:56:39.109,-101,2.99
1390,20:56:39.109,-88,3.79
1391,20:56:39.144,-78,4.87
1392,20:56:39.144,-71,5.71
1393,20:56:39.178,-72,6.82
1394,20:56:39.211,-75,8.23
1395,20:56:39.211,-80,11.07
1396,20:56:39.244,-83,13.24
1397,20:56:39.244,-83,11.68
1398,20:56:39.282,-82,7.66
1399,20:56:39.282,-79,4.39
1400,20:56:39.316,-75,2.5
1401,20:56:39.361,-71,1.55
1402,20:56:39.361,-66,0.4
1403,20:56:39.361,-62,-2.46
1404,20:56:39.410,-59,-14.92
1405,20:56:39.410,-56,65.36
1406,20:56:39.445,-55,87.45
1407,20:56:39.445,-55,34.16
1408,20:56:39.478,-55,-16.65
1409,20:56:39.511,-56,-31.5
1410,20:56:39.511,-58,-29.05
1411,20:56:39.560,-59,-24.65
1412,20:56:39.560,-61,-18.09
1413,20:56:39.560,-61,-9.0
1414,20:56:39.594,-64,2.22
1415,20:56:39.642,-80,9.02
1416,20:56:39.642,-137,10.15
1417,20:56:39.642,-210,6.04
1418,20:56:39.678,-256,-1.16
1419,20:56:39.711,-274,-7.54
1420,20:56:39.711,-272,-9.41
1421,20:56:39.744,-257,-9.66
1422,20:56:39.744,-234,-9.76
1423,20:56:39.778,-208,-8.61
1424,20:56:39.811,-184,-6.35
1425,20:56:39.811,-160,-3.27
1426,20:56:39.860,-141,-0.45
1427,20:56:39.860,-126,2.54
1428,20:56:39.909,-112,5.2
1429,20:56:39.909,-97,7.95
1430,20:56:39.909,-83,9.59
1431,20:56:39.944,-72,10.1
1432,20:56:39.944,-68,10.07
1433,20:56:39.978,-69,9.83
1434,20:56:40.012,-71,9.66
1435,20:56:40.012,-74,9.9
1436,20:56:40.058,-77,10.76
1437,20:56:40.058,-78,9.79
1438,20:56:40.093,-77,7.3
1439,20:56:40.093,-74,5.91
1440,20:56:40.128,-71,4.04
1441,20:56:40.128,-65,2.68
1442,20:56:40.176,-59,2.15
1443,20:56:40.176,-56,1.83
1444,20:56:40.211,-53,-4.88
1445,20:56:40.211,-51,12.63
1446,20:56:40.260,-50,89.47
1447,20:56:40.260,-50,50.64
1448,20:56:40.260,-50,3.81
1449,20:56:40.295,-52,-26.5
1450,20:56:40.330,-54,-30.08
1451,20:56:40.330,-55,-26.82
1452,20:56:40.366,-56,-22.28
1453,20:56:40.366,-56,-14.97
1454,20:56:40.427,-57,-2.94
1455,20:56:40.427,-61,4.02
1456,20:56:40.427,-90,6.29
1457,20:56:40.461,-163,3.5
1458,20:56:40.461,-228,-1.75
1459,20:56:40.508,-261,-5.76
1460,20:56:40.508,-270,-7.75
1461,20:56:40.542,-262,-7.85
1462,20:56:40.542,-241,-6.44
1463,20:56:40.590,-214,-5.1
1464,20:56:40.590,-187,-3.85
1465,20:56:40.637,-160,-1.8
1466,20:56:40.637,-138,0.48
1467,20:56:40.682,-121,2.11
1468,20:56:40.682,-107,3.1
1469,20:56:40.682,-95,3.69
1470,20:56:40.730,-82,4.84
1471,20:56:40.730,-70,5.71
1472,20:56:40.778,-64,6.32
1473,20:56:40.778,-63,6.74
1474,20:56:40.778,-68,8.81
1475,20:56:40.826,-74,12.18
1476,20:56:40.826,-82,12.5
1477,20:56:40.860,-86,9.39
1478,20:56:40.860,-87,6.97
1479,20:56:40.900,-85,5.84
1480,20:56:40.900,-81,5.23
1481,20:56:40.947,-77,5.16
1482,20:56:40.947,-72,4.46
1483,20:56:40.993,-67,-3.16
1484,20:56:40.993,-65,41.67
1485,20:56:41.040,-64,99.4
1486,20:56:41.040,-62,46.94
1487,20:56:41.040,-63,-2.86
1488,20:56:41.087,-63,-23.47
1489,20:56:41.087,-64,-24.61
1490,20:56:41.125,-66,-22.02
1491,20:56:41.125,-66,-18.24
1492,20:56:41.158,-67,-11.48
1493,20:56:41.158,-69,-2.25
1494,20:56:41.195,-80,5.0
1495,20:56:41.243,-125,6.14
1496,20:56:41.243,-199,2.84
1497,20:56:41.243,-248,-3.03
1498,20:56:41.277,-271,-8.54
1499,20:56:41.327,-271,-9.29
1500,20:56:41.327,-256,-7.7
1501,20:56:41.327,-234,-6.42
1502,20:56:41.376,-210,-4.68
1503,20:56:41.376,-186,-2.79
1504,20:56:41.376,-163,-1.5
1505,20:56:41.410,-146,-0.38
1506,20:56:41.460,-131,0.34
1507,20:56:41.460,-117,1.34
1508,20:56:41.460,-102,3.14
1509,20:56:41.494,-88,4.65
1510,20:56:41.528,-77,5.71
1511,20:56:41.528,-73,6.69
1512,20:56:41.561,-73,8.19
1513,20:56:41.561,-77,11.76
1514,20:56:41.594,-85,13.44
1515,20:56:41.628,-90,10.39
1516,20:56:41.628,-91,7.44
1517,20:56:41.677,-90,4.39
1518,20:56:41.677,-85,2.56
1519,20:56:41.677,-79,1.6
1520,20:56:41.711,-73,1.09
1521,20:56:41.760,-68,-4.89
1522,20:56:41.760,-63,-7.27
1523,20:56:41.760,-59,59.68
1524,20:56:41.794,-58,71.36
1525,20:56:41.843,-57,22.77
1526,20:56:41.843,-57,-24.46
1527,20:56:41.843,-57,-34.24
1528,20:56:41.893,-57,-31.5
1529,20:56:41.893,-57,-26.95
1530,20:56:41.928,-58,-18.28
1531,20:56:41.928,-58,-4.33
1532,20:56:41.962,-65,6.5
1533,20:56:41.962,-98,11.27
1534,20:56:42.010,-170,9.02
1535,20:56:42.010,-229,3.0
1536,20:56:42.044,-258,-3.6
1537,20:56:42.044,-264,-7.58
1538,20:56:42.092,-255,-8.27
1539,20:56:42.092,-238,-8.53
1540,20:56:42.142,-214,-7.28
1541,20:56:42.142,-191,-6.05
1542,20:56:42.142,-169,-4.59
1543,20:56:42.177,-149,-3.19
1544,20:56:42.177,-133,-2.21
1545,20:56:42.227,-120,-1.57
1546,20:56:42.227,-106,-0.12
1547,20:56:42.261,-92,1.07
1548,20:56:42.261,-78,1.92
1549,20:56:42.295,-69,2.76
1550,20:56:42.343,-68,3.35
1551,20:56:42.343,-71,3.99
1552,20:56:42.343,-74,6.82
1553,20:56:42.378,-78,9.61
1554,20:56:42.378,-81,8.23
1555,20:56:42.427,-81,7.12
1556,20:56:42.427,-80,7.08
1557,20:56:42.459,-76,7.06
1558,20:56:42.459,-69,7.05
1559,20:56:42.500,-65,7.04
1560,20:56:42.500,-60,5.76
1561,20:56:42.560,-56,-0.77
1562,20:56:42.560,-54,67.77
1563,20:56:42.560,-53,95.25
1564,20:56:42.594,-52,32.34
1565,20:56:42.628,-54,-21.4
1566,20:56:42.628,-55,-33.99
1567,20:56:42.676,-54,-32.64
1568,20:56:42.676,-54,-30.11
1569,20:56:42.676,-54,-24.7
1570,20:56:42.711,-53,-14.6
1571,20:56:42.744,-56,-3.45
1572,20:56:42.744,-74,2.52
1573,20:56:42.777,-134,2.23
1574,20:56:42.777,-204,-0.79
1575,20:56:42.827,-249,-5.28
1576,20:56:42.827,-266,-8.37
1577,20:56:42.862,-263,-8.64
1578,20:56:42.862,-249,-7.81
1579,20:56:42.910,-228,-6.44
1580,20:56:42.910,-203,-4.82
1581,20:56:42.944,-179,-2.99
1582,20:56:42.944,-158,-1.33
1583,20:56:42.979,-139,0.44
1584,20:56:42.979,-124,2.65
1585,20:56:43.015,-110,5.65
1586,20:56:43.015,-96,7.77
1587,20:56:43.058,-85,9.75
1588,20:56:43.058,-77,10.57
1589,20:56:43.092,-75,11.63
1590,20:56:43.126,-77,12.91
1591,20:56:43.126,-82,16.2
1592,20:56:43.161,-88,16.89
1593,20:56:43.161,-92,13.18
1594,20:56:43.194,-93,8.64
1595,20:56:43.227,-90,4.65
1596,20:56:43.227,-86,2.5
1597,20:56:43.261,-80,1.49
1598,20:56:43.261,-75,0.99
1599,20:56:43.310,-69,-6.24
1600,20:56:43.310,-65,0.88
1601,20:56:43.360,-63,79.32
1602,20:56:43.360,-60,60.27
1603,20:56:43.360,-58,11.45
1604,20:56:43.411,-57,-27.98
1605,20:56:43.411,-58,-33.79
1606,20:56:43.460,-57,-32.16
1607,20:56:43.460,-57,-27.81
1608,20:56:43.460,-58,-19.1
1609,20:56:43.494,-60,-5.9
1610,20:56:43.494,-68,5.81
1611,20:56:43.527,-109,10.46
1612,20:56:43.577,-182,8.11
1613,20:56:43.577,-236,3.31
1614,20:56:43.577,-262,-1.61
1615,20:56:43.611,-266,-4.75
1616,20:56:43.644,-257,-5.76
1617,20:56:43.644,-241,-4.43
1618,20:56:43.677,-217,-2.98
1619,20:56:43.677,-193,-1.7
1620,20:56:43.711,-171,-0.87
1621,20:56:43.760,-153,0.22
1622,20:56:43.760,-138,0.72
1623,20:56:43.760,-123,1.04
1624,20:56:43.793,-108,1.91
1625,20:56:43.793,-95,2.87
1626,20:56:43.827,-83,3.64
1627,20:56:43.862,-77,4.22
1628,20:56:43.862,-76,4.4
1629,20:56:43.910,-80,5.13
1630,20:56:43.910,-85,6.81
1631,20:56:43.944,-87,9.36
1632,20:56:43.944,-87,9.23
1633,20:56:43.978,-85,6.79
1634,20:56:43.978,-80,4.5
1635,20:56:44.027,-75,2.87
1636,20:56:44.027,-70,1.2
1637,20:56:44.062,-65,-0.22
1638,20:56:44.062,-63,-2.1
1639,20:56:44.100,-58,-13.58
1640,20:56:44.100,-56,54.93
1641,20:56:44.143,-56,102.6
1642,20:56:44.143,-54,37.52
1643,20:56:44.177,-53,-15.76
1644,20:56:44.177,-52,-34.91
1645,20:56:44.227,-53,-32.77
1646,20:56:44.227,-54,-28.99
1647,20:56:44.261,-57,-21.57
1648,20:56:44.261,-59,-10.33
1649,20:56:44.310,-60,2.39
1650,20:56:44.310,-78,11.3
1651,20:56:44.344,-138,12.94
1652,20:56:44.344,-207,7.74
1653,20:56:44.377,-248,-0.93
1654,20:56:44.377,-262,-7.3
1655,20:56:44.426,-259,-8.78
1656,20:56:44.426,-245,-8.87
1657,20:56:44.462,-225,-8.32
1658,20:56:44.462,-201,-7.72
1659,20:56:44.510,-179,-6.57
1660,20:56:44.510,-160,-5.11
1661,20:56:44.556,-146,-3.33
1662,20:56:44.556,-131,-1.63
1663,20:56:44.556,-118,-0.44
1664,20:56:44.589,-104,0.93
1665,20:56:44.626,-90,2.5
1666,20:56:44.626,-80,4.24
1667,20:56:44.661,-75,5.48
1668,20:56:44.661,-78,9.08
1669,20:56:44.695,-82,13.47
1670,20:56:44.695,-85,14.17
1671,20:56:44.743,-88,11.0
1672,20:56:44.743,-87,8.61
1673,20:56:44.791,-84,7.6
1674,20:56:44.791,-79,7.07
1675,20:56:44.825,-75,7.05
1676,20:56:44.825,-69,7.04
1677,20:56:44.858,-64,0.75
1678,20:56:44.858,-60,43.34
1679,20:56:44.908,-56,97.49
1680,20:56:44.908,-55,42.77
1681,20:56:44.942,-53,-5.4
1682,20:56:44.942,-53,-25.47
1683,20:56:44.977,-52,-25.12
1684,20:56:44.977,-52,-22.45
1685,20:56:45.011,-54,-18.54
1686,20:56:45.060,-55,-10.73
1687,20:56:45.060,-59,-0.41
1688,20:56:45.060,-79,8.42
1689,20:56:45.108,-137,9.97
1690,20:56:45.108,-200,5.25
1691,20:56:45.158,-238,-2.45
1692,20:56:45.158,-252,-8.3
1693,20:56:45.158,-249,-9.74
1694,20:56:45.194,-239,-9.84
1695,20:56:45.194,-220,-9.3
1696,20:56:45.243,-198,-7.68
1697,20:56:45.243,-177,-6.0
1698,20:56:45.291,-159,-4.1
1699,20:56:45.291,-141,-2.72
1700,20:56:45.291,-126,-1.85
1701,20:56:45.327,-113,-0.73
1702,20:56:45.361,-100,0.63
1703,20:56:45.361,-87,2.22
1704,20:56:45.410,-78,3.72
1705,20:56:45.410,-76,7.92
1706,20:56:45.461,-78,12.62
1707,20:56:45.461,-81,11.38
1708,20:56:45.461,-82,8.25
1709,20:56:45.510,-84,6.12
1710,20:56:45.510,-82,4.54
1711,20:56:45.544,-80,3.3
1712,20:56:45.544,-77,2.56
1713,20:56:45.593,-72,0.7
1714,20:56:45.593,-67,-9.75
1715,20:56:45.593,-63,68.59
1716,20:56:45.627,-58,88.62
1717,20:56:45.675,-55,34.64
1718,20:56:45.675,-53,-14.93
1719,20:56:45.675,-51,-27.79
1720,20:56:45.711,-52,-27.25
1721,20:56:45.744,-53,-23.76
1722,20:56:45.744,-53,-17.32
1723,20:56:45.793,-53,-6.77
1724,20:56:45.793,-56,4.71
1725,20:56:45.793,-80,12.55
1726,20:56:45.827,-143,11.64
1727,20:56:45.862,-206,6.13
1728,20:56:45.862,-241,-2.24
1729,20:56:45.910,-254,-8.37
1730,20:56:45.910,-250,-10.34
1731,20:56:45.944,-235,-10.19
1732,20:56:45.944,-215,-10.14
1733,20:56:45.977,-191,-9.87
1734,20:56:45.977,-170,-8.85
1735,20:56:46.011,-152,-7.7
1736,20:56:46.044,-137,-6.74
1737,20:56:46.044,-124,-5.75
1738,20:56:46.077,-110,-4.49
1739,20:56:46.077,-96,-3.23
1740,20:56:46.112,-83,-2.0
1741,20:56:46.158,-75,0.33
1742,20:56:46.158,-72,6.07
1743,20:56:46.158,-74,10.83
1744,20:56:46.210,-77,9.93
1745,20:56:46.210,-80,9.23
1746,20:56:46.210,-80,8.25
1747,20:56:46.244,-79,7.31
1748,20:56:46.277,-76,6.95
1749,20:56:46.277,-70,6.25
1750,20:56:46.310,-65,1.49
1751,20:56:46.344,-60,-2.87
1752,20:56:46.344,-55,62.39
1753,20:56:46.393,-52,64.67
1754,20:56:46.393,-51,33.89
1755,20:56:46.393,-51,-12.99
1756,20:56:46.427,-49,-24.83
1757,20:56:46.462,-47,-22.94
1758,20:56:46.462,-47,-19.73
1759,20:56:46.494,-48,-13.26
1760,20:56:46.494,-50,-3.23
1761,20:56:46.543,-55,5.96
1762,20:56:46.543,-85,9.61
1763,20:56:46.577,-154,5.37
1764,20:56:46.577,-209,-1.5
1765,20:56:46.611,-238,-8.22
1766,20:56:46.611,-247,-10.29
1767,20:56:46.644,-238,-8.88
1768,20:56:46.694,-221,-7.47
1769,20:56:46.694,-198,-5.63
1770,20:56:46.694,-176,-2.68
1771,20:56:46.727,-157,-0.86
1772,20:56:46.761,-139,0.54
1773,20:56:46.761,-124,2.37
1774,20:56:46.810,-110,4.29
1775,20:56:46.810,-96,5.93
1776,20:56:46.844,-82,6.97
1777,20:56:46.844,-72,7.28
1778,20:56:46.878,-68,8.22
1779,20:56:46.878,-70,11.51
1780,20:56:46.926,-76,13.54
1781,20:56:46.926,-83,8.98
1782,20:56:46.960,-88,6.28
1783,20:56:46.960,-90,4.91
1784,20:56:47.010,-87,3.51
1785,20:56:47.010,-83,2.68
1786,20:56:47.045,-78,2.19
1787,20:56:47.045,-72,-4.24
1788,20:56:47.093,-67,3.44
1789,20:56:47.093,-62,73.54
1790,20:56:47.093,-60,60.7
1791,20:56:47.125,-59,16.42
1792,20:56:47.158,-58,-24.08
1793,20:56:47.158,-56,-32.31
1794,20:56:47.192,-55,-29.63
1795,20:56:47.192,-55,-26.97
1796,20:56:47.227,-54,-20.62
1797,20:56:47.261,-56,-10.01
1798,20:56:47.261,-66,1.01
1799,20:56:47.310,-107,5.42
1800,20:56:47.310,-175,2.62
1801,20:56:47.344,-224,-2.1
1802,20:56:47.344,-246,-5.4
1803,20:56:47.393,-250,-6.56
1804,20:56:47.393,-239,-6.36
1805,20:56:47.393,-222,-5.43
1806,20:56:47.428,-200,-3.97
1807,20:56:47.476,-178,-2.81
1808,20:56:47.476,-159,-1.7
1809,20:56:47.476,-142,-0.93
1810,20:56:47.510,-128,0.65
1811,20:56:47.544,-113,2.84
1812,20:56:47.544,-97,4.6
1813,20:56:47.593,-83,6.78
1814,20:56:47.593,-75,7.93
1815,20:56:47.593,-73,9.24
1816,20:56:47.627,-74,13.21
1817,20:56:47.661,-78,14.78
1818,20:56:47.661,-82,10.86
1819,20:56:47.710,-85,7.05
1820,20:56:47.710,-88,4.78
1821,20:56:47.744,-85,2.86
1822,20:56:47.744,-80,2.16
1823,20:56:47.783,-74,0.89
1824,20:56:47.783,-68,-4.23
1825,20:56:47.827,-65,-11.31
1826,20:56:47.827,-59,73.6
1827,20:56:47.861,-54,76.66
1828,20:56:47.861,-51,39.67
1829,20:56:47.894,-50,-17.53
1830,20:56:47.894,-50,-34.41
1831,20:56:47.927,-50,-33.4
1832,20:56:47.976,-48,-29.16
1833,20:56:47.976,-47,-21.62
1834,20:56:47.976,-46,-10.29
1835,20:56:48.011,-52,1.81
1836,20:56:48.011,-80,6.47
1837,20:56:48.044,-150,4.64
1838,20:56:48.093,-210,-0.19
1839,20:56:48.093,-242,-4.36
1840,20:56:48.093,-252,-6.54
1841,20:56:48.125,-246,-8.77
1842,20:56:48.158,-229,-8.09
1843,20:56:48.158,-207,-6.49
1844,20:56:48.206,-184,-4.73
1845,20:56:48.206,-162,-3.16
1846,20:56:48.243,-145,-2.12
1847,20:56:48.243,-131,-1.48
1848,20:56:48.277,-119,-0.28
1849,20:56:48.277,-105,0.64
1850,20:56:48.324,-91,1.55
1851,20:56:48.324,-81,2.2
1852,20:56:48.360,-74,2.65
1853,20:56:48.360,-74,5.22
1854,20:56:48.394,-81,10.04
1855,20:56:48.394,-88,11.37
1856,20:56:48.427,-93,7.56
1857,20:56:48.475,-96,5.61
1858,20:56:48.475,-91,4.23
1859,20:56:48.475,-87,3.12
1860,20:56:48.527,-81,2.46
1861,20:56:48.527,-77,2.88
1862,20:56:48.561,-72,-4.31
1863,20:56:48.561,-68,32.08
1864,20:56:48.595,-66,92.39
1865,20:56:48.595,-64,44.94
1866,20:56:48.643,-63,-5.94
1867,20:56:48.643,-62,-29.96
1868,20:56:48.677,-61,-30.75
1869,20:56:48.677,-61,-29.49
1870,20:56:48.710,-62,-25.62
1871,20:56:48.710,-62,-18.47
1872,20:56:48.760,-64,-7.0
1873,20:56:48.760,-80,3.66
1874,20:56:48.794,-139,7.02
1875,20:56:48.794,-200,3.57
1876,20:56:48.831,-236,-2.15
1877,20:56:48.831,-251,-6.13
1878,20:56:48.868,-249,-7.49
1879,20:56:48.868,-235,-7.31
1880,20:56:48.908,-215,-6.93
1881,20:56:48.908,-192,-5.73
1882,20:56:48.944,-171,-4.74
1883,20:56:48.993,-151,-2.93
1884,20:56:48.993,-135,-0.47
1885,20:56:48.993,-123,2.19
1886,20:56:49.044,-112,4.81
1887,20:56:49.044,-99,6.45
1888,20:56:49.093,-87,7.36
1889,20:56:49.093,-80,7.87
1890,20:56:49.093,-78,7.91
1891,20:56:49.128,-80,7.71
1892,20:56:49.175,-84,7.95
1893,20:56:49.175,-89,9.36
1894,20:56:49.175,-90,10.71
1895,20:56:49.210,-90,9.97
1896,20:56:49.210,-87,8.18
1897,20:56:49.244,-81,6.6
1898,20:56:49.293,-75,4.83
1899,20:56:49.293,-69,3.9
