,min,max,mean,med,std,label
0,-100.0,-100.0,-100.0,-100.0,-100.0,AF
1,0.8,0.9,0.8500000000000001,0.8500000000000001,0.07071067811865474,AF
2,-100.0,-100.0,-100.0,-100.0,-100.0,AF
3,-100.0,-100.0,-100.0,-100.0,-100.0,AF
4,-100.0,-100.0,-100.0,-100.0,-100.0,AF
5,0.6,0.7,0.6499999999999999,0.6499999999999999,0.07071067811865474,AF
6,-100.0,-100.0,-100.0,-100.0,-100.0,AF
7,-100.0,-100.0,-100.0,-100.0,-100.0,AF
8,-100.0,-100.0,-100.0,-100.0,-100.0,AF
9,-100.0,-100.0,-100.0,-100.0,-100.0,AF
10,-100.0,-100.0,-100.0,-100.0,-100.0,AF
11,-100.0,-100.0,-100.0,-100.0,-100.0,AF
12,0.818,1.016,0.917,0.917,0.14000714267493644,AF
13,-31839.066,1.6,-4547.731714285714,0.7,12034.347257735497,PVC
14,-100.0,-100.0,-100.0,-100.0,-100.0,AF
15,0.6,0.8,0.7,0.7,0.14142135623730953,AF
16,0.7,0.8,0.75,0.75,0.07071067811865482,AF
17,-100.0,-100.0,-100.0,-100.0,-100.0,PVC
18,0.6,0.6,0.6,0.6,0.0,AF
19,-100.0,-100.0,-100.0,-100.0,-100.0,AF
20,0.8,0.8,0.8,0.8,0.0,AF
21,-100.0,-100.0,-100.0,-100.0,-100.0,AF
22,0.8,1.4,1.0777777777777777,1.0,0.2333333333333333,PVC
23,0.7,0.7,0.7,0.7,0.0,AF
24,-100.0,-100.0,-100.0,-100.0,-100.0,AF
25,-100.0,-100.0,-100.0,-100.0,-100.0,AF
26,-100.0,-100.0,-100.0,-100.0,-100.0,AF
27,-100.0,-100.0,-100.0,-100.0,-100.0,AF
28,-100.0,-100.0,-100.0,-100.0,-100.0,AF
29,0.667,0.999,0.833,0.833,0.23475945135393375,AF
30,-100.0,-100.0,-100.0,-100.0,-100.0,AF
31,-100.0,-100.0,-100.0,-100.0,-100.0,AF
32,0.6,0.7,0.6499999999999999,0.6499999999999999,0.07071067811865474,AF
33,-100.0,-100.0,-100.0,-100.0,-100.0,AF
34,0.6,0.8,0.7,0.7,0.14142135623730953,AF
35,0.6,0.7,0.6499999999999999,0.6499999999999999,0.07071067811865474,AF
36,-100.0,-100.0,-100.0,-100.0,-100.0,AF
37,-100.0,-100.0,-100.0,-100.0,-100.0,AF
38,0.6,1.6,0.97,0.95,0.266874918683308,PVC
39,-100.0,-100.0,-100.0,-100.0,-100.0,AF
40,0.6,0.7,0.6499999999999999,0.6499999999999999,0.07071067811865474,AF
41,0.8,1.4,1.0777777777777777,1.0,0.19220937657784656,PVC
42,0.6,0.7,0.6499999999999999,0.6499999999999999,0.07071067811865474,AF
43,-100.0,-100.0,-100.0,-100.0,-100.0,AF
44,0.156,0.424,0.2826666666666667,0.268,0.1346006438815704,PVC
45,-100.0,-100.0,-100.0,-100.0,-100.0,AF
46,-100.0,-100.0,-100.0,-100.0,-100.0,AF
47,0.7,0.8,0.75,0.75,0.07071067811865482,AF
48,0.6,0.8,0.7,0.7,0.14142135623730953,AF
49,-100.0,-100.0,-100.0,-100.0,-100.0,AF
50,-100.0,-100.0,-100.0,-100.0,-100.0,AF
51,0.5,1.5,0.8909090909090909,0.9,0.28793938756115134,PVC
52,0.7,0.7,0.7,0.7,0.0,AF
53,0.7,0.7,0.7,0.7,0.0,AF
54,0.731,1.086,0.9085000000000001,0.9085000000000001,0.2510229073212244,AF
55,0.6,0.7,0.6499999999999999,0.6499999999999999,0.07071067811865474,AF
56,-100.0,-100.0,-100.0,-100.0,-100.0,AF
57,0.7,0.8,0.75,0.75,0.07071067811865482,AF
58,0.7,0.7,0.7,0.7,0.0,AF
59,-100.0,-100.0,-100.0,-100.0,-100.0,AF
60,0.7,0.8,0.75,0.75,0.07071067811865482,AF
61,0.7,1.0,0.85,0.85,0.21213203435596428,AF
62,0.7,1.0,0.85,0.85,0.21213203435596428,AF
63,0.7,0.9,0.8,0.8,0.14142135623730953,AF
64,0.8,0.9,0.8500000000000001,0.8500000000000001,0.07071067811865474,AF
65,-100.0,-100.0,-100.0,-100.0,-100.0,AF
66,-100.0,-100.0,-100.0,-100.0,-100.0,AF
67,0.6,0.7,0.6499999999999999,0.6499999999999999,0.07071067811865474,AF
68,-100.0,-100.0,-100.0,-100.0,-100.0,N
69,0.2,0.516,0.358,0.358,0.22344574285494903,PVC
70,-100.0,-100.0,-100.0,-100.0,-100.0,AF
71,0.6,0.7,0.6499999999999999,0.6499999999999999,0.07071067811865474,AF
72,0.6,0.7,0.6499999999999999,0.6499999999999999,0.07071067811865474,AF
73,-100.0,-100.0,-100.0,-100.0,-100.0,AF
74,-100.0,-100.0,-100.0,-100.0,-100.0,AF
75,0.798,0.802,0.8,0.8,0.0028284271247461927,N
76,0.6,1.0,0.8,0.8,0.282842712474619,AF
77,0.7,0.8,0.75,0.75,0.07071067811865482,AF
78,-100.0,-100.0,-100.0,-100.0,-100.0,AF
79,-100.0,-100.0,-100.0,-100.0,-100.0,AF
80,0.144,0.296,0.23199999999999998,0.256,0.07879086241436883,PVC
81,0.7,0.8,0.75,0.75,0.07071067811865482,AF
82,-100.0,-100.0,-100.0,-100.0,-100.0,AF
83,0.6,0.8,0.7,0.7,0.14142135623730953,AF
84,0.7,1.1,0.9,0.9,0.2828427124746191,AF
85,-100.0,-100.0,-100.0,-100.0,-100.0,AF
86,-100.0,-100.0,-100.0,-100.0,-100.0,AF
87,0.5,0.9,0.7,0.7,0.282842712474619,AF
88,0.7,0.7,0.7,0.7,0.0,AF
89,0.7,0.8,0.75,0.75,0.07071067811865482,AF
90,-100.0,-100.0,-100.0,-100.0,-100.0,AF
91,0.06,0.276,0.1448,0.152,0.08905728493503494,PVC
92,-100.0,-100.0,-100.0,-100.0,-100.0,AF
93,-100.0,-100.0,-100.0,-100.0,-100.0,AF
94,-100.0,-100.0,-100.0,-100.0,-100.0,AF
95,0.064,0.168,0.112,0.10799999999999998,0.051845925587262885,PVC
96,-100.0,-100.0,-100.0,-100.0,-100.0,AF
97,-100.0,-100.0,-100.0,-100.0,-100.0,AF
98,0.776,0.8,0.788,0.788,0.010327955589886454,PVC
99,0.7,0.8,0.75,0.75,0.07071067811865482,AF
100,-100.0,-100.0,-100.0,-100.0,-100.0,AF
101,0.7,0.7,0.7,0.7,0.0,AF
102,0.6,0.9,0.75,0.75,0.21213203435596428,AF
103,-100.0,-100.0,-100.0,-100.0,-100.0,AF
104,0.6,0.7,0.6499999999999999,0.6499999999999999,0.07071067811865474,AF
105,-100.0,-100.0,-100.0,-100.0,-100.0,PVC
106,0.7,0.8,0.75,0.75,0.07071067811865482,AF
107,0.7,0.8,0.75,0.75,0.07071067811865482,AF
108,0.7,1.0,0.85,0.85,0.21213203435596428,AF
109,0.6,0.9,0.75,0.75,0.21213203435596428,AF
110,0.064,0.176,0.128,0.144,0.05306599664568639,PVC
111,0.336,0.816,0.632,0.672,0.19530488985173922,PVC
112,-100.0,-100.0,-100.0,-100.0,-100.0,AF
113,0.6,0.9,0.75,0.75,0.21213203435596428,AF
114,-100.0,-100.0,-100.0,-100.0,-100.0,AF
115,0.7,0.9,0.8,0.8,0.14142135623730953,AF
116,-100.0,-100.0,-100.0,-100.0,-100.0,AF
117,0.7,1.0,0.85,0.85,0.21213203435596428,AF
118,-100.0,-100.0,-100.0,-100.0,-100.0,AF
119,-100.0,-100.0,-100.0,-100.0,-100.0,AF
120,0.7,0.8,0.75,0.75,0.07071067811865482,AF
121,-100.0,-100.0,-100.0,-100.0,-100.0,AF
122,-100.0,-100.0,-100.0,-100.0,-100.0,AF
123,-100.0,-100.0,-100.0,-100.0,-100.0,AF
124,0.8,1.4,1.0555555555555556,1.0,0.22973414586817034,PVC
125,-100.0,-100.0,-100.0,-100.0,-100.0,AF
126,0.6,1.0,0.8,0.8,0.282842712474619,AF
127,-100.0,-100.0,-100.0,-100.0,-100.0,AF
128,-100.0,-100.0,-100.0,-100.0,-100.0,AF
129,0.6,1.5,0.8727272727272728,0.8,0.26491851234260355,PVC
130,0.7,0.7,0.7,0.7,0.0,AF
131,0.78,0.815,0.7975,0.7975,0.024748737341529107,N
132,-100.0,-100.0,-100.0,-100.0,-100.0,AF
133,-100.0,-100.0,-100.0,-100.0,-100.0,AF
134,0.7,0.8,0.75,0.75,0.07071067811865482,AF
135,-100.0,-100.0,-100.0,-100.0,-100.0,AF
136,0.9,0.9,0.9,0.9,0.0,AF
137,-100.0,-100.0,-100.0,-100.0,-100.0,AF
138,0.6,0.7,0.6499999999999999,0.6499999999999999,0.07071067811865474,AF
139,-100.0,-100.0,-100.0,-100.0,-100.0,AF
140,-100.0,-100.0,-100.0,-100.0,-100.0,AF
141,0.7,0.7,0.7,0.7,0.0,AF
142,0.6,0.7,0.6499999999999999,0.6499999999999999,0.07071067811865474,AF
143,0.7,1.0,0.85,0.85,0.21213203435596428,AF
144,-100.0,-100.0,-100.0,-100.0,-100.0,AF
145,0.8,0.8,0.8,0.8,0.0,AF
146,-100.0,-100.0,-100.0,-100.0,-100.0,AF
147,0.6,0.8,0.7,0.7,0.14142135623730953,AF
148,0.6,0.7,0.6499999999999999,0.6499999999999999,0.07071067811865474,AF
149,-100.0,-100.0,-100.0,-100.0,-100.0,AF
150,-100.0,-100.0,-100.0,-100.0,-100.0,AF
151,-100.0,-100.0,-100.0,-100.0,-100.0,AF
152,-100.0,-100.0,-100.0,-100.0,-100.0,AF
153,-100.0,-100.0,-100.0,-100.0,-100.0,AF
154,-100.0,-100.0,-100.0,-100.0,-100.0,AF
155,-100.0,-100.0,-100.0,-100.0,-100.0,AF
156,0.7,1.2,0.89,0.85,0.2078995483935024,PVC
157,-100.0,-100.0,-100.0,-100.0,-100.0,AF
158,-100.0,-100.0,-100.0,-100.0,-100.0,AF
159,0.6,0.8,0.7,0.7,0.14142135623730953,AF
160,0.75,0.799,0.7745,0.7745,0.03464823227814086,N
161,-100.0,-100.0,-100.0,-100.0,-100.0,AF
162,0.6,0.8,0.7,0.7,0.14142135623730953,AF
163,0.816,0.932,0.874,0.874,0.08202438661763958,AF
164,0.076,0.304,0.1424,0.088,0.09726664381996533,PVC
165,0.7,0.7,0.7,0.7,0.0,AF
166,-100.0,-100.0,-100.0,-100.0,-100.0,AF
167,-100.0,-100.0,-100.0,-100.0,-100.0,AF
168,0.7,0.8,0.75,0.75,0.07071067811865482,AF
169,-100.0,-100.0,-100.0,-100.0,-100.0,AF
170,0.6,1.0,0.8,0.8,0.282842712474619,AF
171,-100.0,-100.0,-100.0,-100.0,-100.0,AF
172,-100.0,-100.0,-100.0,-100.0,-100.0,AF
173,0.6,1.3,0.95,0.95,0.2173067468400883,PVC
174,-100.0,-100.0,-100.0,-100.0,-100.0,AF
175,-100.0,-100.0,-100.0,-100.0,-100.0,AF
176,-100.0,-100.0,-100.0,-100.0,-100.0,AF
177,-100.0,-100.0,-100.0,-100.0,-100.0,AF
178,0.765,0.787,0.776,0.776,0.01555634918610406,N
179,-100.0,-100.0,-100.0,-100.0,-100.0,AF
180,-100.0,-100.0,-100.0,-100.0,-100.0,AF
181,0.683,1.101,0.892,0.892,0.2955706345359768,AF
182,-100.0,-100.0,-100.0,-100.0,-100.0,AF
183,-100.0,-100.0,-100.0,-100.0,-100.0,AF
184,0.264,0.524,0.394,0.394,0.18384776310850237,PVC
185,-100.0,-100.0,-100.0,-100.0,-100.0,AF
186,-100.0,-100.0,-100.0,-100.0,-100.0,AF
187,-100.0,-100.0,-100.0,-100.0,-100.0,AF
188,-100.0,-100.0,-100.0,-100.0,-100.0,PVC
189,0.7,0.7,0.7,0.7,0.0,AF
190,-100.0,-100.0,-100.0,-100.0,-100.0,PVC
191,0.184,0.232,0.20533333333333334,0.2,0.024440403706431153,PVC
192,0.7,0.7,0.7,0.7,0.0,AF
193,0.7,0.8,0.75,0.75,0.07071067811865482,AF
194,0.6,0.6,0.6,0.6,0.0,AF
195,0.784,0.784,0.784,0.784,0.0,PVC
196,0.7,0.7,0.7,0.7,0.0,AF
197,0.256,0.792,0.524,0.492,0.22879160823771488,PVC
198,-100.0,-100.0,-100.0,-100.0,-100.0,AF
199,-100.0,-100.0,-100.0,-100.0,-100.0,AF
200,0.6,0.8,0.7,0.7,0.14142135623730953,AF
201,0.208,0.42,0.284,0.224,0.11805083650698964,PVC
202,0.6,0.7,0.6499999999999999,0.6499999999999999,0.07071067811865474,AF
203,-100.0,-100.0,-100.0,-100.0,-100.0,AF
204,-100.0,-100.0,-100.0,-100.0,-100.0,AF
205,-100.0,-100.0,-100.0,-100.0,-100.0,AF
206,-100.0,-100.0,-100.0,-100.0,-100.0,AF
207,-100.0,-100.0,-100.0,-100.0,-100.0,AF
208,0.7,1.0,0.85,0.85,0.21213203435596428,AF
209,-100.0,-100.0,-100.0,-100.0,-100.0,AF
210,-100.0,-100.0,-100.0,-100.0,-100.0,AF
211,-100.0,-100.0,-100.0,-100.0,-100.0,AF
212,0.6,0.7,0.6499999999999999,0.6499999999999999,0.07071067811865474,AF
213,-100.0,-100.0,-100.0,-100.0,-100.0,AF
214,0.7,0.7,0.7,0.7,0.0,AF
215,-100.0,-100.0,-100.0,-100.0,-100.0,AF
216,-100.0,-100.0,-100.0,-100.0,-100.0,AF
217,-100.0,-100.0,-100.0,-100.0,-100.0,AF
218,0.6,0.7,0.6499999999999999,0.6499999999999999,0.07071067811865474,AF
219,0.7,0.7,0.7,0.7,0.0,AF
220,0.096,0.248,0.1624,0.128,0.07029082443676415,PVC
221,0.7,0.8,0.75,0.75,0.07071067811865482,AF
222,-100.0,-100.0,-100.0,-100.0,-100.0,AF
223,0.6,1.2,0.87,0.8500000000000001,0.18885620632287062,PVC
224,-100.0,-100.0,-100.0,-100.0,-100.0,N
225,0.068,0.252,0.156,0.152,0.078655366420014,PVC
226,-100.0,-100.0,-100.0,-100.0,-100.0,AF
227,0.6,0.9,0.75,0.75,0.21213203435596428,AF
228,-100.0,-100.0,-100.0,-100.0,-100.0,AF
229,0.85,1.034,0.942,0.942,0.13010764773832478,AF
230,-100.0,-100.0,-100.0,-100.0,-100.0,AF
231,-100.0,-100.0,-100.0,-100.0,-100.0,AF
232,-100.0,-100.0,-100.0,-100.0,-100.0,AF
233,-100.0,-100.0,-100.0,-100.0,-100.0,AF
234,0.8,0.8,0.8,0.8,0.0,AF
235,-100.0,-100.0,-100.0,-100.0,-100.0,AF
236,0.765,1.081,0.923,0.923,0.22344574285494898,AF
237,-100.0,-100.0,-100.0,-100.0,-100.0,AF
238,-100.0,-100.0,-100.0,-100.0,-100.0,N
239,0.7,0.8,0.75,0.75,0.07071067811865482,AF
240,-100.0,-100.0,-100.0,-100.0,-100.0,AF
241,-100.0,-100.0,-100.0,-100.0,-100.0,AF
242,-100.0,-100.0,-100.0,-100.0,-100.0,AF
243,-100.0,-100.0,-100.0,-100.0,-100.0,AF
244,0.8,0.9,0.8500000000000001,0.8500000000000001,0.07071067811865474,AF
245,0.7,0.8,0.75,0.75,0.07071067811865482,AF
246,0.6,0.8,0.7,0.7,0.14142135623730953,AF
247,-100.0,-100.0,-100.0,-100.0,-100.0,AF
248,0.6,0.8,0.7,0.7,0.14142135623730953,AF
249,-100.0,-100.0,-100.0,-100.0,-100.0,AF
250,-100.0,-100.0,-100.0,-100.0,-100.0,AF
251,0.7,0.7,0.7,0.7,0.0,AF
252,0.7,0.8,0.75,0.75,0.07071067811865482,AF
253,-100.0,-100.0,-100.0,-100.0,-100.0,AF
254,-100.0,-100.0,-100.0,-100.0,-100.0,AF
255,0.6,1.1,0.8500000000000001,0.8500000000000001,0.35355339059327384,AF
256,0.6,0.8,0.7,0.7,0.14142135623730953,AF
257,-100.0,-100.0,-100.0,-100.0,-100.0,AF
258,0.7,1.6,1.075,1.0,0.3284161123592186,PVC
259,-100.0,-100.0,-100.0,-100.0,-100.0,AF
260,0.7,0.9,0.8,0.8,0.14142135623730953,AF
261,0.6,0.7,0.6499999999999999,0.6499999999999999,0.07071067811865474,AF
262,-100.0,-100.0,-100.0,-100.0,-100.0,AF
263,0.092,0.432,0.212,0.112,0.1907878402833891,PVC
264,-100.0,-100.0,-100.0,-100.0,-100.0,AF
265,-100.0,-100.0,-100.0,-100.0,-100.0,AF
266,0.6,0.8,0.7,0.7,0.14142135623730953,AF
267,0.6,0.9,0.75,0.75,0.21213203435596428,AF
268,0.5,0.7,0.6,0.6,0.14142135623730948,AF
269,-100.0,-100.0,-100.0,-100.0,-100.0,AF
270,-100.0,-100.0,-100.0,-100.0,-100.0,AF
271,-100.0,-100.0,-100.0,-100.0,-100.0,AF
272,0.7,0.7,0.7,0.7,0.0,AF
273,0.8,0.9,0.8500000000000001,0.8500000000000001,0.07071067811865474,AF
274,0.072,0.224,0.11699999999999999,0.086,0.07210177991330496,PVC
275,0.6,0.6,0.6,0.6,0.0,AF
276,-100.0,-100.0,-100.0,-100.0,-100.0,AF
277,0.8,0.8,0.8,0.8,0.0,AF
278,0.6,0.9,0.75,0.75,0.21213203435596428,AF
279,0.8,0.8,0.8,0.8,0.0,AF
280,-100.0,-100.0,-100.0,-100.0,-100.0,AF
281,-100.0,-100.0,-100.0,-100.0,-100.0,AF
282,-100.0,-100.0,-100.0,-100.0,-100.0,AF
283,0.9,1.4,1.1125,1.1,0.1885091888628092,PVC
284,-100.0,-100.0,-100.0,-100.0,-100.0,AF
285,0.6,0.7,0.6499999999999999,0.6499999999999999,0.07071067811865474,AF
286,-100.0,-100.0,-100.0,-100.0,-100.0,AF
287,-100.0,-100.0,-100.0,-100.0,-100.0,AF
288,0.7,0.8,0.75,0.75,0.07071067811865482,AF
289,0.208,0.548,0.378,0.378,0.2404163056034262,PVC
290,-100.0,-100.0,-100.0,-100.0,-100.0,AF
291,-100.0,-100.0,-100.0,-100.0,-100.0,AF
292,-100.0,-100.0,-100.0,-100.0,-100.0,AF
293,0.7,0.9,0.8,0.8,0.14142135623730953,AF
294,0.6,0.7,0.6499999999999999,0.6499999999999999,0.07071067811865474,AF
295,-100.0,-100.0,-100.0,-100.0,-100.0,AF
296,0.6,0.8,0.7,0.7,0.14142135623730953,AF
297,0.296,0.488,0.392,0.392,0.13576450198781712,PVC
298,-100.0,-100.0,-100.0,-100.0,-100.0,AF
299,-100.0,-100.0,-100.0,-100.0,-100.0,AF
300,-100.0,-100.0,-100.0,-100.0,-100.0,AF
301,-100.0,-100.0,-100.0,-100.0,-100.0,AF
302,-100.0,-100.0,-100.0,-100.0,-100.0,AF
303,-100.0,-100.0,-100.0,-100.0,-100.0,AF
304,0.7,0.7,0.7,0.7,0.0,AF
305,0.7,1.0,0.85,0.85,0.21213203435596428,AF
306,-100.0,-100.0,-100.0,-100.0,-100.0,AF
307,0.152,0.28,0.21600000000000003,0.21600000000000003,0.0905096679918781,PVC
308,0.6,0.7,0.6499999999999999,0.6499999999999999,0.07071067811865474,AF
309,0.096,0.228,0.14266666666666666,0.104,0.07400900846068223,PVC
310,0.9,1.5,1.1375,1.1,0.2263846284534354,PVC
311,0.8,1.0,0.9,0.9,0.14142135623730948,AF
312,-100.0,-100.0,-100.0,-100.0,-100.0,AF
313,0.8,0.9,0.8500000000000001,0.8500000000000001,0.07071067811865474,AF
314,0.8,1.5,1.0444444444444445,1.0,0.25055493963954845,PVC
315,-100.0,-100.0,-100.0,-100.0,-100.0,AF
316,-100.0,-100.0,-100.0,-100.0,-100.0,AF
317,0.884,0.898,0.891,0.891,0.009899494936611674,AF
318,-100.0,-100.0,-100.0,-100.0,-100.0,AF
319,0.176,0.208,0.192,0.192,0.02262741699796952,PVC
320,-100.0,-100.0,-100.0,-100.0,-100.0,AF
321,-100.0,-100.0,-100.0,-100.0,-100.0,AF
322,0.6,0.7,0.6499999999999999,0.6499999999999999,0.07071067811865474,AF
323,0.7,0.9,0.8,0.8,0.14142135623730953,AF
324,-100.0,-100.0,-100.0,-100.0,-100.0,AF
325,0.6,0.9,0.75,0.75,0.21213203435596428,AF
326,0.7,0.7,0.7,0.7,0.0,AF
327,0.6,0.9,0.75,0.75,0.21213203435596428,AF
328,0.06,0.176,0.09866666666666667,0.06,0.06697263122599659,PVC
329,0.18,0.54,0.36,0.36,0.25455844122715715,PVC
330,0.6,0.8,0.7,0.7,0.14142135623730953,AF
331,-100.0,-100.0,-100.0,-100.0,-100.0,AF
332,-100.0,-100.0,-100.0,-100.0,-100.0,AF
333,-100.0,-100.0,-100.0,-100.0,-100.0,AF
334,-100.0,-100.0,-100.0,-100.0,-100.0,AF
335,-100.0,-100.0,-100.0,-100.0,-100.0,AF
336,-100.0,-100.0,-100.0,-100.0,-100.0,AF
337,-100.0,-100.0,-100.0,-100.0,-100.0,AF
338,0.6,0.6,0.6,0.6,0.0,AF
339,-100.0,-100.0,-100.0,-100.0,-100.0,AF
340,-100.0,-100.0,-100.0,-100.0,-100.0,AF
341,0.8,0.8,0.8,0.8,0.0,AF
342,0.7,0.9,0.8,0.8,0.14142135623730953,AF
343,-100.0,-100.0,-100.0,-100.0,-100.0,AF
344,0.7,0.7,0.7,0.7,0.0,AF
345,-100.0,-100.0,-100.0,-100.0,-100.0,AF
346,0.7,1.0,0.85,0.85,0.21213203435596428,AF
347,-100.0,-100.0,-100.0,-100.0,-100.0,AF
348,0.6,0.8,0.7,0.7,0.14142135623730953,AF
349,-100.0,-100.0,-100.0,-100.0,-100.0,AF
350,-100.0,-100.0,-100.0,-100.0,-100.0,AF
351,0.7,1.1,0.9,0.9,0.2828427124746191,AF
352,0.8,0.9,0.8500000000000001,0.8500000000000001,0.07071067811865474,AF
353,0.7,0.7,0.7,0.7,0.0,AF
354,-100.0,-100.0,-100.0,-100.0,-100.0,AF
355,0.536,0.792,0.7344,0.784,0.11105314043285765,PVC
356,0.8,0.8,0.8,0.8,0.0,AF
357,0.6,0.8,0.7,0.7,0.14142135623730953,AF
358,0.6,0.8,0.7,0.7,0.14142135623730953,AF
359,-100.0,-100.0,-100.0,-100.0,-100.0,AF
360,-100.0,-100.0,-100.0,-100.0,-100.0,AF
361,-100.0,-100.0,-100.0,-100.0,-100.0,AF
362,0.6,1.0,0.8,0.8,0.282842712474619,AF
363,-100.0,-100.0,-100.0,-100.0,-100.0,AF
364,-100.0,-100.0,-100.0,-100.0,-100.0,AF
365,0.7,0.8,0.75,0.75,0.07071067811865482,AF
366,0.6,0.8,0.7,0.7,0.14142135623730953,AF
367,-100.0,-100.0,-100.0,-100.0,-100.0,AF
368,0.16,0.276,0.20133333333333334,0.168,0.06478682993736716,PVC
369,0.7,0.7,0.7,0.7,0.0,AF
370,0.6,0.8,0.7,0.7,0.14142135623730953,AF
371,-100.0,-100.0,-100.0,-100.0,-100.0,AF
372,-100.0,-100.0,-100.0,-100.0,-100.0,AF
373,0.7,0.8,0.75,0.75,0.07071067811865482,AF
374,-100.0,-100.0,-100.0,-100.0,-100.0,AF
375,-100.0,-100.0,-100.0,-100.0,-100.0,AF
376,0.7,0.7,0.7,0.7,0.0,AF
377,-100.0,-100.0,-100.0,-100.0,-100.0,AF
378,0.8,0.8,0.8,0.8,0.0,AF
379,-100.0,-100.0,-100.0,-100.0,-100.0,AF
380,0.6,0.6,0.6,0.6,0.0,AF
381,-100.0,-100.0,-100.0,-100.0,-100.0,AF
382,0.7,0.8,0.75,0.75,0.07071067811865482,AF
383,0.072,0.236,0.154,0.154,0.11596551211459379,PVC
384,-100.0,-100.0,-100.0,-100.0,-100.0,PVC
385,-100.0,-100.0,-100.0,-100.0,-100.0,PVC
386,-100.0,-100.0,-100.0,-100.0,-100.0,AF
387,-100.0,-100.0,-100.0,-100.0,-100.0,AF
388,-100.0,-100.0,-100.0,-100.0,-100.0,AF
389,0.6,0.7,0.6499999999999999,0.6499999999999999,0.07071067811865474,AF
390,-100.0,-100.0,-100.0,-100.0,-100.0,AF
391,0.7,0.8,0.75,0.75,0.07071067811865482,AF
392,0.7,0.8,0.75,0.75,0.07071067811865482,AF
393,0.6,1.4,0.92,0.95,0.27406406388125953,PVC
394,-100.0,-100.0,-100.0,-100.0,-100.0,AF
395,0.6,0.7,0.6499999999999999,0.6499999999999999,0.07071067811865474,AF
396,0.7,0.7,0.7,0.7,0.0,AF
397,0.851,0.916,0.8835,0.8835,0.04596194077712563,AF
398,-100.0,-100.0,-100.0,-100.0,-100.0,AF
399,0.6,0.7,0.6499999999999999,0.6499999999999999,0.07071067811865474,AF
400,0.7,0.7,0.7,0.7,0.0,AF
401,0.8,1.0,0.9,0.9,0.14142135623730948,AF
402,-100.0,-100.0,-100.0,-100.0,-100.0,AF
403,0.8,0.9,0.8500000000000001,0.8500000000000001,0.07071067811865474,AF
404,0.6,1.2,0.8999999999999999,0.8999999999999999,0.42426406871192845,AF
405,-100.0,-100.0,-100.0,-100.0,-100.0,AF
406,0.6,0.7,0.6499999999999999,0.6499999999999999,0.07071067811865474,AF
407,-100.0,-100.0,-100.0,-100.0,-100.0,AF
408,-100.0,-100.0,-100.0,-100.0,-100.0,AF
409,0.9,1.0,0.95,0.95,0.07071067811865474,AF
410,0.072,0.248,0.15333333333333332,0.14,0.08875434261676064,PVC
411,0.7,1.2,0.95,0.95,0.3535533905932738,AF
412,-100.0,-100.0,-100.0,-100.0,-100.0,AF
413,-100.0,-100.0,-100.0,-100.0,-100.0,AF
414,-100.0,-100.0,-100.0,-100.0,-100.0,AF
415,-100.0,-100.0,-100.0,-100.0,-100.0,AF
416,-100.0,-100.0,-100.0,-100.0,-100.0,AF
417,0.6,0.6,0.6,0.6,0.0,AF
418,0.6,1.1,0.8500000000000001,0.8500000000000001,0.35355339059327384,AF
419,0.7,0.8,0.75,0.75,0.07071067811865482,AF
420,0.7,0.8,0.75,0.75,0.07071067811865482,AF
421,0.6,1.2,0.8999999999999999,0.8999999999999999,0.42426406871192845,AF
422,-100.0,-100.0,-100.0,-100.0,-100.0,AF
423,0.168,0.248,0.208,0.208,0.039999999999999994,PVC
424,-100.0,-100.0,-100.0,-100.0,-100.0,AF
425,-100.0,-100.0,-100.0,-100.0,-100.0,AF
426,-100.0,-100.0,-100.0,-100.0,-100.0,AF
427,0.6,0.7,0.6499999999999999,0.6499999999999999,0.07071067811865474,AF
428,0.06,0.344,0.181,0.16,0.13223716068740535,PVC
429,-100.0,-100.0,-100.0,-100.0,-100.0,AF
430,0.7,0.9,0.8,0.8,0.14142135623730953,AF
431,0.6,0.7,0.6499999999999999,0.6499999999999999,0.07071067811865474,AF
432,0.8,1.0,0.9,0.9,0.14142135623730948,AF
433,0.6,0.8,0.7,0.7,0.14142135623730953,AF
434,-100.0,-100.0,-100.0,-100.0,-100.0,AF
435,0.56,50.48,13.152,0.784,24.88556079335967,PVC
436,0.576,0.792,0.744,0.784,0.09397872099576587,PVC
437,-100.0,-100.0,-100.0,-100.0,-100.0,AF
438,-100.0,-100.0,-100.0,-100.0,-100.0,AF
439,0.7,1.6,1.125,1.05,0.276457178290909,PVC
440,-100.0,-100.0,-100.0,-100.0,-100.0,AF
441,-100.0,-100.0,-100.0,-100.0,-100.0,AF
442,0.6,0.8,0.7,0.7,0.14142135623730953,AF
443,-100.0,-100.0,-100.0,-100.0,-100.0,PVC
444,0.56,10.328,2.6304,0.792,4.304347197891917,PVC
445,-100.0,-100.0,-100.0,-100.0,-100.0,AF
446,0.8,0.9,0.8500000000000001,0.8500000000000001,0.07071067811865474,AF
447,-100.0,-100.0,-100.0,-100.0,-100.0,AF
448,-100.0,-100.0,-100.0,-100.0,-100.0,PVC
449,-100.0,-100.0,-100.0,-100.0,-100.0,AF
450,-100.0,-100.0,-100.0,-100.0,-100.0,AF
451,0.6,0.7,0.6499999999999999,0.6499999999999999,0.07071067811865474,AF
452,-100.0,-100.0,-100.0,-100.0,-100.0,AF
453,-100.0,-100.0,-100.0,-100.0,-100.0,AF
454,-100.0,-100.0,-100.0,-100.0,-100.0,AF
455,0.7,0.8,0.75,0.75,0.07071067811865482,AF
456,-100.0,-100.0,-100.0,-100.0,-100.0,AF
457,-100.0,-100.0,-100.0,-100.0,-100.0,AF
458,-100.0,-100.0,-100.0,-100.0,-100.0,AF
459,0.448,0.824,0.6226666666666667,0.5760000000000001,0.15507761497607145,PVC
460,0.8,0.9,0.8500000000000001,0.8500000000000001,0.07071067811865474,AF
461,0.24,20.368,3.916,0.772,8.062640758461212,PVC
462,0.6,0.7,0.6499999999999999,0.6499999999999999,0.07071067811865474,AF
463,0.7,0.7,0.7,0.7,0.0,AF
464,-100.0,-100.0,-100.0,-100.0,-100.0,AF
465,0.6,0.7,0.6499999999999999,0.6499999999999999,0.07071067811865474,AF
466,-100.0,-100.0,-100.0,-100.0,-100.0,PVC
467,-100.0,-100.0,-100.0,-100.0,-100.0,AF
468,0.7,0.8,0.75,0.75,0.07071067811865482,AF
469,-100.0,-100.0,-100.0,-100.0,-100.0,AF
470,0.6,0.6,0.6,0.6,0.0,AF
471,-100.0,-100.0,-100.0,-100.0,-100.0,AF
472,-100.0,-100.0,-100.0,-100.0,-100.0,AF
473,-100.0,-100.0,-100.0,-100.0,-100.0,AF
474,0.6,0.6,0.6,0.6,0.0,AF
475,0.7,0.9,0.8,0.8,0.14142135623730953,AF
476,-100.0,-100.0,-100.0,-100.0,-100.0,AF
477,-100.0,-100.0,-100.0,-100.0,-100.0,AF
478,0.6,0.7,0.6499999999999999,0.6499999999999999,0.07071067811865474,AF
479,-100.0,-100.0,-100.0,-100.0,-100.0,AF
480,0.7,0.7,0.7,0.7,0.0,AF
481,-100.0,-100.0,-100.0,-100.0,-100.0,AF
482,-100.0,-100.0,-100.0,-100.0,-100.0,AF
483,-100.0,-100.0,-100.0,-100.0,-100.0,PVC
484,0.6,0.7,0.6499999999999999,0.6499999999999999,0.07071067811865474,AF
485,0.8,0.9,0.8500000000000001,0.8500000000000001,0.07071067811865474,AF
486,0.6,0.8,0.7,0.7,0.14142135623730953,AF
487,-100.0,-100.0,-100.0,-100.0,-100.0,AF
488,-100.0,-100.0,-100.0,-100.0,-100.0,AF
489,-100.0,-100.0,-100.0,-100.0,-100.0,AF
490,0.749,0.966,0.8574999999999999,0.8574999999999999,0.1534421715174808,AF
491,-100.0,-100.0,-100.0,-100.0,-100.0,AF
492,0.797,1.003,0.8999999999999999,0.8999999999999999,0.14566399692442866,AF
493,-100.0,-100.0,-100.0,-100.0,-100.0,AF
494,0.36,0.792,0.6224,0.696,0.1932790728454584,PVC
495,-100.0,-100.0,-100.0,-100.0,-100.0,AF
496,-100.0,-100.0,-100.0,-100.0,-100.0,AF
497,0.7,1.1,0.9,0.9,0.2828427124746191,AF
498,-100.0,-100.0,-100.0,-100.0,-100.0,AF
499,-100.0,-100.0,-100.0,-100.0,-100.0,N
500,0.6,0.9,0.75,0.75,0.21213203435596428,AF
501,0.7,0.8,0.75,0.75,0.07071067811865482,AF
502,0.6,0.8,0.7,0.7,0.14142135623730953,AF
503,0.6,0.8,0.7,0.7,0.14142135623730953,AF
504,0.228,0.26,0.24666666666666667,0.252,0.01665332799572906,PVC
505,0.6,0.9,0.75,0.75,0.21213203435596428,AF
506,0.7,0.7,0.7,0.7,0.0,AF
507,0.7,1.5,1.0555555555555556,1.0,0.21858128414340006,PVC
508,-100.0,-100.0,-100.0,-100.0,-100.0,AF
509,0.6,0.9,0.75,0.75,0.21213203435596428,AF
510,0.9,1.6,1.0555555555555556,1.0,0.22422706745122853,PVC
511,0.7,1.4,1.0625,1.05,0.21998376563477848,PVC
512,-100.0,-100.0,-100.0,-100.0,-100.0,AF
513,-100.0,-100.0,-100.0,-100.0,-100.0,PVC
514,0.6,1.0,0.8,0.8,0.282842712474619,AF
515,-100.0,-100.0,-100.0,-100.0,-100.0,AF
516,-100.0,-100.0,-100.0,-100.0,-100.0,AF
517,-100.0,-100.0,-100.0,-100.0,-100.0,AF
518,0.6,0.7,0.6499999999999999,0.6499999999999999,0.07071067811865474,AF
519,-100.0,-100.0,-100.0,-100.0,-100.0,AF
520,-100.0,-100.0,-100.0,-100.0,-100.0,AF
521,0.782,1.068,0.925,0.925,0.20223253941935262,AF
522,0.779,0.835,0.8069999999999999,0.8069999999999999,0.03959797974644662,N
523,-100.0,-100.0,-100.0,-100.0,-100.0,AF
524,-100.0,-100.0,-100.0,-100.0,-100.0,AF
525,-100.0,-100.0,-100.0,-100.0,-100.0,N
526,0.8,0.8,0.8,0.8,0.0,AF
527,0.7,0.7,0.7,0.7,0.0,AF
528,0.6,0.9,0.75,0.75,0.21213203435596428,AF
529,-100.0,-100.0,-100.0,-100.0,-100.0,AF
530,-100.0,-100.0,-100.0,-100.0,-100.0,AF
531,-100.0,-100.0,-100.0,-100.0,-100.0,AF
532,0.6,0.8,0.7,0.7,0.14142135623730953,AF
533,-100.0,-100.0,-100.0,-100.0,-100.0,AF
534,0.7,1.2,0.95,0.95,0.3535533905932738,AF
535,-100.0,-100.0,-100.0,-100.0,-100.0,AF
536,-100.0,-100.0,-100.0,-100.0,-100.0,AF
537,-100.0,-100.0,-100.0,-100.0,-100.0,AF
538,-100.0,-100.0,-100.0,-100.0,-100.0,AF
539,-100.0,-100.0,-100.0,-100.0,-100.0,AF
540,-100.0,-100.0,-100.0,-100.0,-100.0,AF
541,0.8,0.8,0.8,0.8,0.0,AF
542,0.7,0.7,0.7,0.7,0.0,AF
543,-100.0,-100.0,-100.0,-100.0,-100.0,AF
544,0.8,0.8,0.8,0.8,0.0,AF
545,0.7,0.7,0.7,0.7,0.0,AF
546,-100.0,-100.0,-100.0,-100.0,-100.0,AF
547,-100.0,-100.0,-100.0,-100.0,-100.0,AF
548,0.6,1.6,1.0333333333333332,1.0,0.32403703492039304,PVC
549,0.268,0.56,0.41400000000000003,0.41400000000000003,0.2064751801064719,PVC
550,0.18,0.528,0.354,0.354,0.24607315985291855,PVC
551,-100.0,-100.0,-100.0,-100.0,-100.0,AF
552,0.152,0.288,0.216,0.212,0.06299206299209448,PVC
553,-100.0,-100.0,-100.0,-100.0,-100.0,AF
554,-100.0,-100.0,-100.0,-100.0,-100.0,AF
555,0.837,0.961,0.899,0.899,0.08768124086713189,AF
556,0.8,1.0,0.9,0.9,0.14142135623730948,AF
557,0.7,0.8,0.75,0.75,0.07071067811865482,AF
558,0.6,1.5,0.94,0.9,0.3204163957519444,PVC
559,-100.0,-100.0,-100.0,-100.0,-100.0,AF
560,0.6,0.8,0.7,0.7,0.14142135623730953,AF
561,0.6,1.1,0.89,0.9,0.1523883926754995,PVC
562,0.6,0.7,0.6499999999999999,0.6499999999999999,0.07071067811865474,AF
563,-100.0,-100.0,-100.0,-100.0,-100.0,AF
564,0.9,1.0,0.95,0.95,0.07071067811865474,AF
565,-100.0,-100.0,-100.0,-100.0,-100.0,AF
566,0.6,0.7,0.6499999999999999,0.6499999999999999,0.07071067811865474,AF
567,0.072,0.432,0.2853333333333333,0.352,0.18903262505010432,PVC
568,-100.0,-100.0,-100.0,-100.0,-100.0,AF
569,-100.0,-100.0,-100.0,-100.0,-100.0,AF
570,0.6,0.7,0.6499999999999999,0.6499999999999999,0.07071067811865474,AF
571,0.7,0.8,0.75,0.75,0.07071067811865482,AF
572,-100.0,-100.0,-100.0,-100.0,-100.0,PVC
573,0.6,0.7,0.6499999999999999,0.6499999999999999,0.07071067811865474,AF
574,-100.0,-100.0,-100.0,-100.0,-100.0,AF
575,0.7,0.8,0.75,0.75,0.07071067811865482,AF
576,0.776,0.784,0.782,0.784,0.0040000000000000036,PVC
577,0.7,0.9,0.8,0.8,0.14142135623730953,AF
578,-100.0,-100.0,-100.0,-100.0,-100.0,AF
579,0.7,0.8,0.75,0.75,0.07071067811865482,AF
580,-100.0,-100.0,-100.0,-100.0,-100.0,AF
581,-100.0,-100.0,-100.0,-100.0,-100.0,AF
582,-100.0,-100.0,-100.0,-100.0,-100.0,AF
583,-100.0,-100.0,-100.0,-100.0,-100.0,AF
584,-100.0,-100.0,-100.0,-100.0,-100.0,N
585,0.6,0.8,0.7,0.7,0.14142135623730953,AF
586,0.946,0.954,0.95,0.95,0.005656854249492385,AF
587,0.817,1.017,0.9169999999999999,0.9169999999999999,0.14142135623730948,AF
588,-100.0,-100.0,-100.0,-100.0,-100.0,AF
589,-100.0,-100.0,-100.0,-100.0,-100.0,AF
590,0.8,0.9,0.8500000000000001,0.8500000000000001,0.07071067811865474,AF
591,-100.0,-100.0,-100.0,-100.0,-100.0,AF
592,0.7,0.7,0.7,0.7,0.0,AF
593,0.6,1.5,0.9555555555555556,0.9,0.24037008503093263,PVC
594,-100.0,-100.0,-100.0,-100.0,-100.0,AF
595,0.7,0.7,0.7,0.7,0.0,AF
596,0.6,0.8,0.7,0.7,0.14142135623730953,AF
597,-100.0,-100.0,-100.0,-100.0,-100.0,AF
598,0.7,0.7,0.7,0.7,0.0,AF
599,-100.0,-100.0,-100.0,-100.0,-100.0,AF
600,-100.0,-100.0,-100.0,-100.0,-100.0,AF
601,-100.0,-100.0,-100.0,-100.0,-100.0,AF
602,0.6,0.8,0.7,0.7,0.14142135623730953,AF
603,0.6,0.7,0.6499999999999999,0.6499999999999999,0.07071067811865474,AF
604,-100.0,-100.0,-100.0,-100.0,-100.0,AF
605,-100.0,-100.0,-100.0,-100.0,-100.0,AF
606,-100.0,-100.0,-100.0,-100.0,-100.0,AF
607,-100.0,-100.0,-100.0,-100.0,-100.0,AF
608,-100.0,-100.0,-100.0,-100.0,-100.0,AF
609,-100.0,-100.0,-100.0,-100.0,-100.0,AF
610,0.6,0.8,0.7,0.7,0.14142135623730953,AF
611,0.076,0.228,0.152,0.152,0.10748023074035523,PVC
612,0.784,0.792,0.786,0.784,0.0040000000000000036,PVC
613,-100.0,-100.0,-100.0,-100.0,-100.0,AF
614,-100.0,-100.0,-100.0,-100.0,-100.0,PVC
615,-100.0,-100.0,-100.0,-100.0,-100.0,AF
616,0.7,0.8,0.75,0.75,0.07071067811865482,AF
617,0.6,0.7,0.6499999999999999,0.6499999999999999,0.07071067811865474,AF
618,-100.0,-100.0,-100.0,-100.0,-100.0,AF
619,-100.0,-100.0,-100.0,-100.0,-100.0,AF
620,-100.0,-100.0,-100.0,-100.0,-100.0,AF
621,-100.0,-100.0,-100.0,-100.0,-100.0,AF
622,0.6,0.9,0.75,0.75,0.21213203435596428,AF
623,-100.0,-100.0,-100.0,-100.0,-100.0,AF
624,-100.0,-100.0,-100.0,-100.0,-100.0,AF
625,0.164,0.64,0.402,0.402,0.3365828278447966,PVC
626,0.7,0.8,0.75,0.75,0.07071067811865482,AF
627,0.8,0.9,0.8500000000000001,0.8500000000000001,0.07071067811865474,AF
628,0.7,0.8,0.75,0.75,0.07071067811865482,AF
629,-100.0,-100.0,-100.0,-100.0,-100.0,AF
630,0.9,1.0,0.95,0.95,0.07071067811865474,AF
631,-100.0,-100.0,-100.0,-100.0,-100.0,AF
632,-100.0,-100.0,-100.0,-100.0,-100.0,AF
633,-100.0,-100.0,-100.0,-100.0,-100.0,AF
634,0.7,0.8,0.75,0.75,0.07071067811865482,AF
635,0.5,1.4,0.96,1.0,0.2547329756605707,PVC
636,0.8,0.8,0.8,0.8,0.0,AF
637,-100.0,-100.0,-100.0,-100.0,-100.0,AF
638,-100.0,-100.0,-100.0,-100.0,-100.0,AF
639,0.7,1.5,1.1,1.15,0.29277002188455997,PVC
640,-100.0,-100.0,-100.0,-100.0,-100.0,AF
641,0.8,0.9,0.8500000000000001,0.8500000000000001,0.07071067811865474,AF
642,-100.0,-100.0,-100.0,-100.0,-100.0,AF
643,-100.0,-100.0,-100.0,-100.0,-100.0,AF
644,0.6,0.7,0.6499999999999999,0.6499999999999999,0.07071067811865474,AF
645,0.7,1.1,0.9,0.9,0.2828427124746191,AF
646,-100.0,-100.0,-100.0,-100.0,-100.0,AF
647,0.899,0.919,0.909,0.909,0.014142135623730963,AF
648,-100.0,-100.0,-100.0,-100.0,-100.0,AF
649,0.24,0.792,0.68,0.792,0.24599186978434878,PVC
650,0.8,0.8,0.8,0.8,0.0,AF
651,-100.0,-100.0,-100.0,-100.0,-100.0,AF
652,0.6,0.6,0.6,0.6,0.0,AF
653,0.7,1.1,0.8363636363636364,0.8,0.13618169680781098,PVC
654,-100.0,-100.0,-100.0,-100.0,-100.0,AF
655,0.8,0.968,0.884,0.884,0.11879393923933994,AF
656,-100.0,-100.0,-100.0,-100.0,-100.0,AF
657,-100.0,-100.0,-100.0,-100.0,-100.0,AF
658,0.6,0.9,0.75,0.75,0.21213203435596428,AF
659,-100.0,-100.0,-100.0,-100.0,-100.0,AF
660,-100.0,-100.0,-100.0,-100.0,-100.0,AF
661,0.6,1.0,0.8,0.8,0.282842712474619,AF
662,-100.0,-100.0,-100.0,-100.0,-100.0,AF
663,-100.0,-100.0,-100.0,-100.0,-100.0,AF
664,-100.0,-100.0,-100.0,-100.0,-100.0,AF
665,0.7,0.7,0.7,0.7,0.0,AF
666,0.8,1.0,0.9,0.9,0.14142135623730948,AF
667,0.7,1.4,1.0333333333333334,0.9,0.25,PVC
668,0.749,0.984,0.8665,0.8665,0.16617009357883866,AF
669,0.072,0.472,0.22999999999999998,0.188,0.17112958053280364,PVC
670,0.666,0.969,0.8175,0.8175,0.21425335469952386,N
671,-100.0,-100.0,-100.0,-100.0,-100.0,AF
672,0.7,1.2,0.95,0.95,0.3535533905932738,AF
673,-100.0,-100.0,-100.0,-100.0,-100.0,AF
674,0.6,0.7,0.6499999999999999,0.6499999999999999,0.07071067811865474,AF
675,0.819,0.899,0.859,0.859,0.05656854249492385,AF
676,0.6,0.7,0.6499999999999999,0.6499999999999999,0.07071067811865474,AF
677,-100.0,-100.0,-100.0,-100.0,-100.0,AF
678,-100.0,-100.0,-100.0,-100.0,-100.0,AF
679,0.6,0.7,0.6499999999999999,0.6499999999999999,0.07071067811865474,AF
680,0.6,1.1,0.8500000000000001,0.8500000000000001,0.35355339059327384,AF
681,-100.0,-100.0,-100.0,-100.0,-100.0,AF
682,0.6,0.7,0.6499999999999999,0.6499999999999999,0.07071067811865474,AF
683,0.7,0.8,0.75,0.75,0.07071067811865482,AF
684,-100.0,-100.0,-100.0,-100.0,-100.0,AF
685,0.12,0.416,0.28933333333333333,0.332,0.15254289014350467,PVC
686,0.18,0.284,0.236,0.24,0.04572380853195265,PVC
687,-100.0,-100.0,-100.0,-100.0,-100.0,AF
688,0.7,1.0,0.85,0.85,0.21213203435596428,AF
689,-100.0,-100.0,-100.0,-100.0,-100.0,AF
690,0.7,0.8,0.75,0.75,0.07071067811865482,AF
691,-100.0,-100.0,-100.0,-100.0,-100.0,AF
692,0.6,0.7,0.6499999999999999,0.6499999999999999,0.07071067811865474,AF
693,0.902,0.914,0.908,0.908,0.008485281374238578,AF
694,0.7,0.8,0.75,0.75,0.07071067811865482,AF
695,-100.0,-100.0,-100.0,-100.0,-100.0,AF
696,0.833,0.967,0.8999999999999999,0.8999999999999999,0.09475230867899737,AF
697,0.8,0.9,0.8500000000000001,0.8500000000000001,0.07071067811865474,AF
698,-100.0,-100.0,-100.0,-100.0,-100.0,AF
699,-100.0,-100.0,-100.0,-100.0,-100.0,AF
700,-100.0,-100.0,-100.0,-100.0,-100.0,AF
701,0.7,0.7,0.7,0.7,0.0,AF
702,0.6,0.7,0.6499999999999999,0.6499999999999999,0.07071067811865474,AF
703,0.865,0.869,0.867,0.867,0.0028284271247461927,AF
704,-100.0,-100.0,-100.0,-100.0,-100.0,AF
705,0.7,0.7,0.7,0.7,0.0,AF
706,0.8,1.0,0.9,0.9,0.14142135623730948,AF
707,-100.0,-100.0,-100.0,-100.0,-100.0,AF
708,-100.0,-100.0,-100.0,-100.0,-100.0,PVC
709,0.6,0.8,0.7,0.7,0.14142135623730953,AF
710,-100.0,-100.0,-100.0,-100.0,-100.0,AF
711,-100.0,-100.0,-100.0,-100.0,-100.0,AF
712,-100.0,-100.0,-100.0,-100.0,-100.0,AF
713,0.7,0.8,0.75,0.75,0.07071067811865482,AF
714,0.7,0.9,0.8,0.8,0.14142135623730953,AF
715,-100.0,-100.0,-100.0,-100.0,-100.0,AF
716,-100.0,-100.0,-100.0,-100.0,-100.0,AF
717,0.7,1.0,0.85,0.85,0.21213203435596428,AF
718,-100.0,-100.0,-100.0,-100.0,-100.0,AF
719,0.6,1.6,1.125,1.2000000000000002,0.3195979617313871,PVC
720,-100.0,-100.0,-100.0,-100.0,-100.0,AF
721,0.6,1.1,0.89,0.9,0.1523883926754995,PVC
722,-100.0,-100.0,-100.0,-100.0,-100.0,AF
723,0.6,0.8,0.7,0.7,0.14142135623730953,AF
724,-100.0,-100.0,-100.0,-100.0,-100.0,PVC
725,-100.0,-100.0,-100.0,-100.0,-100.0,AF
726,0.104,0.496,0.238,0.176,0.175316856006489,PVC
727,0.2,0.216,0.20933333333333334,0.212,0.008326663997864522,PVC
728,-100.0,-100.0,-100.0,-100.0,-100.0,AF
729,0.8,0.8,0.8,0.8,0.0,AF
730,-100.0,-100.0,-100.0,-100.0,-100.0,AF
731,-100.0,-100.0,-100.0,-100.0,-100.0,AF
732,0.8,0.8,0.8,0.8,0.0,AF
733,-100.0,-100.0,-100.0,-100.0,-100.0,AF
734,0.6,0.8,0.7,0.7,0.14142135623730953,AF
735,-100.0,-100.0,-100.0,-100.0,-100.0,AF
736,-100.0,-100.0,-100.0,-100.0,-100.0,AF
737,-100.0,-100.0,-100.0,-100.0,-100.0,AF
738,0.7,0.7,0.7,0.7,0.0,AF
739,0.6,0.8,0.7,0.7,0.14142135623730953,AF
740,0.6,0.8,0.7,0.7,0.14142135623730953,AF
741,-100.0,-100.0,-100.0,-100.0,-100.0,AF
742,-100.0,-100.0,-100.0,-100.0,-100.0,AF
743,-100.0,-100.0,-100.0,-100.0,-100.0,AF
744,0.6,0.7,0.6499999999999999,0.6499999999999999,0.07071067811865474,AF
745,-100.0,-100.0,-100.0,-100.0,-100.0,PVC
746,-100.0,-100.0,-100.0,-100.0,-100.0,AF
747,-100.0,-100.0,-100.0,-100.0,-100.0,AF
748,0.9,0.9,0.9,0.9,0.0,AF
749,-100.0,-100.0,-100.0,-100.0,-100.0,AF
750,0.7,0.8,0.75,0.75,0.07071067811865482,AF
751,-100.0,-100.0,-100.0,-100.0,-100.0,AF
752,-100.0,-100.0,-100.0,-100.0,-100.0,N
753,-100.0,-100.0,-100.0,-100.0,-100.0,AF
754,0.116,0.384,0.22533333333333333,0.176,0.14064612804245033,PVC
755,0.8,0.8,0.8,0.8,0.0,AF
756,-100.0,-100.0,-100.0,-100.0,-100.0,AF
757,0.7,0.7,0.7,0.7,0.0,AF
758,-100.0,-100.0,-100.0,-100.0,-100.0,AF
759,0.7,0.8,0.75,0.75,0.07071067811865482,AF
760,0.7,0.8,0.75,0.75,0.07071067811865482,AF
761,0.7,0.7,0.7,0.7,0.0,AF
762,-100.0,-100.0,-100.0,-100.0,-100.0,AF
763,0.868,0.947,0.9075,0.9075,0.05586143571373723,AF
764,-100.0,-100.0,-100.0,-100.0,-100.0,AF
765,0.8,0.9,0.8500000000000001,0.8500000000000001,0.07071067811865474,AF
766,-100.0,-100.0,-100.0,-100.0,-100.0,N
767,-100.0,-100.0,-100.0,-100.0,-100.0,AF
768,-100.0,-100.0,-100.0,-100.0,-100.0,AF
769,-100.0,-100.0,-100.0,-100.0,-100.0,AF
770,0.7,1.0,0.85,0.85,0.21213203435596428,AF
771,-100.0,-100.0,-100.0,-100.0,-100.0,AF
772,0.7,0.7,0.7,0.7,0.0,AF
773,0.7,0.8,0.75,0.75,0.07071067811865482,AF
774,0.264,0.816,0.49028571428571427,0.448,0.1794637514798966,PVC
775,-100.0,-100.0,-100.0,-100.0,-100.0,AF
776,0.776,0.792,0.784,0.784,0.0065319726474218145,PVC
777,0.8,0.9,0.8500000000000001,0.8500000000000001,0.07071067811865474,AF
778,-100.0,-100.0,-100.0,-100.0,-100.0,AF
779,-100.0,-100.0,-100.0,-100.0,-100.0,AF
780,0.6,0.8,0.7,0.7,0.14142135623730953,AF
781,-100.0,-100.0,-100.0,-100.0,-100.0,AF
782,0.188,0.532,0.36,0.36,0.24324473272817235,PVC
783,0.6,0.7,0.6499999999999999,0.6499999999999999,0.07071067811865474,AF
784,0.8,0.8,0.8,0.8,0.0,AF
785,0.256,0.408,0.33199999999999996,0.33199999999999996,0.1074802307403552,PVC
786,0.7,0.7,0.7,0.7,0.0,AF
787,-100.0,-100.0,-100.0,-100.0,-100.0,AF
788,0.8,1.5,1.0555555555555556,1.0,0.2403700850309326,PVC
789,0.6,0.7,0.6499999999999999,0.6499999999999999,0.07071067811865474,AF
790,-100.0,-100.0,-100.0,-100.0,-100.0,AF
791,0.6,0.8,0.7,0.7,0.14142135623730953,AF
792,-100.0,-100.0,-100.0,-100.0,-100.0,AF
793,0.7,1.0,0.85,0.85,0.21213203435596428,AF
794,-100.0,-100.0,-100.0,-100.0,-100.0,AF
795,0.8,0.9,0.8500000000000001,0.8500000000000001,0.07071067811865474,AF
796,-100.0,-100.0,-100.0,-100.0,-100.0,AF
797,-100.0,-100.0,-100.0,-100.0,-100.0,AF
798,-100.0,-100.0,-100.0,-100.0,-100.0,AF
799,0.6,1.1,0.8500000000000001,0.8500000000000001,0.35355339059327384,AF
800,-100.0,-100.0,-100.0,-100.0,-100.0,AF
801,0.6,0.6,0.6,0.6,0.0,AF
802,-100.0,-100.0,-100.0,-100.0,-100.0,N
803,0.256,0.792,0.6272,0.776,0.2353278564046339,PVC
804,0.8,0.9,0.8500000000000001,0.8500000000000001,0.07071067811865474,AF
805,-100.0,-100.0,-100.0,-100.0,-100.0,AF
806,0.6,0.7,0.6499999999999999,0.6499999999999999,0.07071067811865474,AF
807,0.7,0.8,0.75,0.75,0.07071067811865482,AF
808,-100.0,-100.0,-100.0,-100.0,-100.0,AF
809,-100.0,-100.0,-100.0,-100.0,-100.0,AF
810,0.6,0.7,0.6499999999999999,0.6499999999999999,0.07071067811865474,AF
811,0.7,0.9,0.8,0.8,0.14142135623730953,AF
812,0.112,0.396,0.25333333333333335,0.252,0.14200469475807248,PVC
813,-100.0,-100.0,-100.0,-100.0,-100.0,AF
814,-100.0,-100.0,-100.0,-100.0,-100.0,AF
815,0.7,0.8,0.75,0.75,0.07071067811865482,AF
816,-100.0,-100.0,-100.0,-100.0,-100.0,AF
817,-100.0,-100.0,-100.0,-100.0,-100.0,AF
818,-100.0,-100.0,-100.0,-100.0,-100.0,AF
819,-100.0,-100.0,-100.0,-100.0,-100.0,AF
820,-100.0,-100.0,-100.0,-100.0,-100.0,AF
821,-100.0,-100.0,-100.0,-100.0,-100.0,AF
822,-100.0,-100.0,-100.0,-100.0,-100.0,AF
823,0.7,0.7,0.7,0.7,0.0,AF
824,0.132,5091.1,1697.1533333333334,0.228,2939.2440328147873,PVC
825,0.24,0.784,0.648,0.772,0.22216390345868522,PVC
826,-100.0,-100.0,-100.0,-100.0,-100.0,AF
827,0.7,0.7,0.7,0.7,0.0,AF
828,-100.0,-100.0,-100.0,-100.0,-100.0,AF
829,0.8,0.9,0.8500000000000001,0.8500000000000001,0.07071067811865474,AF
830,0.7,0.8,0.75,0.75,0.07071067811865482,AF
831,0.6,0.7,0.6499999999999999,0.6499999999999999,0.07071067811865474,AF
832,0.6,1.4,0.8272727272727273,0.8,0.21489955370316194,PVC
833,0.6,0.7,0.6499999999999999,0.6499999999999999,0.07071067811865474,AF
834,-100.0,-100.0,-100.0,-100.0,-100.0,AF
835,-100.0,-100.0,-100.0,-100.0,-100.0,AF
836,-100.0,-100.0,-100.0,-100.0,-100.0,AF
837,0.7,0.8,0.75,0.75,0.07071067811865482,AF
838,-100.0,-100.0,-100.0,-100.0,-100.0,AF
839,-100.0,-100.0,-100.0,-100.0,-100.0,AF
840,-100.0,-100.0,-100.0,-100.0,-100.0,AF
841,0.7,0.7,0.7,0.7,0.0,AF
842,-100.0,-100.0,-100.0,-100.0,-100.0,AF
843,-100.0,-100.0,-100.0,-100.0,-100.0,AF
844,-100.0,-100.0,-100.0,-100.0,-100.0,AF
845,0.7,0.7,0.7,0.7,0.0,AF
846,0.7,0.7,0.7,0.7,0.0,AF
847,0.8,0.9,0.8500000000000001,0.8500000000000001,0.07071067811865474,AF
848,0.7,0.7,0.7,0.7,0.0,AF
849,0.8,1.0,0.9,0.9,0.14142135623730948,AF
850,-100.0,-100.0,-100.0,-100.0,-100.0,AF
851,0.7,0.9,0.8,0.8,0.14142135623730953,AF
852,-100.0,-100.0,-100.0,-100.0,-100.0,AF
853,-100.0,-100.0,-100.0,-100.0,-100.0,AF
854,-100.0,-100.0,-100.0,-100.0,-100.0,AF
855,-100.0,-100.0,-100.0,-100.0,-100.0,AF
856,-100.0,-100.0,-100.0,-100.0,-100.0,AF
857,0.7,0.7,0.7,0.7,0.0,AF
858,0.188,0.452,0.2786666666666667,0.196,0.1501643544032116,PVC
859,0.7,0.8,0.75,0.75,0.07071067811865482,AF
860,0.7,0.8,0.75,0.75,0.07071067811865482,AF
861,0.7,0.8,0.75,0.75,0.07071067811865482,AF
862,-100.0,-100.0,-100.0,-100.0,-100.0,AF
863,0.7,0.7,0.7,0.7,0.0,AF
864,-100.0,-100.0,-100.0,-100.0,-100.0,AF
865,-100.0,-100.0,-100.0,-100.0,-100.0,AF
866,-100.0,-100.0,-100.0,-100.0,-100.0,AF
867,0.6,0.7,0.6499999999999999,0.6499999999999999,0.07071067811865474,AF
868,0.6,0.6,0.6,0.6,0.0,AF
869,-100.0,-100.0,-100.0,-100.0,-100.0,AF
870,-100.0,-100.0,-100.0,-100.0,-100.0,AF
871,-100.0,-100.0,-100.0,-100.0,-100.0,AF
872,0.128,0.448,0.264,0.216,0.1653118265581746,PVC
873,-100.0,-100.0,-100.0,-100.0,-100.0,AF
874,-100.0,-100.0,-100.0,-100.0,-100.0,AF
875,-100.0,-100.0,-100.0,-100.0,-100.0,AF
876,0.116,0.448,0.2866666666666667,0.296,0.16619667064455093,PVC
877,-100.0,-100.0,-100.0,-100.0,-100.0,AF
878,0.8,1.0,0.9,0.9,0.14142135623730948,AF
879,0.717,0.8,0.7585,0.7585,0.0586898628384835,N
880,0.6,0.8,0.7,0.7,0.14142135623730953,AF
881,-100.0,-100.0,-100.0,-100.0,-100.0,AF
882,0.7,0.7,0.7,0.7,0.0,AF
883,-100.0,-100.0,-100.0,-100.0,-100.0,AF
884,-100.0,-100.0,-100.0,-100.0,-100.0,AF
885,-100.0,-100.0,-100.0,-100.0,-100.0,AF
886,0.833,1.033,0.9329999999999999,0.9329999999999999,0.14142135623730948,AF
887,-100.0,-100.0,-100.0,-100.0,-100.0,AF
888,0.7,0.9,0.8,0.8,0.14142135623730953,AF
889,0.8,0.8,0.8,0.8,0.0,AF
890,-100.0,-100.0,-100.0,-100.0,-100.0,AF
891,-100.0,-100.0,-100.0,-100.0,-100.0,AF
892,0.6,0.8,0.7,0.7,0.14142135623730953,AF
893,-100.0,-100.0,-100.0,-100.0,-100.0,AF
894,-100.0,-100.0,-100.0,-100.0,-100.0,AF
895,0.6,0.9,0.75,0.75,0.21213203435596428,AF
896,-100.0,-100.0,-100.0,-100.0,-100.0,AF
897,0.7,0.9,0.8,0.8,0.14142135623730953,AF
898,0.7,0.8,0.75,0.75,0.07071067811865482,AF
899,0.6,0.8,0.7,0.7,0.14142135623730953,AF
900,-100.0,-100.0,-100.0,-100.0,-100.0,AF
901,0.6,0.6,0.6,0.6,0.0,AF
902,0.104,0.344,0.25866666666666666,0.328,0.13418395333769734,PVC
903,0.6,0.8,0.7,0.7,0.14142135623730953,AF
904,-100.0,-100.0,-100.0,-100.0,-100.0,AF
905,-100.0,-100.0,-100.0,-100.0,-100.0,AF
906,0.7,1.3,1.0444444444444445,1.1,0.18104634152000362,PVC
907,-100.0,-100.0,-100.0,-100.0,-100.0,AF
908,0.6,0.7,0.6499999999999999,0.6499999999999999,0.07071067811865474,AF
909,-100.0,-100.0,-100.0,-100.0,-100.0,AF
910,-100.0,-100.0,-100.0,-100.0,-100.0,AF
911,-100.0,-100.0,-100.0,-100.0,-100.0,AF
912,0.8,0.9,0.8500000000000001,0.8500000000000001,0.07071067811865474,AF
913,-100.0,-100.0,-100.0,-100.0,-100.0,AF
914,-100.0,-100.0,-100.0,-100.0,-100.0,N
915,-100.0,-100.0,-100.0,-100.0,-100.0,AF
916,-100.0,-100.0,-100.0,-100.0,-100.0,AF
917,0.816,0.916,0.866,0.866,0.07071067811865482,AF
918,-100.0,-100.0,-100.0,-100.0,-100.0,AF
919,-100.0,-100.0,-100.0,-100.0,-100.0,AF
920,0.6,0.9,0.75,0.75,0.21213203435596428,AF
921,0.176,0.24,0.216,0.232,0.034871191548325395,PVC
922,0.7,0.8,0.75,0.75,0.07071067811865482,AF
923,0.7,1.1,0.9,0.9,0.2828427124746191,AF
924,-100.0,-100.0,-100.0,-100.0,-100.0,AF
925,0.7,0.7,0.7,0.7,0.0,AF
926,0.7,0.8,0.75,0.75,0.07071067811865482,AF
927,0.784,0.792,0.786,0.784,0.0040000000000000036,PVC
928,-100.0,-100.0,-100.0,-100.0,-100.0,AF
929,-100.0,-100.0,-100.0,-100.0,-100.0,AF
930,0.7,0.7,0.7,0.7,0.0,AF
931,-100.0,-100.0,-100.0,-100.0,-100.0,AF
932,0.6,0.9,0.75,0.75,0.21213203435596428,AF
933,-100.0,-100.0,-100.0,-100.0,-100.0,AF
934,-100.0,-100.0,-100.0,-100.0,-100.0,AF
935,0.784,0.792,0.786,0.784,0.0040000000000000036,PVC
936,0.7,0.7,0.7,0.7,0.0,AF
937,0.24,0.424,0.33199999999999996,0.33199999999999996,0.13010764773832473,PVC
938,0.6,0.9,0.75,0.75,0.21213203435596428,AF
939,0.8,29682.73,14841.765,14841.765,20988.29398170442,PVC
940,0.6,0.7,0.6499999999999999,0.6499999999999999,0.07071067811865474,AF
941,-100.0,-100.0,-100.0,-100.0,-100.0,AF
942,0.6,0.8,0.7,0.7,0.14142135623730953,AF
943,0.817,0.817,0.817,0.817,0.0,AF
944,0.7,0.8,0.75,0.75,0.07071067811865482,AF
945,0.088,0.584,0.2786666666666667,0.164,0.26714290807231494,PVC
946,-100.0,-100.0,-100.0,-100.0,-100.0,AF
947,-100.0,-100.0,-100.0,-100.0,-100.0,AF
948,-100.0,-100.0,-100.0,-100.0,-100.0,AF
949,-100.0,-100.0,-100.0,-100.0,-100.0,AF
950,-100.0,-100.0,-100.0,-100.0,-100.0,AF
951,0.72,1.129,0.9245,0.9245,0.28920667350529794,AF
952,0.7,0.9,0.8,0.8,0.14142135623730953,AF
953,-100.0,-100.0,-100.0,-100.0,-100.0,AF
954,-100.0,-100.0,-100.0,-100.0,-100.0,AF
955,0.6,0.8,0.7,0.7,0.14142135623730953,AF
956,-100.0,-100.0,-100.0,-100.0,-100.0,AF
957,-100.0,-100.0,-100.0,-100.0,-100.0,AF
958,-100.0,-100.0,-100.0,-100.0,-100.0,AF
959,-100.0,-100.0,-100.0,-100.0,-100.0,AF
960,-100.0,-100.0,-100.0,-100.0,-100.0,AF
961,-100.0,-100.0,-100.0,-100.0,-100.0,AF
962,-100.0,-100.0,-100.0,-100.0,-100.0,AF
963,0.7,0.7,0.7,0.7,0.0,AF
964,0.7,0.7,0.7,0.7,0.0,AF
965,0.136,0.56,0.316,0.252,0.21912553479683744,PVC
966,-100.0,-100.0,-100.0,-100.0,-100.0,AF
967,-100.0,-100.0,-100.0,-100.0,-100.0,AF
968,-100.0,-100.0,-100.0,-100.0,-100.0,AF
969,0.851,0.965,0.9079999999999999,0.9079999999999999,0.08061017305526641,AF
970,-100.0,-100.0,-100.0,-100.0,-100.0,AF
971,0.216,0.632,0.424,0.424,0.2941564209736038,PVC
972,0.7,0.7,0.7,0.7,0.0,AF
973,0.6,0.7,0.6499999999999999,0.6499999999999999,0.07071067811865474,AF
974,0.7,0.8,0.75,0.75,0.07071067811865482,AF
975,0.7,0.8,0.75,0.75,0.07071067811865482,AF
976,0.6,1.2,0.7999999999999999,0.7,0.22803508501982758,PVC
977,-100.0,-100.0,-100.0,-100.0,-100.0,AF
978,-100.0,-100.0,-100.0,-100.0,-100.0,N
979,0.8,0.8,0.8,0.8,0.0,AF
980,-100.0,-100.0,-100.0,-100.0,-100.0,AF
981,0.24,0.824,0.43,0.384,0.19863534428696217,PVC
982,-100.0,-100.0,-100.0,-100.0,-100.0,AF
983,-100.0,-100.0,-100.0,-100.0,-100.0,AF
984,-100.0,-100.0,-100.0,-100.0,-100.0,AF
985,0.7,0.9,0.8,0.8,0.14142135623730953,AF
986,-100.0,-100.0,-100.0,-100.0,-100.0,AF
987,0.7,0.8,0.75,0.75,0.07071067811865482,AF
988,0.6,0.7,0.6499999999999999,0.6499999999999999,0.07071067811865474,AF
989,-100.0,-100.0,-100.0,-100.0,-100.0,AF
990,0.7,0.9,0.8,0.8,0.14142135623730953,AF
991,-100.0,-100.0,-100.0,-100.0,-100.0,AF
992,0.2,0.528,0.364,0.364,0.2319310242291876,PVC
993,0.918,0.931,0.9245000000000001,0.9245000000000001,0.009192388155425125,AF
994,-100.0,-100.0,-100.0,-100.0,-100.0,AF
995,-100.0,-100.0,-100.0,-100.0,-100.0,AF
996,0.216,0.464,0.34,0.34,0.1753624817342638,PVC
997,-100.0,-100.0,-100.0,-100.0,-100.0,AF
998,0.7,0.7,0.7,0.7,0.0,AF
999,0.7,1.3,0.91,0.8500000000000001,0.17919573407620817,PVC
1000,0.7,1.7,1.0666666666666667,0.9,0.3201562118716424,PVC
1001,-100.0,-100.0,-100.0,-100.0,-100.0,AF
1002,0.8,1.0,0.9,0.9,0.14142135623730948,AF
1003,-100.0,-100.0,-100.0,-100.0,-100.0,AF
1004,0.6,1.0,0.8,0.8,0.282842712474619,AF
1005,-100.0,-100.0,-100.0,-100.0,-100.0,AF
1006,-100.0,-100.0,-100.0,-100.0,-100.0,AF
1007,0.6,0.8,0.7,0.7,0.14142135623730953,AF
1008,0.6,0.7,0.6499999999999999,0.6499999999999999,0.07071067811865474,AF
1009,0.6,0.8,0.7,0.7,0.14142135623730953,AF
1010,0.6,0.6,0.6,0.6,0.0,AF
1011,-100.0,-100.0,-100.0,-100.0,-100.0,AF
1012,0.6,0.7,0.6499999999999999,0.6499999999999999,0.07071067811865474,AF
1013,0.7,0.9,0.8,0.8,0.14142135623730953,AF
1014,0.8,0.9,0.8500000000000001,0.8500000000000001,0.07071067811865474,AF
1015,0.7,0.8,0.75,0.75,0.07071067811865482,AF
1016,0.06,0.308,0.204,0.22399999999999998,0.10466454350288194,PVC
1017,-100.0,-100.0,-100.0,-100.0,-100.0,AF
1018,0.6,0.8,0.7,0.7,0.14142135623730953,AF
1019,-100.0,-100.0,-100.0,-100.0,-100.0,AF
1020,0.6,0.9,0.75,0.75,0.21213203435596428,AF
1021,-100.0,-100.0,-100.0,-100.0,-100.0,AF
1022,-100.0,-100.0,-100.0,-100.0,-100.0,AF
1023,-100.0,-100.0,-100.0,-100.0,-100.0,AF
1024,0.6,0.7,0.6499999999999999,0.6499999999999999,0.07071067811865474,AF
1025,-100.0,-100.0,-100.0,-100.0,-100.0,AF
1026,-100.0,-100.0,-100.0,-100.0,-100.0,AF
1027,-100.0,-100.0,-100.0,-100.0,-100.0,AF
1028,0.7,0.8,0.75,0.75,0.07071067811865482,AF
1029,-100.0,-100.0,-100.0,-100.0,-100.0,AF
1030,0.6,0.8,0.7,0.7,0.14142135623730953,AF
1031,-100.0,-100.0,-100.0,-100.0,-100.0,AF
1032,0.8,0.9,0.8500000000000001,0.8500000000000001,0.07071067811865474,AF
1033,-100.0,-100.0,-100.0,-100.0,-100.0,AF
1034,-100.0,-100.0,-100.0,-100.0,-100.0,AF
1035,-100.0,-100.0,-100.0,-100.0,-100.0,AF
1036,0.7,0.9,0.8,0.8,0.14142135623730953,AF
1037,0.6,1.1,0.8500000000000001,0.8500000000000001,0.35355339059327384,AF
1038,-100.0,-100.0,-100.0,-100.0,-100.0,AF
1039,0.6,0.8,0.7,0.7,0.14142135623730953,AF
1040,-100.0,-100.0,-100.0,-100.0,-100.0,AF
1041,-100.0,-100.0,-100.0,-100.0,-100.0,AF
1042,0.8,0.9,0.8500000000000001,0.8500000000000001,0.07071067811865474,AF
1043,0.7,0.8,0.75,0.75,0.07071067811865482,AF
1044,-100.0,-100.0,-100.0,-100.0,-100.0,AF
1045,0.6,1.3,0.9400000000000001,0.95,0.22211108331943577,PVC
0,-100.0,-100.0,-100.0,-100.0,-100.0,N
1,0.819,0.835,0.827,0.827,0.01131370849898477,N
2,0.75,0.799,0.7745,0.7745,0.03464823227814086,N
3,-100.0,-100.0,-100.0,-100.0,-100.0,N
4,-100.0,-100.0,-100.0,-100.0,-100.0,N
5,-100.0,-100.0,-100.0,-100.0,-100.0,N
6,0.666,0.969,0.8175,0.8175,0.21425335469952386,N
7,-100.0,-100.0,-100.0,-100.0,-100.0,N
8,-100.0,-100.0,-100.0,-100.0,-100.0,N
9,-100.0,-100.0,-100.0,-100.0,-100.0,N
10,-100.0,-100.0,-100.0,-100.0,-100.0,N
11,0.719,0.882,0.8005,0.8005,0.11525840533340727,N
12,-100.0,-100.0,-100.0,-100.0,-100.0,N
13,-100.0,-100.0,-100.0,-100.0,-100.0,N
14,-100.0,-100.0,-100.0,-100.0,-100.0,N
15,-100.0,-100.0,-100.0,-100.0,-100.0,N
16,-100.0,-100.0,-100.0,-100.0,-100.0,N
17,-100.0,-100.0,-100.0,-100.0,-100.0,N
18,-100.0,-100.0,-100.0,-100.0,-100.0,N
19,-100.0,-100.0,-100.0,-100.0,-100.0,N
20,0.798,0.802,0.8,0.8,0.0028284271247461927,N
21,-100.0,-100.0,-100.0,-100.0,-100.0,N
22,0.768,0.815,0.7915,0.7915,0.033234018715767685,N
23,-100.0,-100.0,-100.0,-100.0,-100.0,N
24,-100.0,-100.0,-100.0,-100.0,-100.0,N
25,0.846,0.969,0.9075,0.9075,0.08697413408594534,N
26,-100.0,-100.0,-100.0,-100.0,-100.0,N
27,0.698,0.787,0.7424999999999999,0.7424999999999999,0.06293250352560278,N
28,0.698,0.787,0.7424999999999999,0.7424999999999999,0.06293250352560278,N
29,-100.0,-100.0,-100.0,-100.0,-100.0,N
30,-100.0,-100.0,-100.0,-100.0,-100.0,N
31,0.666,0.969,0.8175,0.8175,0.21425335469952386,N
32,0.75,0.799,0.7745,0.7745,0.03464823227814086,N
33,-100.0,-100.0,-100.0,-100.0,-100.0,N
34,-100.0,-100.0,-100.0,-100.0,-100.0,N
35,-100.0,-100.0,-100.0,-100.0,-100.0,N
36,0.779,0.835,0.8069999999999999,0.8069999999999999,0.03959797974644662,N
37,-100.0,-100.0,-100.0,-100.0,-100.0,N
38,0.717,0.8,0.7585,0.7585,0.0586898628384835,N
39,0.78,0.815,0.7975,0.7975,0.024748737341529107,N
40,0.666,0.969,0.8175,0.8175,0.21425335469952386,N
41,-100.0,-100.0,-100.0,-100.0,-100.0,N
42,-100.0,-100.0,-100.0,-100.0,-100.0,N
43,-100.0,-100.0,-100.0,-100.0,-100.0,N
44,0.75,0.799,0.7745,0.7745,0.03464823227814086,N
45,-100.0,-100.0,-100.0,-100.0,-100.0,N
46,0.75,0.799,0.7745,0.7745,0.03464823227814086,N
47,-100.0,-100.0,-100.0,-100.0,-100.0,N
48,0.765,0.787,0.776,0.776,0.01555634918610406,N
49,0.779,0.835,0.8069999999999999,0.8069999999999999,0.03959797974644662,N
50,-100.0,-100.0,-100.0,-100.0,-100.0,N
51,-100.0,-100.0,-100.0,-100.0,-100.0,N
52,0.639,0.911,0.775,0.775,0.19233304448274094,N
53,-100.0,-100.0,-100.0,-100.0,-100.0,N
54,-100.0,-100.0,-100.0,-100.0,-100.0,N
55,0.798,0.802,0.8,0.8,0.0028284271247461927,N
56,-100.0,-100.0,-100.0,-100.0,-100.0,N
57,0.765,0.787,0.776,0.776,0.01555634918610406,N
58,0.798,0.802,0.8,0.8,0.0028284271247461927,N
59,-100.0,-100.0,-100.0,-100.0,-100.0,N
60,0.78,0.815,0.7975,0.7975,0.024748737341529107,N
61,-100.0,-100.0,-100.0,-100.0,-100.0,N
62,0.765,0.787,0.776,0.776,0.01555634918610406,N
63,-100.0,-100.0,-100.0,-100.0,-100.0,N
64,-100.0,-100.0,-100.0,-100.0,-100.0,N
65,-100.0,-100.0,-100.0,-100.0,-100.0,N
66,-100.0,-100.0,-100.0,-100.0,-100.0,N
67,-100.0,-100.0,-100.0,-100.0,-100.0,N
68,-100.0,-100.0,-100.0,-100.0,-100.0,N
69,0.666,0.969,0.8175,0.8175,0.21425335469952386,N
70,0.779,0.835,0.8069999999999999,0.8069999999999999,0.03959797974644662,N
71,-100.0,-100.0,-100.0,-100.0,-100.0,N
72,-100.0,-100.0,-100.0,-100.0,-100.0,N
73,-100.0,-100.0,-100.0,-100.0,-100.0,N
74,-100.0,-100.0,-100.0,-100.0,-100.0,N
75,-100.0,-100.0,-100.0,-100.0,-100.0,N
76,0.717,0.8,0.7585,0.7585,0.0586898628384835,N
77,-100.0,-100.0,-100.0,-100.0,-100.0,N
78,-100.0,-100.0,-100.0,-100.0,-100.0,N
79,-100.0,-100.0,-100.0,-100.0,-100.0,N
80,0.717,0.8,0.7585,0.7585,0.0586898628384835,N
81,0.78,0.815,0.7975,0.7975,0.024748737341529107,N
82,-100.0,-100.0,-100.0,-100.0,-100.0,N
83,-100.0,-100.0,-100.0,-100.0,-100.0,N
84,-100.0,-100.0,-100.0,-100.0,-100.0,N
85,0.78,0.815,0.7975,0.7975,0.024748737341529107,N
86,-100.0,-100.0,-100.0,-100.0,-100.0,N
87,-100.0,-100.0,-100.0,-100.0,-100.0,N
88,0.666,0.969,0.8175,0.8175,0.21425335469952386,N
89,-100.0,-100.0,-100.0,-100.0,-100.0,N
90,0.75,0.902,0.8260000000000001,0.8260000000000001,0.10748023074035525,N
91,-100.0,-100.0,-100.0,-100.0,-100.0,N
92,-100.0,-100.0,-100.0,-100.0,-100.0,N
93,0.75,0.799,0.7745,0.7745,0.03464823227814086,N
94,-100.0,-100.0,-100.0,-100.0,-100.0,N
95,0.717,0.8,0.7585,0.7585,0.0586898628384835,N
96,0.719,0.882,0.8005,0.8005,0.11525840533340727,N
97,-100.0,-100.0,-100.0,-100.0,-100.0,N
98,-100.0,-100.0,-100.0,-100.0,-100.0,N
99,-100.0,-100.0,-100.0,-100.0,-100.0,N
100,-100.0,-100.0,-100.0,-100.0,-100.0,N
101,-100.0,-100.0,-100.0,-100.0,-100.0,N
102,0.765,0.787,0.776,0.776,0.01555634918610406,N
103,0.75,0.799,0.7745,0.7745,0.03464823227814086,N
104,-100.0,-100.0,-100.0,-100.0,-100.0,N
105,0.75,0.799,0.7745,0.7745,0.03464823227814086,N
106,0.798,0.802,0.8,0.8,0.0028284271247461927,N
107,-100.0,-100.0,-100.0,-100.0,-100.0,N
108,-100.0,-100.0,-100.0,-100.0,-100.0,N
109,-100.0,-100.0,-100.0,-100.0,-100.0,N
110,0.78,0.815,0.7975,0.7975,0.024748737341529107,N
111,-100.0,-100.0,-100.0,-100.0,-100.0,N
112,-100.0,-100.0,-100.0,-100.0,-100.0,N
113,-100.0,-100.0,-100.0,-100.0,-100.0,N
114,0.745,0.783,0.764,0.764,0.02687005768508883,N
115,-100.0,-100.0,-100.0,-100.0,-100.0,N
116,-100.0,-100.0,-100.0,-100.0,-100.0,N
117,0.779,0.835,0.8069999999999999,0.8069999999999999,0.03959797974644662,N
118,-100.0,-100.0,-100.0,-100.0,-100.0,N
119,-100.0,-100.0,-100.0,-100.0,-100.0,N
120,0.666,0.969,0.8175,0.8175,0.21425335469952386,N
121,0.819,0.835,0.827,0.827,0.01131370849898477,N
122,-100.0,-100.0,-100.0,-100.0,-100.0,N
123,0.765,0.787,0.776,0.776,0.01555634918610406,N
124,0.717,0.8,0.7585,0.7585,0.0586898628384835,N
125,-100.0,-100.0,-100.0,-100.0,-100.0,N
126,0.78,0.815,0.7975,0.7975,0.024748737341529107,N
127,0.75,0.902,0.8260000000000001,0.8260000000000001,0.10748023074035525,N
128,-100.0,-100.0,-100.0,-100.0,-100.0,N
129,-100.0,-100.0,-100.0,-100.0,-100.0,N
130,0.666,0.969,0.8175,0.8175,0.21425335469952386,N
131,0.765,0.787,0.776,0.776,0.01555634918610406,N
132,-100.0,-100.0,-100.0,-100.0,-100.0,N
133,0.779,0.835,0.8069999999999999,0.8069999999999999,0.03959797974644662,N
134,-100.0,-100.0,-100.0,-100.0,-100.0,N
135,-100.0,-100.0,-100.0,-100.0,-100.0,N
136,0.846,0.969,0.9075,0.9075,0.08697413408594534,N
137,-100.0,-100.0,-100.0,-100.0,-100.0,N
138,-100.0,-100.0,-100.0,-100.0,-100.0,N
139,0.798,0.802,0.8,0.8,0.0028284271247461927,N
140,-100.0,-100.0,-100.0,-100.0,-100.0,N
141,-100.0,-100.0,-100.0,-100.0,-100.0,N
142,-100.0,-100.0,-100.0,-100.0,-100.0,N
143,-100.0,-100.0,-100.0,-100.0,-100.0,N
144,-100.0,-100.0,-100.0,-100.0,-100.0,N
145,0.717,0.866,0.7915,0.7915,0.1053589103967956,N
146,-100.0,-100.0,-100.0,-100.0,-100.0,N
147,-100.0,-100.0,-100.0,-100.0,-100.0,N
148,0.765,0.787,0.776,0.776,0.01555634918610406,N
149,-100.0,-100.0,-100.0,-100.0,-100.0,N
150,0.75,0.902,0.8260000000000001,0.8260000000000001,0.10748023074035525,N
151,0.768,0.815,0.7915,0.7915,0.033234018715767685,N
152,0.717,0.8,0.7585,0.7585,0.0586898628384835,N
153,0.666,0.969,0.8175,0.8175,0.21425335469952386,N
154,-100.0,-100.0,-100.0,-100.0,-100.0,N
155,-100.0,-100.0,-100.0,-100.0,-100.0,N
156,0.717,0.8,0.7585,0.7585,0.0586898628384835,N
157,-100.0,-100.0,-100.0,-100.0,-100.0,N
158,-100.0,-100.0,-100.0,-100.0,-100.0,N
159,-100.0,-100.0,-100.0,-100.0,-100.0,N
160,0.779,0.835,0.8069999999999999,0.8069999999999999,0.03959797974644662,N
161,-100.0,-100.0,-100.0,-100.0,-100.0,N
162,0.639,0.911,0.775,0.775,0.19233304448274094,N
163,0.717,0.866,0.7915,0.7915,0.1053589103967956,N
164,-100.0,-100.0,-100.0,-100.0,-100.0,N
165,0.745,0.783,0.764,0.764,0.02687005768508883,N
166,-100.0,-100.0,-100.0,-100.0,-100.0,N
167,0.719,0.882,0.8005,0.8005,0.11525840533340727,N
168,-100.0,-100.0,-100.0,-100.0,-100.0,N
169,-100.0,-100.0,-100.0,-100.0,-100.0,N
170,0.78,0.815,0.7975,0.7975,0.024748737341529107,N
171,0.779,0.835,0.8069999999999999,0.8069999999999999,0.03959797974644662,N
172,-100.0,-100.0,-100.0,-100.0,-100.0,N
173,0.78,0.815,0.7975,0.7975,0.024748737341529107,N
174,0.798,0.802,0.8,0.8,0.0028284271247461927,N
175,-100.0,-100.0,-100.0,-100.0,-100.0,N
176,-100.0,-100.0,-100.0,-100.0,-100.0,N
177,-100.0,-100.0,-100.0,-100.0,-100.0,N
178,-100.0,-100.0,-100.0,-100.0,-100.0,N
179,-100.0,-100.0,-100.0,-100.0,-100.0,N
180,0.846,0.969,0.9075,0.9075,0.08697413408594534,N
181,0.717,0.8,0.7585,0.7585,0.0586898628384835,N
182,0.75,0.799,0.7745,0.7745,0.03464823227814086,N
183,0.798,0.802,0.8,0.8,0.0028284271247461927,N
184,-100.0,-100.0,-100.0,-100.0,-100.0,N
185,0.639,0.911,0.775,0.775,0.19233304448274094,N
186,-100.0,-100.0,-100.0,-100.0,-100.0,N
187,-100.0,-100.0,-100.0,-100.0,-100.0,N
188,-100.0,-100.0,-100.0,-100.0,-100.0,N
189,-100.0,-100.0,-100.0,-100.0,-100.0,N
190,0.745,0.783,0.764,0.764,0.02687005768508883,N
191,-100.0,-100.0,-100.0,-100.0,-100.0,N
192,0.798,0.802,0.8,0.8,0.0028284271247461927,N
193,0.765,0.787,0.776,0.776,0.01555634918610406,N
194,0.779,0.835,0.8069999999999999,0.8069999999999999,0.03959797974644662,N
195,-100.0,-100.0,-100.0,-100.0,-100.0,N
196,-100.0,-100.0,-100.0,-100.0,-100.0,N
197,-100.0,-100.0,-100.0,-100.0,-100.0,N
198,-100.0,-100.0,-100.0,-100.0,-100.0,N
